[2026-06-11 21:39:38:608] [INFO] - org.springframework.test.context.support.AbstractTestContextBootstrapper.buildDefaultMergedContextConfiguration(AbstractTestContextBootstrapper.java:308) - Neither @ContextConfiguration nor @ContextHierarchy found for test class [cn.jackbin.SimpleRecord.mapper.PermissionMapperTest], using SpringBootContextLoader
[2026-06-11 21:39:38:617] [INFO] - org.springframework.test.context.support.AbstractContextLoader.generateDefaultLocations(AbstractContextLoader.java:264) - Could not detect default resource locations for test class [cn.jackbin.SimpleRecord.mapper.PermissionMapperTest]: no resource found for suffixes {-context.xml, Context.groovy}.
[2026-06-11 21:39:38:619] [INFO] - org.springframework.test.context.support.AnnotationConfigContextLoaderUtils.detectDefaultConfigurationClasses(AnnotationConfigContextLoaderUtils.java:83) - Could not detect default configuration classes for test class [cn.jackbin.SimpleRecord.mapper.PermissionMapperTest]: PermissionMapperTest does not declare any static, non-private, non-final, nested classes annotated with @Configuration.
[2026-06-11 21:39:38:898] [INFO] - org.springframework.boot.test.context.SpringBootTestContextBootstrapper.getOrFindConfigurationClasses(SpringBootTestContextBootstrapper.java:237) - Found @SpringBootConfiguration cn.jackbin.SimpleRecord.SpringbootSimpleRecordApplication for test class cn.jackbin.SimpleRecord.mapper.PermissionMapperTest
[2026-06-11 21:39:39:020] [INFO] - org.springframework.test.context.support.AbstractTestContextBootstrapper.getDefaultTestExecutionListenerClassNames(AbstractTestContextBootstrapper.java:248) - Loaded default TestExecutionListener class names from location [META-INF/spring.factories]: [org.springframework.boot.test.mock.mockito.MockitoTestExecutionListener, org.springframework.boot.test.mock.mockito.ResetMocksTestExecutionListener, org.springframework.boot.test.autoconfigure.restdocs.RestDocsTestExecutionListener, org.springframework.boot.test.autoconfigure.web.client.MockRestServiceServerResetTestExecutionListener, org.springframework.boot.test.autoconfigure.web.servlet.MockMvcPrintOnlyOnFailureTestExecutionListener, org.springframework.boot.test.autoconfigure.web.servlet.WebDriverTestExecutionListener, org.springframework.boot.test.autoconfigure.webservices.client.MockWebServiceServerTestExecutionListener, org.springframework.test.context.web.ServletTestExecutionListener, org.springframework.test.context.support.DirtiesContextBeforeModesTestExecutionListener, org.springframework.test.context.support.DependencyInjectionTestExecutionListener, org.springframework.test.context.support.DirtiesContextTestExecutionListener, org.springframework.test.context.transaction.TransactionalTestExecutionListener, org.springframework.test.context.jdbc.SqlScriptsTestExecutionListener, org.springframework.test.context.event.EventPublishingTestExecutionListener]
[2026-06-11 21:39:39:039] [INFO] - org.springframework.test.context.support.AbstractTestContextBootstrapper.getTestExecutionListeners(AbstractTestContextBootstrapper.java:177) - Using TestExecutionListeners: [org.springframework.test.context.web.ServletTestExecutionListener@452e26d0, org.springframework.test.context.support.DirtiesContextBeforeModesTestExecutionListener@46ab18da, org.springframework.boot.test.mock.mockito.MockitoTestExecutionListener@790174f2, org.springframework.boot.test.autoconfigure.SpringBootDependencyInjectionTestExecutionListener@42257bdd, org.springframework.test.context.support.DirtiesContextTestExecutionListener@7689ddef, org.springframework.test.context.transaction.TransactionalTestExecutionListener@687a762c, org.springframework.test.context.jdbc.SqlScriptsTestExecutionListener@1a2e2935, org.springframework.test.context.event.EventPublishingTestExecutionListener@733c423e, org.springframework.boot.test.mock.mockito.ResetMocksTestExecutionListener@4b629f13, org.springframework.boot.test.autoconfigure.restdocs.RestDocsTestExecutionListener@70925b45, org.springframework.boot.test.autoconfigure.web.client.MockRestServiceServerResetTestExecutionListener@1b9ea3e3, org.springframework.boot.test.autoconfigure.web.servlet.MockMvcPrintOnlyOnFailureTestExecutionListener@aa22f1c, org.springframework.boot.test.autoconfigure.web.servlet.WebDriverTestExecutionListener@55e7a35c, org.springframework.boot.test.autoconfigure.webservices.client.MockWebServiceServerTestExecutionListener@37cd92d6]
[2026-06-11 21:39:39:295] [INFO] - org.springframework.test.context.support.AbstractTestContextBootstrapper.buildDefaultMergedContextConfiguration(AbstractTestContextBootstrapper.java:308) - Neither @ContextConfiguration nor @ContextHierarchy found for test class [cn.jackbin.SimpleRecord.mapper.PermissionMapperTest], using SpringBootContextLoader
[2026-06-11 21:39:39:296] [INFO] - org.springframework.test.context.support.AbstractContextLoader.generateDefaultLocations(AbstractContextLoader.java:264) - Could not detect default resource locations for test class [cn.jackbin.SimpleRecord.mapper.PermissionMapperTest]: no resource found for suffixes {-context.xml, Context.groovy}.
[2026-06-11 21:39:39:297] [INFO] - org.springframework.test.context.support.AnnotationConfigContextLoaderUtils.detectDefaultConfigurationClasses(AnnotationConfigContextLoaderUtils.java:83) - Could not detect default configuration classes for test class [cn.jackbin.SimpleRecord.mapper.PermissionMapperTest]: PermissionMapperTest does not declare any static, non-private, non-final, nested classes annotated with @Configuration.
[2026-06-11 21:39:39:299] [INFO] - org.springframework.boot.test.context.SpringBootTestContextBootstrapper.getOrFindConfigurationClasses(SpringBootTestContextBootstrapper.java:237) - Found @SpringBootConfiguration cn.jackbin.SimpleRecord.SpringbootSimpleRecordApplication for test class cn.jackbin.SimpleRecord.mapper.PermissionMapperTest
[2026-06-11 21:39:39:303] [INFO] - org.springframework.test.context.support.AbstractTestContextBootstrapper.getDefaultTestExecutionListenerClassNames(AbstractTestContextBootstrapper.java:248) - Loaded default TestExecutionListener class names from location [META-INF/spring.factories]: [org.springframework.boot.test.mock.mockito.MockitoTestExecutionListener, org.springframework.boot.test.mock.mockito.ResetMocksTestExecutionListener, org.springframework.boot.test.autoconfigure.restdocs.RestDocsTestExecutionListener, org.springframework.boot.test.autoconfigure.web.client.MockRestServiceServerResetTestExecutionListener, org.springframework.boot.test.autoconfigure.web.servlet.MockMvcPrintOnlyOnFailureTestExecutionListener, org.springframework.boot.test.autoconfigure.web.servlet.WebDriverTestExecutionListener, org.springframework.boot.test.autoconfigure.webservices.client.MockWebServiceServerTestExecutionListener, org.springframework.test.context.web.ServletTestExecutionListener, org.springframework.test.context.support.DirtiesContextBeforeModesTestExecutionListener, org.springframework.test.context.support.DependencyInjectionTestExecutionListener, org.springframework.test.context.support.DirtiesContextTestExecutionListener, org.springframework.test.context.transaction.TransactionalTestExecutionListener, org.springframework.test.context.jdbc.SqlScriptsTestExecutionListener, org.springframework.test.context.event.EventPublishingTestExecutionListener]
[2026-06-11 21:39:39:304] [INFO] - org.springframework.test.context.support.AbstractTestContextBootstrapper.getTestExecutionListeners(AbstractTestContextBootstrapper.java:177) - Using TestExecutionListeners: [org.springframework.test.context.web.ServletTestExecutionListener@2e6ee0bc, org.springframework.test.context.support.DirtiesContextBeforeModesTestExecutionListener@4201a617, org.springframework.boot.test.mock.mockito.MockitoTestExecutionListener@467f77a5, org.springframework.boot.test.autoconfigure.SpringBootDependencyInjectionTestExecutionListener@1bb9aa43, org.springframework.test.context.support.DirtiesContextTestExecutionListener@420bc288, org.springframework.test.context.transaction.TransactionalTestExecutionListener@df5f5c0, org.springframework.test.context.jdbc.SqlScriptsTestExecutionListener@308a6984, org.springframework.test.context.event.EventPublishingTestExecutionListener@66b72664, org.springframework.boot.test.mock.mockito.ResetMocksTestExecutionListener@7a34b7b8, org.springframework.boot.test.autoconfigure.restdocs.RestDocsTestExecutionListener@58cd06cb, org.springframework.boot.test.autoconfigure.web.client.MockRestServiceServerResetTestExecutionListener@3be8821f, org.springframework.boot.test.autoconfigure.web.servlet.MockMvcPrintOnlyOnFailureTestExecutionListener@64b31700, org.springframework.boot.test.autoconfigure.web.servlet.WebDriverTestExecutionListener@3b65e559, org.springframework.boot.test.autoconfigure.webservices.client.MockWebServiceServerTestExecutionListener@bae47a0]
[2026-06-11 21:39:41:909] [INFO] - org.springframework.test.context.support.AbstractTestContextBootstrapper.buildDefaultMergedContextConfiguration(AbstractTestContextBootstrapper.java:308) - Neither @ContextConfiguration nor @ContextHierarchy found for test class [cn.jackbin.SimpleRecord.SpringBootSimpleRecordApplicationTest], using SpringBootContextLoader
[2026-06-11 21:39:41:912] [INFO] - org.springframework.test.context.support.AbstractContextLoader.generateDefaultLocations(AbstractContextLoader.java:264) - Could not detect default resource locations for test class [cn.jackbin.SimpleRecord.SpringBootSimpleRecordApplicationTest]: no resource found for suffixes {-context.xml, Context.groovy}.
[2026-06-11 21:39:41:913] [INFO] - org.springframework.test.context.support.AnnotationConfigContextLoaderUtils.detectDefaultConfigurationClasses(AnnotationConfigContextLoaderUtils.java:83) - Could not detect default configuration classes for test class [cn.jackbin.SimpleRecord.SpringBootSimpleRecordApplicationTest]: SpringBootSimpleRecordApplicationTest does not declare any static, non-private, non-final, nested classes annotated with @Configuration.
[2026-06-11 21:39:41:920] [INFO] - org.springframework.boot.test.context.SpringBootTestContextBootstrapper.getOrFindConfigurationClasses(SpringBootTestContextBootstrapper.java:237) - Found @SpringBootConfiguration cn.jackbin.SimpleRecord.SpringbootSimpleRecordApplication for test class cn.jackbin.SimpleRecord.SpringBootSimpleRecordApplicationTest
[2026-06-11 21:39:41:922] [INFO] - org.springframework.test.context.support.AbstractTestContextBootstrapper.getDefaultTestExecutionListenerClassNames(AbstractTestContextBootstrapper.java:248) - Loaded default TestExecutionListener class names from location [META-INF/spring.factories]: [org.springframework.boot.test.mock.mockito.MockitoTestExecutionListener, org.springframework.boot.test.mock.mockito.ResetMocksTestExecutionListener, org.springframework.boot.test.autoconfigure.restdocs.RestDocsTestExecutionListener, org.springframework.boot.test.autoconfigure.web.client.MockRestServiceServerResetTestExecutionListener, org.springframework.boot.test.autoconfigure.web.servlet.MockMvcPrintOnlyOnFailureTestExecutionListener, org.springframework.boot.test.autoconfigure.web.servlet.WebDriverTestExecutionListener, org.springframework.boot.test.autoconfigure.webservices.client.MockWebServiceServerTestExecutionListener, org.springframework.test.context.web.ServletTestExecutionListener, org.springframework.test.context.support.DirtiesContextBeforeModesTestExecutionListener, org.springframework.test.context.support.DependencyInjectionTestExecutionListener, org.springframework.test.context.support.DirtiesContextTestExecutionListener, org.springframework.test.context.transaction.TransactionalTestExecutionListener, org.springframework.test.context.jdbc.SqlScriptsTestExecutionListener, org.springframework.test.context.event.EventPublishingTestExecutionListener]
[2026-06-11 21:39:41:923] [INFO] - org.springframework.test.context.support.AbstractTestContextBootstrapper.getTestExecutionListeners(AbstractTestContextBootstrapper.java:177) - Using TestExecutionListeners: [org.springframework.test.context.web.ServletTestExecutionListener@3321291a, org.springframework.test.context.support.DirtiesContextBeforeModesTestExecutionListener@3dc46f24, org.springframework.boot.test.mock.mockito.MockitoTestExecutionListener@76af34b5, org.springframework.boot.test.autoconfigure.SpringBootDependencyInjectionTestExecutionListener@3313463c, org.springframework.test.context.support.DirtiesContextTestExecutionListener@9c0d0bd, org.springframework.test.context.transaction.TransactionalTestExecutionListener@176333ee, org.springframework.test.context.jdbc.SqlScriptsTestExecutionListener@18e6b72b, org.springframework.test.context.event.EventPublishingTestExecutionListener@316d30ad, org.springframework.boot.test.mock.mockito.ResetMocksTestExecutionListener@3ea75b05, org.springframework.boot.test.autoconfigure.restdocs.RestDocsTestExecutionListener@30d5e37c, org.springframework.boot.test.autoconfigure.web.client.MockRestServiceServerResetTestExecutionListener@1da745a2, org.springframework.boot.test.autoconfigure.web.servlet.MockMvcPrintOnlyOnFailureTestExecutionListener@4597e6e3, org.springframework.boot.test.autoconfigure.web.servlet.WebDriverTestExecutionListener@41ece227, org.springframework.boot.test.autoconfigure.webservices.client.MockWebServiceServerTestExecutionListener@5e3d2765]
[2026-06-11 21:39:42:340] [INFO] - org.springframework.boot.StartupInfoLogger.logStarting(StartupInfoLogger.java:55) - Starting SpringBootSimpleRecordApplicationTest on LAPTOP-4P0OPOK9 with PID 29616 (started by 13292 in C:\Users\13292\Desktop\claudel1\reposNew\task30)
[2026-06-11 21:39:42:344] [INFO] - org.springframework.boot.SpringApplication.logStartupProfileInfo(SpringApplication.java:655) - The following profiles are active: dev
[2026-06-11 21:39:46:018] [INFO] - org.springframework.data.repository.config.RepositoryConfigurationDelegate.multipleStoresDetected(RepositoryConfigurationDelegate.java:249) - Multiple Spring Data modules found, entering strict repository configuration mode!
[2026-06-11 21:39:46:023] [INFO] - org.springframework.data.repository.config.RepositoryConfigurationDelegate.registerRepositoriesIn(RepositoryConfigurationDelegate.java:127) - Bootstrapping Spring Data Redis repositories in DEFAULT mode.
[2026-06-11 21:39:46:114] [INFO] - org.springframework.data.repository.config.RepositoryConfigurationDelegate.registerRepositoriesIn(RepositoryConfigurationDelegate.java:187) - Finished Spring Data repository scanning in 65ms. Found 0 Redis repository interfaces.
[2026-06-11 21:39:46:890] [INFO] - org.springframework.context.support.PostProcessorRegistrationDelegate$BeanPostProcessorChecker.postProcessAfterInitialization(PostProcessorRegistrationDelegate.java:335) - Bean 'org.springframework.security.access.expression.method.DefaultMethodSecurityExpressionHandler@1bcdd302' of type [org.springframework.security.access.expression.method.DefaultMethodSecurityExpressionHandler] is not eligible for getting processed by all BeanPostProcessors (for example: not eligible for auto-proxying)
[2026-06-11 21:39:46:908] [INFO] - org.springframework.context.support.PostProcessorRegistrationDelegate$BeanPostProcessorChecker.postProcessAfterInitialization(PostProcessorRegistrationDelegate.java:335) - Bean 'methodSecurityMetadataSource' of type [org.springframework.security.access.method.DelegatingMethodSecurityMetadataSource] is not eligible for getting processed by all BeanPostProcessors (for example: not eligible for auto-proxying)
[2026-06-11 21:39:47:856] [WARN] - org.springframework.context.support.AbstractApplicationContext.refresh(AbstractApplicationContext.java:559) - Exception encountered during context initialization - cancelling refresh attempt: org.springframework.beans.factory.UnsatisfiedDependencyException: Error creating bean with name 'sharedBookPermissionChecker': Unsatisfied dependency expressed through field 'sharedBookService'; nested exception is org.springframework.beans.factory.UnsatisfiedDependencyException: Error creating bean with name 'sharedBookServiceImpl': Unsatisfied dependency expressed through field 'baseMapper'; nested exception is org.springframework.beans.factory.UnsatisfiedDependencyException: Error creating bean with name 'sharedBookMemberMapper' defined in file [C:\Users\13292\Desktop\claudel1\reposNew\task30\target\classes\cn\jackbin\SimpleRecord\mapper\SharedBookMemberMapper.class]: Unsatisfied dependency expressed through bean property 'sqlSessionFactory'; nested exception is org.springframework.beans.factory.BeanCreationException: Error creating bean with name 'sqlSessionFactory' defined in class path resource [com/baomidou/mybatisplus/autoconfigure/MybatisPlusAutoConfiguration.class]: Bean instantiation via factory method failed; nested exception is org.springframework.beans.BeanInstantiationException: Failed to instantiate [org.apache.ibatis.session.SqlSessionFactory]: Factory method 'sqlSessionFactory' threw exception; nested exception is org.springframework.core.NestedIOException: Failed to parse mapping resource: 'file [C:\Users\13292\Desktop\claudel1\reposNew\task30\target\classes\mapper\BudgetMapper.xml]'; nested exception is org.apache.ibatis.builder.BuilderException: Error parsing Mapper XML. The XML location is 'file [C:\Users\13292\Desktop\claudel1\reposNew\task30\target\classes\mapper\BudgetMapper.xml]'. Cause: org.apache.ibatis.builder.BuilderException: Error resolving class. Cause: org.apache.ibatis.type.TypeException: Could not resolve type alias 'cn.jackbin.SimpleRecord.dto.BudgetExecutionDTO'.  Cause: java.lang.ClassNotFoundException: Cannot find class: cn.jackbin.SimpleRecord.dto.BudgetExecutionDTO
[2026-06-11 21:39:47:875] [ERROR] - org.springframework.boot.SpringApplication.reportFailure(SpringApplication.java:837) - Application run failed
org.springframework.beans.factory.UnsatisfiedDependencyException: Error creating bean with name 'sharedBookPermissionChecker': Unsatisfied dependency expressed through field 'sharedBookService'; nested exception is org.springframework.beans.factory.UnsatisfiedDependencyException: Error creating bean with name 'sharedBookServiceImpl': Unsatisfied dependency expressed through field 'baseMapper'; nested exception is org.springframework.beans.factory.UnsatisfiedDependencyException: Error creating bean with name 'sharedBookMemberMapper' defined in file [C:\Users\13292\Desktop\claudel1\reposNew\task30\target\classes\cn\jackbin\SimpleRecord\mapper\SharedBookMemberMapper.class]: Unsatisfied dependency expressed through bean property 'sqlSessionFactory'; nested exception is org.springframework.beans.factory.BeanCreationException: Error creating bean with name 'sqlSessionFactory' defined in class path resource [com/baomidou/mybatisplus/autoconfigure/MybatisPlusAutoConfiguration.class]: Bean instantiation via factory method failed; nested exception is org.springframework.beans.BeanInstantiationException: Failed to instantiate [org.apache.ibatis.session.SqlSessionFactory]: Factory method 'sqlSessionFactory' threw exception; nested exception is org.springframework.core.NestedIOException: Failed to parse mapping resource: 'file [C:\Users\13292\Desktop\claudel1\reposNew\task30\target\classes\mapper\BudgetMapper.xml]'; nested exception is org.apache.ibatis.builder.BuilderException: Error parsing Mapper XML. The XML location is 'file [C:\Users\13292\Desktop\claudel1\reposNew\task30\target\classes\mapper\BudgetMapper.xml]'. Cause: org.apache.ibatis.builder.BuilderException: Error resolving class. Cause: org.apache.ibatis.type.TypeException: Could not resolve type alias 'cn.jackbin.SimpleRecord.dto.BudgetExecutionDTO'.  Cause: java.lang.ClassNotFoundException: Cannot find class: cn.jackbin.SimpleRecord.dto.BudgetExecutionDTO
	at org.springframework.beans.factory.annotation.AutowiredAnnotationBeanPostProcessor$AutowiredFieldElement.inject(AutowiredAnnotationBeanPostProcessor.java:643) ~[spring-beans-5.2.7.RELEASE.jar:5.2.7.RELEASE]
	at org.springframework.beans.factory.annotation.InjectionMetadata.inject(InjectionMetadata.java:130) ~[spring-beans-5.2.7.RELEASE.jar:5.2.7.RELEASE]
	at org.springframework.beans.factory.annotation.AutowiredAnnotationBeanPostProcessor.postProcessProperties(AutowiredAnnotationBeanPostProcessor.java:399) ~[spring-beans-5.2.7.RELEASE.jar:5.2.7.RELEASE]
	at org.springframework.beans.factory.support.AbstractAutowireCapableBeanFactory.populateBean(AbstractAutowireCapableBeanFactory.java:1422) ~[spring-beans-5.2.7.RELEASE.jar:5.2.7.RELEASE]
	at org.springframework.beans.factory.support.AbstractAutowireCapableBeanFactory.doCreateBean(AbstractAutowireCapableBeanFactory.java:594) ~[spring-beans-5.2.7.RELEASE.jar:5.2.7.RELEASE]
	at org.springframework.beans.factory.support.AbstractAutowireCapableBeanFactory.createBean(AbstractAutowireCapableBeanFactory.java:517) ~[spring-beans-5.2.7.RELEASE.jar:5.2.7.RELEASE]
	at org.springframework.beans.factory.support.AbstractBeanFactory.lambda$doGetBean$0(AbstractBeanFactory.java:323) ~[spring-beans-5.2.7.RELEASE.jar:5.2.7.RELEASE]
	at org.springframework.beans.factory.support.DefaultSingletonBeanRegistry.getSingleton(DefaultSingletonBeanRegistry.java:226) ~[spring-beans-5.2.7.RELEASE.jar:5.2.7.RELEASE]
	at org.springframework.beans.factory.support.AbstractBeanFactory.doGetBean(AbstractBeanFactory.java:321) ~[spring-beans-5.2.7.RELEASE.jar:5.2.7.RELEASE]
	at org.springframework.beans.factory.support.AbstractBeanFactory.getBean(AbstractBeanFactory.java:202) ~[spring-beans-5.2.7.RELEASE.jar:5.2.7.RELEASE]
	at org.springframework.beans.factory.support.DefaultListableBeanFactory.preInstantiateSingletons(DefaultListableBeanFactory.java:893) ~[spring-beans-5.2.7.RELEASE.jar:5.2.7.RELEASE]
	at org.springframework.context.support.AbstractApplicationContext.finishBeanFactoryInitialization(AbstractApplicationContext.java:879) ~[spring-context-5.2.7.RELEASE.jar:5.2.7.RELEASE]
	at org.springframework.context.support.AbstractApplicationContext.refresh(AbstractApplicationContext.java:551) ~[spring-context-5.2.7.RELEASE.jar:5.2.7.RELEASE]
	at org.springframework.boot.SpringApplication.refresh(SpringApplication.java:758) ~[spring-boot-2.3.1.RELEASE.jar:2.3.1.RELEASE]
	at org.springframework.boot.SpringApplication.refresh(SpringApplication.java:750) ~[spring-boot-2.3.1.RELEASE.jar:2.3.1.RELEASE]
	at org.springframework.boot.SpringApplication.refreshContext(SpringApplication.java:397) ~[spring-boot-2.3.1.RELEASE.jar:2.3.1.RELEASE]
	at org.springframework.boot.SpringApplication.run(SpringApplication.java:315) ~[spring-boot-2.3.1.RELEASE.jar:2.3.1.RELEASE]
	at org.springframework.boot.test.context.SpringBootContextLoader.loadContext(SpringBootContextLoader.java:120) ~[spring-boot-test-2.3.1.RELEASE.jar:2.3.1.RELEASE]
	at org.springframework.test.context.cache.DefaultCacheAwareContextLoaderDelegate.loadContextInternal(DefaultCacheAwareContextLoaderDelegate.java:99) ~[spring-test-5.2.7.RELEASE.jar:5.2.7.RELEASE]
	at org.springframework.test.context.cache.DefaultCacheAwareContextLoaderDelegate.loadContext(DefaultCacheAwareContextLoaderDelegate.java:124) ~[spring-test-5.2.7.RELEASE.jar:5.2.7.RELEASE]
	at org.springframework.test.context.support.DefaultTestContext.getApplicationContext(DefaultTestContext.java:123) ~[spring-test-5.2.7.RELEASE.jar:5.2.7.RELEASE]
	at org.springframework.test.context.web.ServletTestExecutionListener.setUpRequestContextIfNecessary(ServletTestExecutionListener.java:190) ~[spring-test-5.2.7.RELEASE.jar:5.2.7.RELEASE]
	at org.springframework.test.context.web.ServletTestExecutionListener.prepareTestInstance(ServletTestExecutionListener.java:132) ~[spring-test-5.2.7.RELEASE.jar:5.2.7.RELEASE]
	at org.springframework.test.context.TestContextManager.prepareTestInstance(TestContextManager.java:244) ~[spring-test-5.2.7.RELEASE.jar:5.2.7.RELEASE]
	at org.springframework.test.context.junit.jupiter.SpringExtension.postProcessTestInstance(SpringExtension.java:98) ~[spring-test-5.2.7.RELEASE.jar:5.2.7.RELEASE]
	at org.junit.jupiter.engine.descriptor.ClassBasedTestDescriptor.lambda$invokeTestInstancePostProcessors$5(ClassBasedTestDescriptor.java:341) ~[junit-jupiter-engine-5.6.2.jar:5.6.2]
	at org.junit.jupiter.engine.descriptor.ClassBasedTestDescriptor.executeAndMaskThrowable(ClassBasedTestDescriptor.java:346) ~[junit-jupiter-engine-5.6.2.jar:5.6.2]
	at org.junit.jupiter.engine.descriptor.ClassBasedTestDescriptor.lambda$invokeTestInstancePostProcessors$6(ClassBasedTestDescriptor.java:341) ~[junit-jupiter-engine-5.6.2.jar:5.6.2]
	at java.util.stream.ReferencePipeline$3$1.accept(ReferencePipeline.java:197) ~[?:?]
	at java.util.stream.ReferencePipeline$2$1.accept(ReferencePipeline.java:179) ~[?:?]
	at java.util.ArrayList$ArrayListSpliterator.forEachRemaining(ArrayList.java:1625) ~[?:?]
	at java.util.stream.AbstractPipeline.copyInto(AbstractPipeline.java:509) ~[?:?]
	at java.util.stream.AbstractPipeline.wrapAndCopyInto(AbstractPipeline.java:499) ~[?:?]
	at java.util.stream.StreamSpliterators$WrappingSpliterator.forEachRemaining(StreamSpliterators.java:310) ~[?:?]
	at java.util.stream.Streams$ConcatSpliterator.forEachRemaining(Streams.java:735) ~[?:?]
	at java.util.stream.Streams$ConcatSpliterator.forEachRemaining(Streams.java:734) ~[?:?]
	at java.util.stream.ReferencePipeline$Head.forEach(ReferencePipeline.java:762) ~[?:?]
	at org.junit.jupiter.engine.descriptor.ClassBasedTestDescriptor.invokeTestInstancePostProcessors(ClassBasedTestDescriptor.java:340) ~[junit-jupiter-engine-5.6.2.jar:5.6.2]
	at org.junit.jupiter.engine.descriptor.ClassBasedTestDescriptor.instantiateAndPostProcessTestInstance(ClassBasedTestDescriptor.java:263) ~[junit-jupiter-engine-5.6.2.jar:5.6.2]
	at org.junit.jupiter.engine.descriptor.ClassBasedTestDescriptor.lambda$testInstancesProvider$2(ClassBasedTestDescriptor.java:256) ~[junit-jupiter-engine-5.6.2.jar:5.6.2]
	at java.util.Optional.orElseGet(Optional.java:364) ~[?:?]
	at org.junit.jupiter.engine.descriptor.ClassBasedTestDescriptor.lambda$testInstancesProvider$3(ClassBasedTestDescriptor.java:255) ~[junit-jupiter-engine-5.6.2.jar:5.6.2]
	at org.junit.jupiter.engine.execution.TestInstancesProvider.getTestInstances(TestInstancesProvider.java:29) ~[junit-jupiter-engine-5.6.2.jar:5.6.2]
	at org.junit.jupiter.engine.descriptor.TestMethodTestDescriptor.lambda$prepare$0(TestMethodTestDescriptor.java:108) ~[junit-jupiter-engine-5.6.2.jar:5.6.2]
	at org.junit.platform.engine.support.hierarchical.ThrowableCollector.execute(ThrowableCollector.java:73) ~[junit-platform-engine-1.6.2.jar:1.6.2]
	at org.junit.jupiter.engine.descriptor.TestMethodTestDescriptor.prepare(TestMethodTestDescriptor.java:107) ~[junit-jupiter-engine-5.6.2.jar:5.6.2]
	at org.junit.jupiter.engine.descriptor.TestMethodTestDescriptor.prepare(TestMethodTestDescriptor.java:71) ~[junit-jupiter-engine-5.6.2.jar:5.6.2]
	at org.junit.platform.engine.support.hierarchical.NodeTestTask.lambda$prepare$1(NodeTestTask.java:107) ~[junit-platform-engine-1.6.2.jar:1.6.2]
	at org.junit.platform.engine.support.hierarchical.ThrowableCollector.execute(ThrowableCollector.java:73) ~[junit-platform-engine-1.6.2.jar:1.6.2]
	at org.junit.platform.engine.support.hierarchical.NodeTestTask.prepare(NodeTestTask.java:107) ~[junit-platform-engine-1.6.2.jar:1.6.2]
	at org.junit.platform.engine.support.hierarchical.NodeTestTask.execute(NodeTestTask.java:75) ~[junit-platform-engine-1.6.2.jar:1.6.2]
	at java.util.ArrayList.forEach(ArrayList.java:1511) ~[?:?]
	at org.junit.platform.engine.support.hierarchical.SameThreadHierarchicalTestExecutorService.invokeAll(SameThreadHierarchicalTestExecutorService.java:38) ~[junit-platform-engine-1.6.2.jar:1.6.2]
	at org.junit.platform.engine.support.hierarchical.NodeTestTask.lambda$executeRecursively$5(NodeTestTask.java:139) ~[junit-platform-engine-1.6.2.jar:1.6.2]
	at org.junit.platform.engine.support.hierarchical.ThrowableCollector.execute(ThrowableCollector.java:73) ~[junit-platform-engine-1.6.2.jar:1.6.2]
	at org.junit.platform.engine.support.hierarchical.NodeTestTask.lambda$executeRecursively$7(NodeTestTask.java:125) ~[junit-platform-engine-1.6.2.jar:1.6.2]
	at org.junit.platform.engine.support.hierarchical.Node.around(Node.java:135) ~[junit-platform-engine-1.6.2.jar:1.6.2]
	at org.junit.platform.engine.support.hierarchical.NodeTestTask.lambda$executeRecursively$8(NodeTestTask.java:123) ~[junit-platform-engine-1.6.2.jar:1.6.2]
	at org.junit.platform.engine.support.hierarchical.ThrowableCollector.execute(ThrowableCollector.java:73) ~[junit-platform-engine-1.6.2.jar:1.6.2]
	at org.junit.platform.engine.support.hierarchical.NodeTestTask.executeRecursively(NodeTestTask.java:122) ~[junit-platform-engine-1.6.2.jar:1.6.2]
	at org.junit.platform.engine.support.hierarchical.NodeTestTask.execute(NodeTestTask.java:80) ~[junit-platform-engine-1.6.2.jar:1.6.2]
	at java.util.ArrayList.forEach(ArrayList.java:1511) ~[?:?]
	at org.junit.platform.engine.support.hierarchical.SameThreadHierarchicalTestExecutorService.invokeAll(SameThreadHierarchicalTestExecutorService.java:38) ~[junit-platform-engine-1.6.2.jar:1.6.2]
	at org.junit.platform.engine.support.hierarchical.NodeTestTask.lambda$executeRecursively$5(NodeTestTask.java:139) ~[junit-platform-engine-1.6.2.jar:1.6.2]
	at org.junit.platform.engine.support.hierarchical.ThrowableCollector.execute(ThrowableCollector.java:73) ~[junit-platform-engine-1.6.2.jar:1.6.2]
	at org.junit.platform.engine.support.hierarchical.NodeTestTask.lambda$executeRecursively$7(NodeTestTask.java:125) ~[junit-platform-engine-1.6.2.jar:1.6.2]
	at org.junit.platform.engine.support.hierarchical.Node.around(Node.java:135) ~[junit-platform-engine-1.6.2.jar:1.6.2]
	at org.junit.platform.engine.support.hierarchical.NodeTestTask.lambda$executeRecursively$8(NodeTestTask.java:123) ~[junit-platform-engine-1.6.2.jar:1.6.2]
	at org.junit.platform.engine.support.hierarchical.ThrowableCollector.execute(ThrowableCollector.java:73) ~[junit-platform-engine-1.6.2.jar:1.6.2]
	at org.junit.platform.engine.support.hierarchical.NodeTestTask.executeRecursively(NodeTestTask.java:122) ~[junit-platform-engine-1.6.2.jar:1.6.2]
	at org.junit.platform.engine.support.hierarchical.NodeTestTask.execute(NodeTestTask.java:80) ~[junit-platform-engine-1.6.2.jar:1.6.2]
	at org.junit.platform.engine.support.hierarchical.SameThreadHierarchicalTestExecutorService.submit(SameThreadHierarchicalTestExecutorService.java:32) ~[junit-platform-engine-1.6.2.jar:1.6.2]
	at org.junit.platform.engine.support.hierarchical.HierarchicalTestExecutor.execute(HierarchicalTestExecutor.java:57) ~[junit-platform-engine-1.6.2.jar:1.6.2]
	at org.junit.platform.engine.support.hierarchical.HierarchicalTestEngine.execute(HierarchicalTestEngine.java:51) ~[junit-platform-engine-1.6.2.jar:1.6.2]
	at org.junit.platform.launcher.core.DefaultLauncher.execute(DefaultLauncher.java:220) ~[junit-platform-launcher-1.3.1.jar:1.3.1]
	at org.junit.platform.launcher.core.DefaultLauncher.lambda$execute$6(DefaultLauncher.java:188) ~[junit-platform-launcher-1.3.1.jar:1.3.1]
	at org.junit.platform.launcher.core.DefaultLauncher.withInterceptedStreams(DefaultLauncher.java:202) [junit-platform-launcher-1.3.1.jar:1.3.1]
	at org.junit.platform.launcher.core.DefaultLauncher.execute(DefaultLauncher.java:181) [junit-platform-launcher-1.3.1.jar:1.3.1]
	at org.junit.platform.launcher.core.DefaultLauncher.execute(DefaultLauncher.java:128) [junit-platform-launcher-1.3.1.jar:1.3.1]
	at org.apache.maven.surefire.junitplatform.JUnitPlatformProvider.invokeAllTests(JUnitPlatformProvider.java:150) [surefire-junit-platform-2.22.2.jar:2.22.2]
	at org.apache.maven.surefire.junitplatform.JUnitPlatformProvider.invoke(JUnitPlatformProvider.java:124) [surefire-junit-platform-2.22.2.jar:2.22.2]
	at org.apache.maven.surefire.booter.ForkedBooter.invokeProviderInSameClassLoader(ForkedBooter.java:384) [surefire-booter-2.22.2.jar:2.22.2]
	at org.apache.maven.surefire.booter.ForkedBooter.runSuitesInProcess(ForkedBooter.java:345) [surefire-booter-2.22.2.jar:2.22.2]
	at org.apache.maven.surefire.booter.ForkedBooter.execute(ForkedBooter.java:126) [surefire-booter-2.22.2.jar:2.22.2]
	at org.apache.maven.surefire.booter.ForkedBooter.main(ForkedBooter.java:418) [surefire-booter-2.22.2.jar:2.22.2]
Caused by: org.springframework.beans.factory.UnsatisfiedDependencyException: Error creating bean with name 'sharedBookServiceImpl': Unsatisfied dependency expressed through field 'baseMapper'; nested exception is org.springframework.beans.factory.UnsatisfiedDependencyException: Error creating bean with name 'sharedBookMemberMapper' defined in file [C:\Users\13292\Desktop\claudel1\reposNew\task30\target\classes\cn\jackbin\SimpleRecord\mapper\SharedBookMemberMapper.class]: Unsatisfied dependency expressed through bean property 'sqlSessionFactory'; nested exception is org.springframework.beans.factory.BeanCreationException: Error creating bean with name 'sqlSessionFactory' defined in class path resource [com/baomidou/mybatisplus/autoconfigure/MybatisPlusAutoConfiguration.class]: Bean instantiation via factory method failed; nested exception is org.springframework.beans.BeanInstantiationException: Failed to instantiate [org.apache.ibatis.session.SqlSessionFactory]: Factory method 'sqlSessionFactory' threw exception; nested exception is org.springframework.core.NestedIOException: Failed to parse mapping resource: 'file [C:\Users\13292\Desktop\claudel1\reposNew\task30\target\classes\mapper\BudgetMapper.xml]'; nested exception is org.apache.ibatis.builder.BuilderException: Error parsing Mapper XML. The XML location is 'file [C:\Users\13292\Desktop\claudel1\reposNew\task30\target\classes\mapper\BudgetMapper.xml]'. Cause: org.apache.ibatis.builder.BuilderException: Error resolving class. Cause: org.apache.ibatis.type.TypeException: Could not resolve type alias 'cn.jackbin.SimpleRecord.dto.BudgetExecutionDTO'.  Cause: java.lang.ClassNotFoundException: Cannot find class: cn.jackbin.SimpleRecord.dto.BudgetExecutionDTO
	at org.springframework.beans.factory.annotation.AutowiredAnnotationBeanPostProcessor$AutowiredFieldElement.inject(AutowiredAnnotationBeanPostProcessor.java:643) ~[spring-beans-5.2.7.RELEASE.jar:5.2.7.RELEASE]
	at org.springframework.beans.factory.annotation.InjectionMetadata.inject(InjectionMetadata.java:130) ~[spring-beans-5.2.7.RELEASE.jar:5.2.7.RELEASE]
	at org.springframework.beans.factory.annotation.AutowiredAnnotationBeanPostProcessor.postProcessProperties(AutowiredAnnotationBeanPostProcessor.java:399) ~[spring-beans-5.2.7.RELEASE.jar:5.2.7.RELEASE]
	at org.springframework.beans.factory.support.AbstractAutowireCapableBeanFactory.populateBean(AbstractAutowireCapableBeanFactory.java:1422) ~[spring-beans-5.2.7.RELEASE.jar:5.2.7.RELEASE]
	at org.springframework.beans.factory.support.AbstractAutowireCapableBeanFactory.doCreateBean(AbstractAutowireCapableBeanFactory.java:594) ~[spring-beans-5.2.7.RELEASE.jar:5.2.7.RELEASE]
	at org.springframework.beans.factory.support.AbstractAutowireCapableBeanFactory.createBean(AbstractAutowireCapableBeanFactory.java:517) ~[spring-beans-5.2.7.RELEASE.jar:5.2.7.RELEASE]
	at org.springframework.beans.factory.support.AbstractBeanFactory.lambda$doGetBean$0(AbstractBeanFactory.java:323) ~[spring-beans-5.2.7.RELEASE.jar:5.2.7.RELEASE]
	at org.springframework.beans.factory.support.DefaultSingletonBeanRegistry.getSingleton(DefaultSingletonBeanRegistry.java:226) ~[spring-beans-5.2.7.RELEASE.jar:5.2.7.RELEASE]
	at org.springframework.beans.factory.support.AbstractBeanFactory.doGetBean(AbstractBeanFactory.java:321) ~[spring-beans-5.2.7.RELEASE.jar:5.2.7.RELEASE]
	at org.springframework.beans.factory.support.AbstractBeanFactory.getBean(AbstractBeanFactory.java:202) ~[spring-beans-5.2.7.RELEASE.jar:5.2.7.RELEASE]
	at org.springframework.beans.factory.config.DependencyDescriptor.resolveCandidate(DependencyDescriptor.java:276) ~[spring-beans-5.2.7.RELEASE.jar:5.2.7.RELEASE]
	at org.springframework.beans.factory.support.DefaultListableBeanFactory.doResolveDependency(DefaultListableBeanFactory.java:1304) ~[spring-beans-5.2.7.RELEASE.jar:5.2.7.RELEASE]
	at org.springframework.beans.factory.support.DefaultListableBeanFactory.resolveDependency(DefaultListableBeanFactory.java:1224) ~[spring-beans-5.2.7.RELEASE.jar:5.2.7.RELEASE]
	at org.springframework.beans.factory.annotation.AutowiredAnnotationBeanPostProcessor$AutowiredFieldElement.inject(AutowiredAnnotationBeanPostProcessor.java:640) ~[spring-beans-5.2.7.RELEASE.jar:5.2.7.RELEASE]
	... 84 more
Caused by: org.springframework.beans.factory.UnsatisfiedDependencyException: Error creating bean with name 'sharedBookMemberMapper' defined in file [C:\Users\13292\Desktop\claudel1\reposNew\task30\target\classes\cn\jackbin\SimpleRecord\mapper\SharedBookMemberMapper.class]: Unsatisfied dependency expressed through bean property 'sqlSessionFactory'; nested exception is org.springframework.beans.factory.BeanCreationException: Error creating bean with name 'sqlSessionFactory' defined in class path resource [com/baomidou/mybatisplus/autoconfigure/MybatisPlusAutoConfiguration.class]: Bean instantiation via factory method failed; nested exception is org.springframework.beans.BeanInstantiationException: Failed to instantiate [org.apache.ibatis.session.SqlSessionFactory]: Factory method 'sqlSessionFactory' threw exception; nested exception is org.springframework.core.NestedIOException: Failed to parse mapping resource: 'file [C:\Users\13292\Desktop\claudel1\reposNew\task30\target\classes\mapper\BudgetMapper.xml]'; nested exception is org.apache.ibatis.builder.BuilderException: Error parsing Mapper XML. The XML location is 'file [C:\Users\13292\Desktop\claudel1\reposNew\task30\target\classes\mapper\BudgetMapper.xml]'. Cause: org.apache.ibatis.builder.BuilderException: Error resolving class. Cause: org.apache.ibatis.type.TypeException: Could not resolve type alias 'cn.jackbin.SimpleRecord.dto.BudgetExecutionDTO'.  Cause: java.lang.ClassNotFoundException: Cannot find class: cn.jackbin.SimpleRecord.dto.BudgetExecutionDTO
	at org.springframework.beans.factory.support.AbstractAutowireCapableBeanFactory.autowireByType(AbstractAutowireCapableBeanFactory.java:1526) ~[spring-beans-5.2.7.RELEASE.jar:5.2.7.RELEASE]
	at org.springframework.beans.factory.support.AbstractAutowireCapableBeanFactory.populateBean(AbstractAutowireCapableBeanFactory.java:1406) ~[spring-beans-5.2.7.RELEASE.jar:5.2.7.RELEASE]
	at org.springframework.beans.factory.support.AbstractAutowireCapableBeanFactory.doCreateBean(AbstractAutowireCapableBeanFactory.java:594) ~[spring-beans-5.2.7.RELEASE.jar:5.2.7.RELEASE]
	at org.springframework.beans.factory.support.AbstractAutowireCapableBeanFactory.createBean(AbstractAutowireCapableBeanFactory.java:517) ~[spring-beans-5.2.7.RELEASE.jar:5.2.7.RELEASE]
	at org.springframework.beans.factory.support.AbstractBeanFactory.lambda$doGetBean$0(AbstractBeanFactory.java:323) ~[spring-beans-5.2.7.RELEASE.jar:5.2.7.RELEASE]
	at org.springframework.beans.factory.support.DefaultSingletonBeanRegistry.getSingleton(DefaultSingletonBeanRegistry.java:226) ~[spring-beans-5.2.7.RELEASE.jar:5.2.7.RELEASE]
	at org.springframework.beans.factory.support.AbstractBeanFactory.doGetBean(AbstractBeanFactory.java:321) ~[spring-beans-5.2.7.RELEASE.jar:5.2.7.RELEASE]
	at org.springframework.beans.factory.support.AbstractBeanFactory.getBean(AbstractBeanFactory.java:202) ~[spring-beans-5.2.7.RELEASE.jar:5.2.7.RELEASE]
	at org.springframework.beans.factory.config.DependencyDescriptor.resolveCandidate(DependencyDescriptor.java:276) ~[spring-beans-5.2.7.RELEASE.jar:5.2.7.RELEASE]
	at org.springframework.beans.factory.support.DefaultListableBeanFactory.doResolveDependency(DefaultListableBeanFactory.java:1304) ~[spring-beans-5.2.7.RELEASE.jar:5.2.7.RELEASE]
	at org.springframework.beans.factory.support.DefaultListableBeanFactory.resolveDependency(DefaultListableBeanFactory.java:1224) ~[spring-beans-5.2.7.RELEASE.jar:5.2.7.RELEASE]
	at org.springframework.beans.factory.annotation.AutowiredAnnotationBeanPostProcessor$AutowiredFieldElement.inject(AutowiredAnnotationBeanPostProcessor.java:640) ~[spring-beans-5.2.7.RELEASE.jar:5.2.7.RELEASE]
	at org.springframework.beans.factory.annotation.InjectionMetadata.inject(InjectionMetadata.java:130) ~[spring-beans-5.2.7.RELEASE.jar:5.2.7.RELEASE]
	at org.springframework.beans.factory.annotation.AutowiredAnnotationBeanPostProcessor.postProcessProperties(AutowiredAnnotationBeanPostProcessor.java:399) ~[spring-beans-5.2.7.RELEASE.jar:5.2.7.RELEASE]
	at org.springframework.beans.factory.support.AbstractAutowireCapableBeanFactory.populateBean(AbstractAutowireCapableBeanFactory.java:1422) ~[spring-beans-5.2.7.RELEASE.jar:5.2.7.RELEASE]
	at org.springframework.beans.factory.support.AbstractAutowireCapableBeanFactory.doCreateBean(AbstractAutowireCapableBeanFactory.java:594) ~[spring-beans-5.2.7.RELEASE.jar:5.2.7.RELEASE]
	at org.springframework.beans.factory.support.AbstractAutowireCapableBeanFactory.createBean(AbstractAutowireCapableBeanFactory.java:517) ~[spring-beans-5.2.7.RELEASE.jar:5.2.7.RELEASE]
	at org.springframework.beans.factory.support.AbstractBeanFactory.lambda$doGetBean$0(AbstractBeanFactory.java:323) ~[spring-beans-5.2.7.RELEASE.jar:5.2.7.RELEASE]
	at org.springframework.beans.factory.support.DefaultSingletonBeanRegistry.getSingleton(DefaultSingletonBeanRegistry.java:226) ~[spring-beans-5.2.7.RELEASE.jar:5.2.7.RELEASE]
	at org.springframework.beans.factory.support.AbstractBeanFactory.doGetBean(AbstractBeanFactory.java:321) ~[spring-beans-5.2.7.RELEASE.jar:5.2.7.RELEASE]
	at org.springframework.beans.factory.support.AbstractBeanFactory.getBean(AbstractBeanFactory.java:202) ~[spring-beans-5.2.7.RELEASE.jar:5.2.7.RELEASE]
	at org.springframework.beans.factory.config.DependencyDescriptor.resolveCandidate(DependencyDescriptor.java:276) ~[spring-beans-5.2.7.RELEASE.jar:5.2.7.RELEASE]
	at org.springframework.beans.factory.support.DefaultListableBeanFactory.doResolveDependency(DefaultListableBeanFactory.java:1304) ~[spring-beans-5.2.7.RELEASE.jar:5.2.7.RELEASE]
	at org.springframework.beans.factory.support.DefaultListableBeanFactory.resolveDependency(DefaultListableBeanFactory.java:1224) ~[spring-beans-5.2.7.RELEASE.jar:5.2.7.RELEASE]
	at org.springframework.beans.factory.annotation.AutowiredAnnotationBeanPostProcessor$AutowiredFieldElement.inject(AutowiredAnnotationBeanPostProcessor.java:640) ~[spring-beans-5.2.7.RELEASE.jar:5.2.7.RELEASE]
	... 84 more
Caused by: org.springframework.beans.factory.BeanCreationException: Error creating bean with name 'sqlSessionFactory' defined in class path resource [com/baomidou/mybatisplus/autoconfigure/MybatisPlusAutoConfiguration.class]: Bean instantiation via factory method failed; nested exception is org.springframework.beans.BeanInstantiationException: Failed to instantiate [org.apache.ibatis.session.SqlSessionFactory]: Factory method 'sqlSessionFactory' threw exception; nested exception is org.springframework.core.NestedIOException: Failed to parse mapping resource: 'file [C:\Users\13292\Desktop\claudel1\reposNew\task30\target\classes\mapper\BudgetMapper.xml]'; nested exception is org.apache.ibatis.builder.BuilderException: Error parsing Mapper XML. The XML location is 'file [C:\Users\13292\Desktop\claudel1\reposNew\task30\target\classes\mapper\BudgetMapper.xml]'. Cause: org.apache.ibatis.builder.BuilderException: Error resolving class. Cause: org.apache.ibatis.type.TypeException: Could not resolve type alias 'cn.jackbin.SimpleRecord.dto.BudgetExecutionDTO'.  Cause: java.lang.ClassNotFoundException: Cannot find class: cn.jackbin.SimpleRecord.dto.BudgetExecutionDTO
	at org.springframework.beans.factory.support.ConstructorResolver.instantiate(ConstructorResolver.java:655) ~[spring-beans-5.2.7.RELEASE.jar:5.2.7.RELEASE]
	at org.springframework.beans.factory.support.ConstructorResolver.instantiateUsingFactoryMethod(ConstructorResolver.java:635) ~[spring-beans-5.2.7.RELEASE.jar:5.2.7.RELEASE]
	at org.springframework.beans.factory.support.AbstractAutowireCapableBeanFactory.instantiateUsingFactoryMethod(AbstractAutowireCapableBeanFactory.java:1338) ~[spring-beans-5.2.7.RELEASE.jar:5.2.7.RELEASE]
	at org.springframework.beans.factory.support.AbstractAutowireCapableBeanFactory.createBeanInstance(AbstractAutowireCapableBeanFactory.java:1177) ~[spring-beans-5.2.7.RELEASE.jar:5.2.7.RELEASE]
	at org.springframework.beans.factory.support.AbstractAutowireCapableBeanFactory.doCreateBean(AbstractAutowireCapableBeanFactory.java:557) ~[spring-beans-5.2.7.RELEASE.jar:5.2.7.RELEASE]
	at org.springframework.beans.factory.support.AbstractAutowireCapableBeanFactory.createBean(AbstractAutowireCapableBeanFactory.java:517) ~[spring-beans-5.2.7.RELEASE.jar:5.2.7.RELEASE]
	at org.springframework.beans.factory.support.AbstractBeanFactory.lambda$doGetBean$0(AbstractBeanFactory.java:323) ~[spring-beans-5.2.7.RELEASE.jar:5.2.7.RELEASE]
	at org.springframework.beans.factory.support.DefaultSingletonBeanRegistry.getSingleton(DefaultSingletonBeanRegistry.java:226) ~[spring-beans-5.2.7.RELEASE.jar:5.2.7.RELEASE]
	at org.springframework.beans.factory.support.AbstractBeanFactory.doGetBean(AbstractBeanFactory.java:321) ~[spring-beans-5.2.7.RELEASE.jar:5.2.7.RELEASE]
	at org.springframework.beans.factory.support.AbstractBeanFactory.getBean(AbstractBeanFactory.java:202) ~[spring-beans-5.2.7.RELEASE.jar:5.2.7.RELEASE]
	at org.springframework.beans.factory.config.DependencyDescriptor.resolveCandidate(DependencyDescriptor.java:276) ~[spring-beans-5.2.7.RELEASE.jar:5.2.7.RELEASE]
	at org.springframework.beans.factory.support.DefaultListableBeanFactory.doResolveDependency(DefaultListableBeanFactory.java:1304) ~[spring-beans-5.2.7.RELEASE.jar:5.2.7.RELEASE]
	at org.springframework.beans.factory.support.DefaultListableBeanFactory.resolveDependency(DefaultListableBeanFactory.java:1224) ~[spring-beans-5.2.7.RELEASE.jar:5.2.7.RELEASE]
	at org.springframework.beans.factory.support.AbstractAutowireCapableBeanFactory.autowireByType(AbstractAutowireCapableBeanFactory.java:1511) ~[spring-beans-5.2.7.RELEASE.jar:5.2.7.RELEASE]
	at org.springframework.beans.factory.support.AbstractAutowireCapableBeanFactory.populateBean(AbstractAutowireCapableBeanFactory.java:1406) ~[spring-beans-5.2.7.RELEASE.jar:5.2.7.RELEASE]
	at org.springframework.beans.factory.support.AbstractAutowireCapableBeanFactory.doCreateBean(AbstractAutowireCapableBeanFactory.java:594) ~[spring-beans-5.2.7.RELEASE.jar:5.2.7.RELEASE]
	at org.springframework.beans.factory.support.AbstractAutowireCapableBeanFactory.createBean(AbstractAutowireCapableBeanFactory.java:517) ~[spring-beans-5.2.7.RELEASE.jar:5.2.7.RELEASE]
	at org.springframework.beans.factory.support.AbstractBeanFactory.lambda$doGetBean$0(AbstractBeanFactory.java:323) ~[spring-beans-5.2.7.RELEASE.jar:5.2.7.RELEASE]
	at org.springframework.beans.factory.support.DefaultSingletonBeanRegistry.getSingleton(DefaultSingletonBeanRegistry.java:226) ~[spring-beans-5.2.7.RELEASE.jar:5.2.7.RELEASE]
	at org.springframework.beans.factory.support.AbstractBeanFactory.doGetBean(AbstractBeanFactory.java:321) ~[spring-beans-5.2.7.RELEASE.jar:5.2.7.RELEASE]
	at org.springframework.beans.factory.support.AbstractBeanFactory.getBean(AbstractBeanFactory.java:202) ~[spring-beans-5.2.7.RELEASE.jar:5.2.7.RELEASE]
	at org.springframework.beans.factory.config.DependencyDescriptor.resolveCandidate(DependencyDescriptor.java:276) ~[spring-beans-5.2.7.RELEASE.jar:5.2.7.RELEASE]
	at org.springframework.beans.factory.support.DefaultListableBeanFactory.doResolveDependency(DefaultListableBeanFactory.java:1304) ~[spring-beans-5.2.7.RELEASE.jar:5.2.7.RELEASE]
	at org.springframework.beans.factory.support.DefaultListableBeanFactory.resolveDependency(DefaultListableBeanFactory.java:1224) ~[spring-beans-5.2.7.RELEASE.jar:5.2.7.RELEASE]
	at org.springframework.beans.factory.annotation.AutowiredAnnotationBeanPostProcessor$AutowiredFieldElement.inject(AutowiredAnnotationBeanPostProcessor.java:640) ~[spring-beans-5.2.7.RELEASE.jar:5.2.7.RELEASE]
	at org.springframework.beans.factory.annotation.InjectionMetadata.inject(InjectionMetadata.java:130) ~[spring-beans-5.2.7.RELEASE.jar:5.2.7.RELEASE]
	at org.springframework.beans.factory.annotation.AutowiredAnnotationBeanPostProcessor.postProcessProperties(AutowiredAnnotationBeanPostProcessor.java:399) ~[spring-beans-5.2.7.RELEASE.jar:5.2.7.RELEASE]
	at org.springframework.beans.factory.support.AbstractAutowireCapableBeanFactory.populateBean(AbstractAutowireCapableBeanFactory.java:1422) ~[spring-beans-5.2.7.RELEASE.jar:5.2.7.RELEASE]
	at org.springframework.beans.factory.support.AbstractAutowireCapableBeanFactory.doCreateBean(AbstractAutowireCapableBeanFactory.java:594) ~[spring-beans-5.2.7.RELEASE.jar:5.2.7.RELEASE]
	at org.springframework.beans.factory.support.AbstractAutowireCapableBeanFactory.createBean(AbstractAutowireCapableBeanFactory.java:517) ~[spring-beans-5.2.7.RELEASE.jar:5.2.7.RELEASE]
	at org.springframework.beans.factory.support.AbstractBeanFactory.lambda$doGetBean$0(AbstractBeanFactory.java:323) ~[spring-beans-5.2.7.RELEASE.jar:5.2.7.RELEASE]
	at org.springframework.beans.factory.support.DefaultSingletonBeanRegistry.getSingleton(DefaultSingletonBeanRegistry.java:226) ~[spring-beans-5.2.7.RELEASE.jar:5.2.7.RELEASE]
	at org.springframework.beans.factory.support.AbstractBeanFactory.doGetBean(AbstractBeanFactory.java:321) ~[spring-beans-5.2.7.RELEASE.jar:5.2.7.RELEASE]
	at org.springframework.beans.factory.support.AbstractBeanFactory.getBean(AbstractBeanFactory.java:202) ~[spring-beans-5.2.7.RELEASE.jar:5.2.7.RELEASE]
	at org.springframework.beans.factory.config.DependencyDescriptor.resolveCandidate(DependencyDescriptor.java:276) ~[spring-beans-5.2.7.RELEASE.jar:5.2.7.RELEASE]
	at org.springframework.beans.factory.support.DefaultListableBeanFactory.doResolveDependency(DefaultListableBeanFactory.java:1304) ~[spring-beans-5.2.7.RELEASE.jar:5.2.7.RELEASE]
	at org.springframework.beans.factory.support.DefaultListableBeanFactory.resolveDependency(DefaultListableBeanFactory.java:1224) ~[spring-beans-5.2.7.RELEASE.jar:5.2.7.RELEASE]
	at org.springframework.beans.factory.annotation.AutowiredAnnotationBeanPostProcessor$AutowiredFieldElement.inject(AutowiredAnnotationBeanPostProcessor.java:640) ~[spring-beans-5.2.7.RELEASE.jar:5.2.7.RELEASE]
	... 84 more
Caused by: org.springframework.beans.BeanInstantiationException: Failed to instantiate [org.apache.ibatis.session.SqlSessionFactory]: Factory method 'sqlSessionFactory' threw exception; nested exception is org.springframework.core.NestedIOException: Failed to parse mapping resource: 'file [C:\Users\13292\Desktop\claudel1\reposNew\task30\target\classes\mapper\BudgetMapper.xml]'; nested exception is org.apache.ibatis.builder.BuilderException: Error parsing Mapper XML. The XML location is 'file [C:\Users\13292\Desktop\claudel1\reposNew\task30\target\classes\mapper\BudgetMapper.xml]'. Cause: org.apache.ibatis.builder.BuilderException: Error resolving class. Cause: org.apache.ibatis.type.TypeException: Could not resolve type alias 'cn.jackbin.SimpleRecord.dto.BudgetExecutionDTO'.  Cause: java.lang.ClassNotFoundException: Cannot find class: cn.jackbin.SimpleRecord.dto.BudgetExecutionDTO
	at org.springframework.beans.factory.support.SimpleInstantiationStrategy.instantiate(SimpleInstantiationStrategy.java:185) ~[spring-beans-5.2.7.RELEASE.jar:5.2.7.RELEASE]
	at org.springframework.beans.factory.support.ConstructorResolver.instantiate(ConstructorResolver.java:650) ~[spring-beans-5.2.7.RELEASE.jar:5.2.7.RELEASE]
	at org.springframework.beans.factory.support.ConstructorResolver.instantiateUsingFactoryMethod(ConstructorResolver.java:635) ~[spring-beans-5.2.7.RELEASE.jar:5.2.7.RELEASE]
	at org.springframework.beans.factory.support.AbstractAutowireCapableBeanFactory.instantiateUsingFactoryMethod(AbstractAutowireCapableBeanFactory.java:1338) ~[spring-beans-5.2.7.RELEASE.jar:5.2.7.RELEASE]
	at org.springframework.beans.factory.support.AbstractAutowireCapableBeanFactory.createBeanInstance(AbstractAutowireCapableBeanFactory.java:1177) ~[spring-beans-5.2.7.RELEASE.jar:5.2.7.RELEASE]
	at org.springframework.beans.factory.support.AbstractAutowireCapableBeanFactory.doCreateBean(AbstractAutowireCapableBeanFactory.java:557) ~[spring-beans-5.2.7.RELEASE.jar:5.2.7.RELEASE]
	at org.springframework.beans.factory.support.AbstractAutowireCapableBeanFactory.createBean(AbstractAutowireCapableBeanFactory.java:517) ~[spring-beans-5.2.7.RELEASE.jar:5.2.7.RELEASE]
	at org.springframework.beans.factory.support.AbstractBeanFactory.lambda$doGetBean$0(AbstractBeanFactory.java:323) ~[spring-beans-5.2.7.RELEASE.jar:5.2.7.RELEASE]
	at org.springframework.beans.factory.support.DefaultSingletonBeanRegistry.getSingleton(DefaultSingletonBeanRegistry.java:226) ~[spring-beans-5.2.7.RELEASE.jar:5.2.7.RELEASE]
	at org.springframework.beans.factory.support.AbstractBeanFactory.doGetBean(AbstractBeanFactory.java:321) ~[spring-beans-5.2.7.RELEASE.jar:5.2.7.RELEASE]
	at org.springframework.beans.factory.support.AbstractBeanFactory.getBean(AbstractBeanFactory.java:202) ~[spring-beans-5.2.7.RELEASE.jar:5.2.7.RELEASE]
	at org.springframework.beans.factory.config.DependencyDescriptor.resolveCandidate(DependencyDescriptor.java:276) ~[spring-beans-5.2.7.RELEASE.jar:5.2.7.RELEASE]
	at org.springframework.beans.factory.support.DefaultListableBeanFactory.doResolveDependency(DefaultListableBeanFactory.java:1304) ~[spring-beans-5.2.7.RELEASE.jar:5.2.7.RELEASE]
	at org.springframework.beans.factory.support.DefaultListableBeanFactory.resolveDependency(DefaultListableBeanFactory.java:1224) ~[spring-beans-5.2.7.RELEASE.jar:5.2.7.RELEASE]
	at org.springframework.beans.factory.support.AbstractAutowireCapableBeanFactory.autowireByType(AbstractAutowireCapableBeanFactory.java:1511) ~[spring-beans-5.2.7.RELEASE.jar:5.2.7.RELEASE]
	at org.springframework.beans.factory.support.AbstractAutowireCapableBeanFactory.populateBean(AbstractAutowireCapableBeanFactory.java:1406) ~[spring-beans-5.2.7.RELEASE.jar:5.2.7.RELEASE]
	at org.springframework.beans.factory.support.AbstractAutowireCapableBeanFactory.doCreateBean(AbstractAutowireCapableBeanFactory.java:594) ~[spring-beans-5.2.7.RELEASE.jar:5.2.7.RELEASE]
	at org.springframework.beans.factory.support.AbstractAutowireCapableBeanFactory.createBean(AbstractAutowireCapableBeanFactory.java:517) ~[spring-beans-5.2.7.RELEASE.jar:5.2.7.RELEASE]
	at org.springframework.beans.factory.support.AbstractBeanFactory.lambda$doGetBean$0(AbstractBeanFactory.java:323) ~[spring-beans-5.2.7.RELEASE.jar:5.2.7.RELEASE]
	at org.springframework.beans.factory.support.DefaultSingletonBeanRegistry.getSingleton(DefaultSingletonBeanRegistry.java:226) ~[spring-beans-5.2.7.RELEASE.jar:5.2.7.RELEASE]
	at org.springframework.beans.factory.support.AbstractBeanFactory.doGetBean(AbstractBeanFactory.java:321) ~[spring-beans-5.2.7.RELEASE.jar:5.2.7.RELEASE]
	at org.springframework.beans.factory.support.AbstractBeanFactory.getBean(AbstractBeanFactory.java:202) ~[spring-beans-5.2.7.RELEASE.jar:5.2.7.RELEASE]
	at org.springframework.beans.factory.config.DependencyDescriptor.resolveCandidate(DependencyDescriptor.java:276) ~[spring-beans-5.2.7.RELEASE.jar:5.2.7.RELEASE]
	at org.springframework.beans.factory.support.DefaultListableBeanFactory.doResolveDependency(DefaultListableBeanFactory.java:1304) ~[spring-beans-5.2.7.RELEASE.jar:5.2.7.RELEASE]
	at org.springframework.beans.factory.support.DefaultListableBeanFactory.resolveDependency(DefaultListableBeanFactory.java:1224) ~[spring-beans-5.2.7.RELEASE.jar:5.2.7.RELEASE]
	at org.springframework.beans.factory.annotation.AutowiredAnnotationBeanPostProcessor$AutowiredFieldElement.inject(AutowiredAnnotationBeanPostProcessor.java:640) ~[spring-beans-5.2.7.RELEASE.jar:5.2.7.RELEASE]
	at org.springframework.beans.factory.annotation.InjectionMetadata.inject(InjectionMetadata.java:130) ~[spring-beans-5.2.7.RELEASE.jar:5.2.7.RELEASE]
	at org.springframework.beans.factory.annotation.AutowiredAnnotationBeanPostProcessor.postProcessProperties(AutowiredAnnotationBeanPostProcessor.java:399) ~[spring-beans-5.2.7.RELEASE.jar:5.2.7.RELEASE]
	at org.springframework.beans.factory.support.AbstractAutowireCapableBeanFactory.populateBean(AbstractAutowireCapableBeanFactory.java:1422) ~[spring-beans-5.2.7.RELEASE.jar:5.2.7.RELEASE]
	at org.springframework.beans.factory.support.AbstractAutowireCapableBeanFactory.doCreateBean(AbstractAutowireCapableBeanFactory.java:594) ~[spring-beans-5.2.7.RELEASE.jar:5.2.7.RELEASE]
	at org.springframework.beans.factory.support.AbstractAutowireCapableBeanFactory.createBean(AbstractAutowireCapableBeanFactory.java:517) ~[spring-beans-5.2.7.RELEASE.jar:5.2.7.RELEASE]
	at org.springframework.beans.factory.support.AbstractBeanFactory.lambda$doGetBean$0(AbstractBeanFactory.java:323) ~[spring-beans-5.2.7.RELEASE.jar:5.2.7.RELEASE]
	at org.springframework.beans.factory.support.DefaultSingletonBeanRegistry.getSingleton(DefaultSingletonBeanRegistry.java:226) ~[spring-beans-5.2.7.RELEASE.jar:5.2.7.RELEASE]
	at org.springframework.beans.factory.support.AbstractBeanFactory.doGetBean(AbstractBeanFactory.java:321) ~[spring-beans-5.2.7.RELEASE.jar:5.2.7.RELEASE]
	at org.springframework.beans.factory.support.AbstractBeanFactory.getBean(AbstractBeanFactory.java:202) ~[spring-beans-5.2.7.RELEASE.jar:5.2.7.RELEASE]
	at org.springframework.beans.factory.config.DependencyDescriptor.resolveCandidate(DependencyDescriptor.java:276) ~[spring-beans-5.2.7.RELEASE.jar:5.2.7.RELEASE]
	at org.springframework.beans.factory.support.DefaultListableBeanFactory.doResolveDependency(DefaultListableBeanFactory.java:1304) ~[spring-beans-5.2.7.RELEASE.jar:5.2.7.RELEASE]
	at org.springframework.beans.factory.support.DefaultListableBeanFactory.resolveDependency(DefaultListableBeanFactory.java:1224) ~[spring-beans-5.2.7.RELEASE.jar:5.2.7.RELEASE]
	at org.springframework.beans.factory.annotation.AutowiredAnnotationBeanPostProcessor$AutowiredFieldElement.inject(AutowiredAnnotationBeanPostProcessor.java:640) ~[spring-beans-5.2.7.RELEASE.jar:5.2.7.RELEASE]
	... 84 more
Caused by: org.springframework.core.NestedIOException: Failed to parse mapping resource: 'file [C:\Users\13292\Desktop\claudel1\reposNew\task30\target\classes\mapper\BudgetMapper.xml]'; nested exception is org.apache.ibatis.builder.BuilderException: Error parsing Mapper XML. The XML location is 'file [C:\Users\13292\Desktop\claudel1\reposNew\task30\target\classes\mapper\BudgetMapper.xml]'. Cause: org.apache.ibatis.builder.BuilderException: Error resolving class. Cause: org.apache.ibatis.type.TypeException: Could not resolve type alias 'cn.jackbin.SimpleRecord.dto.BudgetExecutionDTO'.  Cause: java.lang.ClassNotFoundException: Cannot find class: cn.jackbin.SimpleRecord.dto.BudgetExecutionDTO
	at com.baomidou.mybatisplus.extension.spring.MybatisSqlSessionFactoryBean.buildSqlSessionFactory(MybatisSqlSessionFactoryBean.java:593) ~[mybatis-plus-extension-3.3.2.jar:3.3.2]
	at com.baomidou.mybatisplus.extension.spring.MybatisSqlSessionFactoryBean.afterPropertiesSet(MybatisSqlSessionFactoryBean.java:429) ~[mybatis-plus-extension-3.3.2.jar:3.3.2]
	at com.baomidou.mybatisplus.extension.spring.MybatisSqlSessionFactoryBean.getObject(MybatisSqlSessionFactoryBean.java:626) ~[mybatis-plus-extension-3.3.2.jar:3.3.2]
	at com.baomidou.mybatisplus.autoconfigure.MybatisPlusAutoConfiguration.sqlSessionFactory(MybatisPlusAutoConfiguration.java:215) ~[mybatis-plus-boot-starter-3.3.2.jar:3.3.2]
	at com.baomidou.mybatisplus.autoconfigure.MybatisPlusAutoConfiguration$$EnhancerBySpringCGLIB$$f1427f39.CGLIB$sqlSessionFactory$1(<generated>) ~[mybatis-plus-boot-starter-3.3.2.jar:3.3.2]
	at com.baomidou.mybatisplus.autoconfigure.MybatisPlusAutoConfiguration$$EnhancerBySpringCGLIB$$f1427f39$$FastClassBySpringCGLIB$$38ba60c2.invoke(<generated>) ~[mybatis-plus-boot-starter-3.3.2.jar:3.3.2]
	at org.springframework.cglib.proxy.MethodProxy.invokeSuper(MethodProxy.java:244) ~[spring-core-5.2.7.RELEASE.jar:5.2.7.RELEASE]
	at org.springframework.context.annotation.ConfigurationClassEnhancer$BeanMethodInterceptor.intercept(ConfigurationClassEnhancer.java:331) ~[spring-context-5.2.7.RELEASE.jar:5.2.7.RELEASE]
	at com.baomidou.mybatisplus.autoconfigure.MybatisPlusAutoConfiguration$$EnhancerBySpringCGLIB$$f1427f39.sqlSessionFactory(<generated>) ~[mybatis-plus-boot-starter-3.3.2.jar:3.3.2]
	at jdk.internal.reflect.NativeMethodAccessorImpl.invoke0(Native Method) ~[?:?]
	at jdk.internal.reflect.NativeMethodAccessorImpl.invoke(NativeMethodAccessorImpl.java:77) ~[?:?]
	at jdk.internal.reflect.DelegatingMethodAccessorImpl.invoke(DelegatingMethodAccessorImpl.java:43) ~[?:?]
	at java.lang.reflect.Method.invoke(Method.java:569) ~[?:?]
	at org.springframework.beans.factory.support.SimpleInstantiationStrategy.instantiate(SimpleInstantiationStrategy.java:154) ~[spring-beans-5.2.7.RELEASE.jar:5.2.7.RELEASE]
	at org.springframework.beans.factory.support.ConstructorResolver.instantiate(ConstructorResolver.java:650) ~[spring-beans-5.2.7.RELEASE.jar:5.2.7.RELEASE]
	at org.springframework.beans.factory.support.ConstructorResolver.instantiateUsingFactoryMethod(ConstructorResolver.java:635) ~[spring-beans-5.2.7.RELEASE.jar:5.2.7.RELEASE]
	at org.springframework.beans.factory.support.AbstractAutowireCapableBeanFactory.instantiateUsingFactoryMethod(AbstractAutowireCapableBeanFactory.java:1338) ~[spring-beans-5.2.7.RELEASE.jar:5.2.7.RELEASE]
	at org.springframework.beans.factory.support.AbstractAutowireCapableBeanFactory.createBeanInstance(AbstractAutowireCapableBeanFactory.java:1177) ~[spring-beans-5.2.7.RELEASE.jar:5.2.7.RELEASE]
	at org.springframework.beans.factory.support.AbstractAutowireCapableBeanFactory.doCreateBean(AbstractAutowireCapableBeanFactory.java:557) ~[spring-beans-5.2.7.RELEASE.jar:5.2.7.RELEASE]
	at org.springframework.beans.factory.support.AbstractAutowireCapableBeanFactory.createBean(AbstractAutowireCapableBeanFactory.java:517) ~[spring-beans-5.2.7.RELEASE.jar:5.2.7.RELEASE]
	at org.springframework.beans.factory.support.AbstractBeanFactory.lambda$doGetBean$0(AbstractBeanFactory.java:323) ~[spring-beans-5.2.7.RELEASE.jar:5.2.7.RELEASE]
	at org.springframework.beans.factory.support.DefaultSingletonBeanRegistry.getSingleton(DefaultSingletonBeanRegistry.java:226) ~[spring-beans-5.2.7.RELEASE.jar:5.2.7.RELEASE]
	at org.springframework.beans.factory.support.AbstractBeanFactory.doGetBean(AbstractBeanFactory.java:321) ~[spring-beans-5.2.7.RELEASE.jar:5.2.7.RELEASE]
	at org.springframework.beans.factory.support.AbstractBeanFactory.getBean(AbstractBeanFactory.java:202) ~[spring-beans-5.2.7.RELEASE.jar:5.2.7.RELEASE]
	at org.springframework.beans.factory.config.DependencyDescriptor.resolveCandidate(DependencyDescriptor.java:276) ~[spring-beans-5.2.7.RELEASE.jar:5.2.7.RELEASE]
	at org.springframework.beans.factory.support.DefaultListableBeanFactory.doResolveDependency(DefaultListableBeanFactory.java:1304) ~[spring-beans-5.2.7.RELEASE.jar:5.2.7.RELEASE]
	at org.springframework.beans.factory.support.DefaultListableBeanFactory.resolveDependency(DefaultListableBeanFactory.java:1224) ~[spring-beans-5.2.7.RELEASE.jar:5.2.7.RELEASE]
	at org.springframework.beans.factory.support.AbstractAutowireCapableBeanFactory.autowireByType(AbstractAutowireCapableBeanFactory.java:1511) ~[spring-beans-5.2.7.RELEASE.jar:5.2.7.RELEASE]
	at org.springframework.beans.factory.support.AbstractAutowireCapableBeanFactory.populateBean(AbstractAutowireCapableBeanFactory.java:1406) ~[spring-beans-5.2.7.RELEASE.jar:5.2.7.RELEASE]
	at org.springframework.beans.factory.support.AbstractAutowireCapableBeanFactory.doCreateBean(AbstractAutowireCapableBeanFactory.java:594) ~[spring-beans-5.2.7.RELEASE.jar:5.2.7.RELEASE]
	at org.springframework.beans.factory.support.AbstractAutowireCapableBeanFactory.createBean(AbstractAutowireCapableBeanFactory.java:517) ~[spring-beans-5.2.7.RELEASE.jar:5.2.7.RELEASE]
	at org.springframework.beans.factory.support.AbstractBeanFactory.lambda$doGetBean$0(AbstractBeanFactory.java:323) ~[spring-beans-5.2.7.RELEASE.jar:5.2.7.RELEASE]
	at org.springframework.beans.factory.support.DefaultSingletonBeanRegistry.getSingleton(DefaultSingletonBeanRegistry.java:226) ~[spring-beans-5.2.7.RELEASE.jar:5.2.7.RELEASE]
	at org.springframework.beans.factory.support.AbstractBeanFactory.doGetBean(AbstractBeanFactory.java:321) ~[spring-beans-5.2.7.RELEASE.jar:5.2.7.RELEASE]
	at org.springframework.beans.factory.support.AbstractBeanFactory.getBean(AbstractBeanFactory.java:202) ~[spring-beans-5.2.7.RELEASE.jar:5.2.7.RELEASE]
	at org.springframework.beans.factory.config.DependencyDescriptor.resolveCandidate(DependencyDescriptor.java:276) ~[spring-beans-5.2.7.RELEASE.jar:5.2.7.RELEASE]
	at org.springframework.beans.factory.support.DefaultListableBeanFactory.doResolveDependency(DefaultListableBeanFactory.java:1304) ~[spring-beans-5.2.7.RELEASE.jar:5.2.7.RELEASE]
	at org.springframework.beans.factory.support.DefaultListableBeanFactory.resolveDependency(DefaultListableBeanFactory.java:1224) ~[spring-beans-5.2.7.RELEASE.jar:5.2.7.RELEASE]
	at org.springframework.beans.factory.annotation.AutowiredAnnotationBeanPostProcessor$AutowiredFieldElement.inject(AutowiredAnnotationBeanPostProcessor.java:640) ~[spring-beans-5.2.7.RELEASE.jar:5.2.7.RELEASE]
	at org.springframework.beans.factory.annotation.InjectionMetadata.inject(InjectionMetadata.java:130) ~[spring-beans-5.2.7.RELEASE.jar:5.2.7.RELEASE]
	at org.springframework.beans.factory.annotation.AutowiredAnnotationBeanPostProcessor.postProcessProperties(AutowiredAnnotationBeanPostProcessor.java:399) ~[spring-beans-5.2.7.RELEASE.jar:5.2.7.RELEASE]
	at org.springframework.beans.factory.support.AbstractAutowireCapableBeanFactory.populateBean(AbstractAutowireCapableBeanFactory.java:1422) ~[spring-beans-5.2.7.RELEASE.jar:5.2.7.RELEASE]
	at org.springframework.beans.factory.support.AbstractAutowireCapableBeanFactory.doCreateBean(AbstractAutowireCapableBeanFactory.java:594) ~[spring-beans-5.2.7.RELEASE.jar:5.2.7.RELEASE]
	at org.springframework.beans.factory.support.AbstractAutowireCapableBeanFactory.createBean(AbstractAutowireCapableBeanFactory.java:517) ~[spring-beans-5.2.7.RELEASE.jar:5.2.7.RELEASE]
	at org.springframework.beans.factory.support.AbstractBeanFactory.lambda$doGetBean$0(AbstractBeanFactory.java:323) ~[spring-beans-5.2.7.RELEASE.jar:5.2.7.RELEASE]
	at org.springframework.beans.factory.support.DefaultSingletonBeanRegistry.getSingleton(DefaultSingletonBeanRegistry.java:226) ~[spring-beans-5.2.7.RELEASE.jar:5.2.7.RELEASE]
	at org.springframework.beans.factory.support.AbstractBeanFactory.doGetBean(AbstractBeanFactory.java:321) ~[spring-beans-5.2.7.RELEASE.jar:5.2.7.RELEASE]
	at org.springframework.beans.factory.support.AbstractBeanFactory.getBean(AbstractBeanFactory.java:202) ~[spring-beans-5.2.7.RELEASE.jar:5.2.7.RELEASE]
	at org.springframework.beans.factory.config.DependencyDescriptor.resolveCandidate(DependencyDescriptor.java:276) ~[spring-beans-5.2.7.RELEASE.jar:5.2.7.RELEASE]
	at org.springframework.beans.factory.support.DefaultListableBeanFactory.doResolveDependency(DefaultListableBeanFactory.java:1304) ~[spring-beans-5.2.7.RELEASE.jar:5.2.7.RELEASE]
	at org.springframework.beans.factory.support.DefaultListableBeanFactory.resolveDependency(DefaultListableBeanFactory.java:1224) ~[spring-beans-5.2.7.RELEASE.jar:5.2.7.RELEASE]
	at org.springframework.beans.factory.annotation.AutowiredAnnotationBeanPostProcessor$AutowiredFieldElement.inject(AutowiredAnnotationBeanPostProcessor.java:640) ~[spring-beans-5.2.7.RELEASE.jar:5.2.7.RELEASE]
	... 84 more
Caused by: org.apache.ibatis.builder.BuilderException: Error parsing Mapper XML. The XML location is 'file [C:\Users\13292\Desktop\claudel1\reposNew\task30\target\classes\mapper\BudgetMapper.xml]'. Cause: org.apache.ibatis.builder.BuilderException: Error resolving class. Cause: org.apache.ibatis.type.TypeException: Could not resolve type alias 'cn.jackbin.SimpleRecord.dto.BudgetExecutionDTO'.  Cause: java.lang.ClassNotFoundException: Cannot find class: cn.jackbin.SimpleRecord.dto.BudgetExecutionDTO
	at org.apache.ibatis.builder.xml.XMLMapperBuilder.configurationElement(XMLMapperBuilder.java:122) ~[mybatis-3.5.4.jar:3.5.4]
	at org.apache.ibatis.builder.xml.XMLMapperBuilder.parse(XMLMapperBuilder.java:94) ~[mybatis-3.5.4.jar:3.5.4]
	at com.baomidou.mybatisplus.extension.spring.MybatisSqlSessionFactoryBean.buildSqlSessionFactory(MybatisSqlSessionFactoryBean.java:591) ~[mybatis-plus-extension-3.3.2.jar:3.3.2]
	at com.baomidou.mybatisplus.extension.spring.MybatisSqlSessionFactoryBean.afterPropertiesSet(MybatisSqlSessionFactoryBean.java:429) ~[mybatis-plus-extension-3.3.2.jar:3.3.2]
	at com.baomidou.mybatisplus.extension.spring.MybatisSqlSessionFactoryBean.getObject(MybatisSqlSessionFactoryBean.java:626) ~[mybatis-plus-extension-3.3.2.jar:3.3.2]
	at com.baomidou.mybatisplus.autoconfigure.MybatisPlusAutoConfiguration.sqlSessionFactory(MybatisPlusAutoConfiguration.java:215) ~[mybatis-plus-boot-starter-3.3.2.jar:3.3.2]
	at com.baomidou.mybatisplus.autoconfigure.MybatisPlusAutoConfiguration$$EnhancerBySpringCGLIB$$f1427f39.CGLIB$sqlSessionFactory$1(<generated>) ~[mybatis-plus-boot-starter-3.3.2.jar:3.3.2]
	at com.baomidou.mybatisplus.autoconfigure.MybatisPlusAutoConfiguration$$EnhancerBySpringCGLIB$$f1427f39$$FastClassBySpringCGLIB$$38ba60c2.invoke(<generated>) ~[mybatis-plus-boot-starter-3.3.2.jar:3.3.2]
	at org.springframework.cglib.proxy.MethodProxy.invokeSuper(MethodProxy.java:244) ~[spring-core-5.2.7.RELEASE.jar:5.2.7.RELEASE]
	at org.springframework.context.annotation.ConfigurationClassEnhancer$BeanMethodInterceptor.intercept(ConfigurationClassEnhancer.java:331) ~[spring-context-5.2.7.RELEASE.jar:5.2.7.RELEASE]
	at com.baomidou.mybatisplus.autoconfigure.MybatisPlusAutoConfiguration$$EnhancerBySpringCGLIB$$f1427f39.sqlSessionFactory(<generated>) ~[mybatis-plus-boot-starter-3.3.2.jar:3.3.2]
	at jdk.internal.reflect.NativeMethodAccessorImpl.invoke0(Native Method) ~[?:?]
	at jdk.internal.reflect.NativeMethodAccessorImpl.invoke(NativeMethodAccessorImpl.java:77) ~[?:?]
	at jdk.internal.reflect.DelegatingMethodAccessorImpl.invoke(DelegatingMethodAccessorImpl.java:43) ~[?:?]
	at java.lang.reflect.Method.invoke(Method.java:569) ~[?:?]
	at org.springframework.beans.factory.support.SimpleInstantiationStrategy.instantiate(SimpleInstantiationStrategy.java:154) ~[spring-beans-5.2.7.RELEASE.jar:5.2.7.RELEASE]
	at org.springframework.beans.factory.support.ConstructorResolver.instantiate(ConstructorResolver.java:650) ~[spring-beans-5.2.7.RELEASE.jar:5.2.7.RELEASE]
	at org.springframework.beans.factory.support.ConstructorResolver.instantiateUsingFactoryMethod(ConstructorResolver.java:635) ~[spring-beans-5.2.7.RELEASE.jar:5.2.7.RELEASE]
	at org.springframework.beans.factory.support.AbstractAutowireCapableBeanFactory.instantiateUsingFactoryMethod(AbstractAutowireCapableBeanFactory.java:1338) ~[spring-beans-5.2.7.RELEASE.jar:5.2.7.RELEASE]
	at org.springframework.beans.factory.support.AbstractAutowireCapableBeanFactory.createBeanInstance(AbstractAutowireCapableBeanFactory.java:1177) ~[spring-beans-5.2.7.RELEASE.jar:5.2.7.RELEASE]
	at org.springframework.beans.factory.support.AbstractAutowireCapableBeanFactory.doCreateBean(AbstractAutowireCapableBeanFactory.java:557) ~[spring-beans-5.2.7.RELEASE.jar:5.2.7.RELEASE]
	at org.springframework.beans.factory.support.AbstractAutowireCapableBeanFactory.createBean(AbstractAutowireCapableBeanFactory.java:517) ~[spring-beans-5.2.7.RELEASE.jar:5.2.7.RELEASE]
	at org.springframework.beans.factory.support.AbstractBeanFactory.lambda$doGetBean$0(AbstractBeanFactory.java:323) ~[spring-beans-5.2.7.RELEASE.jar:5.2.7.RELEASE]
	at org.springframework.beans.factory.support.DefaultSingletonBeanRegistry.getSingleton(DefaultSingletonBeanRegistry.java:226) ~[spring-beans-5.2.7.RELEASE.jar:5.2.7.RELEASE]
	at org.springframework.beans.factory.support.AbstractBeanFactory.doGetBean(AbstractBeanFactory.java:321) ~[spring-beans-5.2.7.RELEASE.jar:5.2.7.RELEASE]
	at org.springframework.beans.factory.support.AbstractBeanFactory.getBean(AbstractBeanFactory.java:202) ~[spring-beans-5.2.7.RELEASE.jar:5.2.7.RELEASE]
	at org.springframework.beans.factory.config.DependencyDescriptor.resolveCandidate(DependencyDescriptor.java:276) ~[spring-beans-5.2.7.RELEASE.jar:5.2.7.RELEASE]
	at org.springframework.beans.factory.support.DefaultListableBeanFactory.doResolveDependency(DefaultListableBeanFactory.java:1304) ~[spring-beans-5.2.7.RELEASE.jar:5.2.7.RELEASE]
	at org.springframework.beans.factory.support.DefaultListableBeanFactory.resolveDependency(DefaultListableBeanFactory.java:1224) ~[spring-beans-5.2.7.RELEASE.jar:5.2.7.RELEASE]
	at org.springframework.beans.factory.support.AbstractAutowireCapableBeanFactory.autowireByType(AbstractAutowireCapableBeanFactory.java:1511) ~[spring-beans-5.2.7.RELEASE.jar:5.2.7.RELEASE]
	at org.springframework.beans.factory.support.AbstractAutowireCapableBeanFactory.populateBean(AbstractAutowireCapableBeanFactory.java:1406) ~[spring-beans-5.2.7.RELEASE.jar:5.2.7.RELEASE]
	at org.springframework.beans.factory.support.AbstractAutowireCapableBeanFactory.doCreateBean(AbstractAutowireCapableBeanFactory.java:594) ~[spring-beans-5.2.7.RELEASE.jar:5.2.7.RELEASE]
	at org.springframework.beans.factory.support.AbstractAutowireCapableBeanFactory.createBean(AbstractAutowireCapableBeanFactory.java:517) ~[spring-beans-5.2.7.RELEASE.jar:5.2.7.RELEASE]
	at org.springframework.beans.factory.support.AbstractBeanFactory.lambda$doGetBean$0(AbstractBeanFactory.java:323) ~[spring-beans-5.2.7.RELEASE.jar:5.2.7.RELEASE]
	at org.springframework.beans.factory.support.DefaultSingletonBeanRegistry.getSingleton(DefaultSingletonBeanRegistry.java:226) ~[spring-beans-5.2.7.RELEASE.jar:5.2.7.RELEASE]
	at org.springframework.beans.factory.support.AbstractBeanFactory.doGetBean(AbstractBeanFactory.java:321) ~[spring-beans-5.2.7.RELEASE.jar:5.2.7.RELEASE]
	at org.springframework.beans.factory.support.AbstractBeanFactory.getBean(AbstractBeanFactory.java:202) ~[spring-beans-5.2.7.RELEASE.jar:5.2.7.RELEASE]
	at org.springframework.beans.factory.config.DependencyDescriptor.resolveCandidate(DependencyDescriptor.java:276) ~[spring-beans-5.2.7.RELEASE.jar:5.2.7.RELEASE]
	at org.springframework.beans.factory.support.DefaultListableBeanFactory.doResolveDependency(DefaultListableBeanFactory.java:1304) ~[spring-beans-5.2.7.RELEASE.jar:5.2.7.RELEASE]
	at org.springframework.beans.factory.support.DefaultListableBeanFactory.resolveDependency(DefaultListableBeanFactory.java:1224) ~[spring-beans-5.2.7.RELEASE.jar:5.2.7.RELEASE]
	at org.springframework.beans.factory.annotation.AutowiredAnnotationBeanPostProcessor$AutowiredFieldElement.inject(AutowiredAnnotationBeanPostProcessor.java:640) ~[spring-beans-5.2.7.RELEASE.jar:5.2.7.RELEASE]
	at org.springframework.beans.factory.annotation.InjectionMetadata.inject(InjectionMetadata.java:130) ~[spring-beans-5.2.7.RELEASE.jar:5.2.7.RELEASE]
	at org.springframework.beans.factory.annotation.AutowiredAnnotationBeanPostProcessor.postProcessProperties(AutowiredAnnotationBeanPostProcessor.java:399) ~[spring-beans-5.2.7.RELEASE.jar:5.2.7.RELEASE]
	at org.springframework.beans.factory.support.AbstractAutowireCapableBeanFactory.populateBean(AbstractAutowireCapableBeanFactory.java:1422) ~[spring-beans-5.2.7.RELEASE.jar:5.2.7.RELEASE]
	at org.springframework.beans.factory.support.AbstractAutowireCapableBeanFactory.doCreateBean(AbstractAutowireCapableBeanFactory.java:594) ~[spring-beans-5.2.7.RELEASE.jar:5.2.7.RELEASE]
	at org.springframework.beans.factory.support.AbstractAutowireCapableBeanFactory.createBean(AbstractAutowireCapableBeanFactory.java:517) ~[spring-beans-5.2.7.RELEASE.jar:5.2.7.RELEASE]
	at org.springframework.beans.factory.support.AbstractBeanFactory.lambda$doGetBean$0(AbstractBeanFactory.java:323) ~[spring-beans-5.2.7.RELEASE.jar:5.2.7.RELEASE]
	at org.springframework.beans.factory.support.DefaultSingletonBeanRegistry.getSingleton(DefaultSingletonBeanRegistry.java:226) ~[spring-beans-5.2.7.RELEASE.jar:5.2.7.RELEASE]
	at org.springframework.beans.factory.support.AbstractBeanFactory.doGetBean(AbstractBeanFactory.java:321) ~[spring-beans-5.2.7.RELEASE.jar:5.2.7.RELEASE]
	at org.springframework.beans.factory.support.AbstractBeanFactory.getBean(AbstractBeanFactory.java:202) ~[spring-beans-5.2.7.RELEASE.jar:5.2.7.RELEASE]
	at org.springframework.beans.factory.config.DependencyDescriptor.resolveCandidate(DependencyDescriptor.java:276) ~[spring-beans-5.2.7.RELEASE.jar:5.2.7.RELEASE]
	at org.springframework.beans.factory.support.DefaultListableBeanFactory.doResolveDependency(DefaultListableBeanFactory.java:1304) ~[spring-beans-5.2.7.RELEASE.jar:5.2.7.RELEASE]
	at org.springframework.beans.factory.support.DefaultListableBeanFactory.resolveDependency(DefaultListableBeanFactory.java:1224) ~[spring-beans-5.2.7.RELEASE.jar:5.2.7.RELEASE]
	at org.springframework.beans.factory.annotation.AutowiredAnnotationBeanPostProcessor$AutowiredFieldElement.inject(AutowiredAnnotationBeanPostProcessor.java:640) ~[spring-beans-5.2.7.RELEASE.jar:5.2.7.RELEASE]
	... 84 more
Caused by: org.apache.ibatis.builder.BuilderException: Error resolving class. Cause: org.apache.ibatis.type.TypeException: Could not resolve type alias 'cn.jackbin.SimpleRecord.dto.BudgetExecutionDTO'.  Cause: java.lang.ClassNotFoundException: Cannot find class: cn.jackbin.SimpleRecord.dto.BudgetExecutionDTO
	at org.apache.ibatis.builder.BaseBuilder.resolveClass(BaseBuilder.java:118) ~[mybatis-3.5.4.jar:3.5.4]
	at org.apache.ibatis.builder.xml.XMLStatementBuilder.parseStatementNode(XMLStatementBuilder.java:102) ~[mybatis-3.5.4.jar:3.5.4]
	at org.apache.ibatis.builder.xml.XMLMapperBuilder.buildStatementFromContext(XMLMapperBuilder.java:137) ~[mybatis-3.5.4.jar:3.5.4]
	at org.apache.ibatis.builder.xml.XMLMapperBuilder.buildStatementFromContext(XMLMapperBuilder.java:130) ~[mybatis-3.5.4.jar:3.5.4]
	at org.apache.ibatis.builder.xml.XMLMapperBuilder.configurationElement(XMLMapperBuilder.java:120) ~[mybatis-3.5.4.jar:3.5.4]
	at org.apache.ibatis.builder.xml.XMLMapperBuilder.parse(XMLMapperBuilder.java:94) ~[mybatis-3.5.4.jar:3.5.4]
	at com.baomidou.mybatisplus.extension.spring.MybatisSqlSessionFactoryBean.buildSqlSessionFactory(MybatisSqlSessionFactoryBean.java:591) ~[mybatis-plus-extension-3.3.2.jar:3.3.2]
	at com.baomidou.mybatisplus.extension.spring.MybatisSqlSessionFactoryBean.afterPropertiesSet(MybatisSqlSessionFactoryBean.java:429) ~[mybatis-plus-extension-3.3.2.jar:3.3.2]
	at com.baomidou.mybatisplus.extension.spring.MybatisSqlSessionFactoryBean.getObject(MybatisSqlSessionFactoryBean.java:626) ~[mybatis-plus-extension-3.3.2.jar:3.3.2]
	at com.baomidou.mybatisplus.autoconfigure.MybatisPlusAutoConfiguration.sqlSessionFactory(MybatisPlusAutoConfiguration.java:215) ~[mybatis-plus-boot-starter-3.3.2.jar:3.3.2]
	at com.baomidou.mybatisplus.autoconfigure.MybatisPlusAutoConfiguration$$EnhancerBySpringCGLIB$$f1427f39.CGLIB$sqlSessionFactory$1(<generated>) ~[mybatis-plus-boot-starter-3.3.2.jar:3.3.2]
	at com.baomidou.mybatisplus.autoconfigure.MybatisPlusAutoConfiguration$$EnhancerBySpringCGLIB$$f1427f39$$FastClassBySpringCGLIB$$38ba60c2.invoke(<generated>) ~[mybatis-plus-boot-starter-3.3.2.jar:3.3.2]
	at org.springframework.cglib.proxy.MethodProxy.invokeSuper(MethodProxy.java:244) ~[spring-core-5.2.7.RELEASE.jar:5.2.7.RELEASE]
	at org.springframework.context.annotation.ConfigurationClassEnhancer$BeanMethodInterceptor.intercept(ConfigurationClassEnhancer.java:331) ~[spring-context-5.2.7.RELEASE.jar:5.2.7.RELEASE]
	at com.baomidou.mybatisplus.autoconfigure.MybatisPlusAutoConfiguration$$EnhancerBySpringCGLIB$$f1427f39.sqlSessionFactory(<generated>) ~[mybatis-plus-boot-starter-3.3.2.jar:3.3.2]
	at jdk.internal.reflect.NativeMethodAccessorImpl.invoke0(Native Method) ~[?:?]
	at jdk.internal.reflect.NativeMethodAccessorImpl.invoke(NativeMethodAccessorImpl.java:77) ~[?:?]
	at jdk.internal.reflect.DelegatingMethodAccessorImpl.invoke(DelegatingMethodAccessorImpl.java:43) ~[?:?]
	at java.lang.reflect.Method.invoke(Method.java:569) ~[?:?]
	at org.springframework.beans.factory.support.SimpleInstantiationStrategy.instantiate(SimpleInstantiationStrategy.java:154) ~[spring-beans-5.2.7.RELEASE.jar:5.2.7.RELEASE]
	at org.springframework.beans.factory.support.ConstructorResolver.instantiate(ConstructorResolver.java:650) ~[spring-beans-5.2.7.RELEASE.jar:5.2.7.RELEASE]
	at org.springframework.beans.factory.support.ConstructorResolver.instantiateUsingFactoryMethod(ConstructorResolver.java:635) ~[spring-beans-5.2.7.RELEASE.jar:5.2.7.RELEASE]
	at org.springframework.beans.factory.support.AbstractAutowireCapableBeanFactory.instantiateUsingFactoryMethod(AbstractAutowireCapableBeanFactory.java:1338) ~[spring-beans-5.2.7.RELEASE.jar:5.2.7.RELEASE]
	at org.springframework.beans.factory.support.AbstractAutowireCapableBeanFactory.createBeanInstance(AbstractAutowireCapableBeanFactory.java:1177) ~[spring-beans-5.2.7.RELEASE.jar:5.2.7.RELEASE]
	at org.springframework.beans.factory.support.AbstractAutowireCapableBeanFactory.doCreateBean(AbstractAutowireCapableBeanFactory.java:557) ~[spring-beans-5.2.7.RELEASE.jar:5.2.7.RELEASE]
	at org.springframework.beans.factory.support.AbstractAutowireCapableBeanFactory.createBean(AbstractAutowireCapableBeanFactory.java:517) ~[spring-beans-5.2.7.RELEASE.jar:5.2.7.RELEASE]
	at org.springframework.beans.factory.support.AbstractBeanFactory.lambda$doGetBean$0(AbstractBeanFactory.java:323) ~[spring-beans-5.2.7.RELEASE.jar:5.2.7.RELEASE]
	at org.springframework.beans.factory.support.DefaultSingletonBeanRegistry.getSingleton(DefaultSingletonBeanRegistry.java:226) ~[spring-beans-5.2.7.RELEASE.jar:5.2.7.RELEASE]
	at org.springframework.beans.factory.support.AbstractBeanFactory.doGetBean(AbstractBeanFactory.java:321) ~[spring-beans-5.2.7.RELEASE.jar:5.2.7.RELEASE]
	at org.springframework.beans.factory.support.AbstractBeanFactory.getBean(AbstractBeanFactory.java:202) ~[spring-beans-5.2.7.RELEASE.jar:5.2.7.RELEASE]
	at org.springframework.beans.factory.config.DependencyDescriptor.resolveCandidate(DependencyDescriptor.java:276) ~[spring-beans-5.2.7.RELEASE.jar:5.2.7.RELEASE]
	at org.springframework.beans.factory.support.DefaultListableBeanFactory.doResolveDependency(DefaultListableBeanFactory.java:1304) ~[spring-beans-5.2.7.RELEASE.jar:5.2.7.RELEASE]
	at org.springframework.beans.factory.support.DefaultListableBeanFactory.resolveDependency(DefaultListableBeanFactory.java:1224) ~[spring-beans-5.2.7.RELEASE.jar:5.2.7.RELEASE]
	at org.springframework.beans.factory.support.AbstractAutowireCapableBeanFactory.autowireByType(AbstractAutowireCapableBeanFactory.java:1511) ~[spring-beans-5.2.7.RELEASE.jar:5.2.7.RELEASE]
	at org.springframework.beans.factory.support.AbstractAutowireCapableBeanFactory.populateBean(AbstractAutowireCapableBeanFactory.java:1406) ~[spring-beans-5.2.7.RELEASE.jar:5.2.7.RELEASE]
	at org.springframework.beans.factory.support.AbstractAutowireCapableBeanFactory.doCreateBean(AbstractAutowireCapableBeanFactory.java:594) ~[spring-beans-5.2.7.RELEASE.jar:5.2.7.RELEASE]
	at org.springframework.beans.factory.support.AbstractAutowireCapableBeanFactory.createBean(AbstractAutowireCapableBeanFactory.java:517) ~[spring-beans-5.2.7.RELEASE.jar:5.2.7.RELEASE]
	at org.springframework.beans.factory.support.AbstractBeanFactory.lambda$doGetBean$0(AbstractBeanFactory.java:323) ~[spring-beans-5.2.7.RELEASE.jar:5.2.7.RELEASE]
	at org.springframework.beans.factory.support.DefaultSingletonBeanRegistry.getSingleton(DefaultSingletonBeanRegistry.java:226) ~[spring-beans-5.2.7.RELEASE.jar:5.2.7.RELEASE]
	at org.springframework.beans.factory.support.AbstractBeanFactory.doGetBean(AbstractBeanFactory.java:321) ~[spring-beans-5.2.7.RELEASE.jar:5.2.7.RELEASE]
	at org.springframework.beans.factory.support.AbstractBeanFactory.getBean(AbstractBeanFactory.java:202) ~[spring-beans-5.2.7.RELEASE.jar:5.2.7.RELEASE]
	at org.springframework.beans.factory.config.DependencyDescriptor.resolveCandidate(DependencyDescriptor.java:276) ~[spring-beans-5.2.7.RELEASE.jar:5.2.7.RELEASE]
	at org.springframework.beans.factory.support.DefaultListableBeanFactory.doResolveDependency(DefaultListableBeanFactory.java:1304) ~[spring-beans-5.2.7.RELEASE.jar:5.2.7.RELEASE]
	at org.springframework.beans.factory.support.DefaultListableBeanFactory.resolveDependency(DefaultListableBeanFactory.java:1224) ~[spring-beans-5.2.7.RELEASE.jar:5.2.7.RELEASE]
	at org.springframework.beans.factory.annotation.AutowiredAnnotationBeanPostProcessor$AutowiredFieldElement.inject(AutowiredAnnotationBeanPostProcessor.java:640) ~[spring-beans-5.2.7.RELEASE.jar:5.2.7.RELEASE]
	at org.springframework.beans.factory.annotation.InjectionMetadata.inject(InjectionMetadata.java:130) ~[spring-beans-5.2.7.RELEASE.jar:5.2.7.RELEASE]
	at org.springframework.beans.factory.annotation.AutowiredAnnotationBeanPostProcessor.postProcessProperties(AutowiredAnnotationBeanPostProcessor.java:399) ~[spring-beans-5.2.7.RELEASE.jar:5.2.7.RELEASE]
	at org.springframework.beans.factory.support.AbstractAutowireCapableBeanFactory.populateBean(AbstractAutowireCapableBeanFactory.java:1422) ~[spring-beans-5.2.7.RELEASE.jar:5.2.7.RELEASE]
	at org.springframework.beans.factory.support.AbstractAutowireCapableBeanFactory.doCreateBean(AbstractAutowireCapableBeanFactory.java:594) ~[spring-beans-5.2.7.RELEASE.jar:5.2.7.RELEASE]
	at org.springframework.beans.factory.support.AbstractAutowireCapableBeanFactory.createBean(AbstractAutowireCapableBeanFactory.java:517) ~[spring-beans-5.2.7.RELEASE.jar:5.2.7.RELEASE]
	at org.springframework.beans.factory.support.AbstractBeanFactory.lambda$doGetBean$0(AbstractBeanFactory.java:323) ~[spring-beans-5.2.7.RELEASE.jar:5.2.7.RELEASE]
	at org.springframework.beans.factory.support.DefaultSingletonBeanRegistry.getSingleton(DefaultSingletonBeanRegistry.java:226) ~[spring-beans-5.2.7.RELEASE.jar:5.2.7.RELEASE]
	at org.springframework.beans.factory.support.AbstractBeanFactory.doGetBean(AbstractBeanFactory.java:321) ~[spring-beans-5.2.7.RELEASE.jar:5.2.7.RELEASE]
	at org.springframework.beans.factory.support.AbstractBeanFactory.getBean(AbstractBeanFactory.java:202) ~[spring-beans-5.2.7.RELEASE.jar:5.2.7.RELEASE]
	at org.springframework.beans.factory.config.DependencyDescriptor.resolveCandidate(DependencyDescriptor.java:276) ~[spring-beans-5.2.7.RELEASE.jar:5.2.7.RELEASE]
	at org.springframework.beans.factory.support.DefaultListableBeanFactory.doResolveDependency(DefaultListableBeanFactory.java:1304) ~[spring-beans-5.2.7.RELEASE.jar:5.2.7.RELEASE]
	at org.springframework.beans.factory.support.DefaultListableBeanFactory.resolveDependency(DefaultListableBeanFactory.java:1224) ~[spring-beans-5.2.7.RELEASE.jar:5.2.7.RELEASE]
	at org.springframework.beans.factory.annotation.AutowiredAnnotationBeanPostProcessor$AutowiredFieldElement.inject(AutowiredAnnotationBeanPostProcessor.java:640) ~[spring-beans-5.2.7.RELEASE.jar:5.2.7.RELEASE]
	... 84 more
Caused by: org.apache.ibatis.type.TypeException: Could not resolve type alias 'cn.jackbin.SimpleRecord.dto.BudgetExecutionDTO'.  Cause: java.lang.ClassNotFoundException: Cannot find class: cn.jackbin.SimpleRecord.dto.BudgetExecutionDTO
	at org.apache.ibatis.type.TypeAliasRegistry.resolveAlias(TypeAliasRegistry.java:120) ~[mybatis-3.5.4.jar:3.5.4]
	at org.apache.ibatis.builder.BaseBuilder.resolveAlias(BaseBuilder.java:149) ~[mybatis-3.5.4.jar:3.5.4]
	at org.apache.ibatis.builder.BaseBuilder.resolveClass(BaseBuilder.java:116) ~[mybatis-3.5.4.jar:3.5.4]
	at org.apache.ibatis.builder.xml.XMLStatementBuilder.parseStatementNode(XMLStatementBuilder.java:102) ~[mybatis-3.5.4.jar:3.5.4]
	at org.apache.ibatis.builder.xml.XMLMapperBuilder.buildStatementFromContext(XMLMapperBuilder.java:137) ~[mybatis-3.5.4.jar:3.5.4]
	at org.apache.ibatis.builder.xml.XMLMapperBuilder.buildStatementFromContext(XMLMapperBuilder.java:130) ~[mybatis-3.5.4.jar:3.5.4]
	at org.apache.ibatis.builder.xml.XMLMapperBuilder.configurationElement(XMLMapperBuilder.java:120) ~[mybatis-3.5.4.jar:3.5.4]
	at org.apache.ibatis.builder.xml.XMLMapperBuilder.parse(XMLMapperBuilder.java:94) ~[mybatis-3.5.4.jar:3.5.4]
	at com.baomidou.mybatisplus.extension.spring.MybatisSqlSessionFactoryBean.buildSqlSessionFactory(MybatisSqlSessionFactoryBean.java:591) ~[mybatis-plus-extension-3.3.2.jar:3.3.2]
	at com.baomidou.mybatisplus.extension.spring.MybatisSqlSessionFactoryBean.afterPropertiesSet(MybatisSqlSessionFactoryBean.java:429) ~[mybatis-plus-extension-3.3.2.jar:3.3.2]
	at com.baomidou.mybatisplus.extension.spring.MybatisSqlSessionFactoryBean.getObject(MybatisSqlSessionFactoryBean.java:626) ~[mybatis-plus-extension-3.3.2.jar:3.3.2]
	at com.baomidou.mybatisplus.autoconfigure.MybatisPlusAutoConfiguration.sqlSessionFactory(MybatisPlusAutoConfiguration.java:215) ~[mybatis-plus-boot-starter-3.3.2.jar:3.3.2]
	at com.baomidou.mybatisplus.autoconfigure.MybatisPlusAutoConfiguration$$EnhancerBySpringCGLIB$$f1427f39.CGLIB$sqlSessionFactory$1(<generated>) ~[mybatis-plus-boot-starter-3.3.2.jar:3.3.2]
	at com.baomidou.mybatisplus.autoconfigure.MybatisPlusAutoConfiguration$$EnhancerBySpringCGLIB$$f1427f39$$FastClassBySpringCGLIB$$38ba60c2.invoke(<generated>) ~[mybatis-plus-boot-starter-3.3.2.jar:3.3.2]
	at org.springframework.cglib.proxy.MethodProxy.invokeSuper(MethodProxy.java:244) ~[spring-core-5.2.7.RELEASE.jar:5.2.7.RELEASE]
	at org.springframework.context.annotation.ConfigurationClassEnhancer$BeanMethodInterceptor.intercept(ConfigurationClassEnhancer.java:331) ~[spring-context-5.2.7.RELEASE.jar:5.2.7.RELEASE]
	at com.baomidou.mybatisplus.autoconfigure.MybatisPlusAutoConfiguration$$EnhancerBySpringCGLIB$$f1427f39.sqlSessionFactory(<generated>) ~[mybatis-plus-boot-starter-3.3.2.jar:3.3.2]
	at jdk.internal.reflect.NativeMethodAccessorImpl.invoke0(Native Method) ~[?:?]
	at jdk.internal.reflect.NativeMethodAccessorImpl.invoke(NativeMethodAccessorImpl.java:77) ~[?:?]
	at jdk.internal.reflect.DelegatingMethodAccessorImpl.invoke(DelegatingMethodAccessorImpl.java:43) ~[?:?]
	at java.lang.reflect.Method.invoke(Method.java:569) ~[?:?]
	at org.springframework.beans.factory.support.SimpleInstantiationStrategy.instantiate(SimpleInstantiationStrategy.java:154) ~[spring-beans-5.2.7.RELEASE.jar:5.2.7.RELEASE]
	at org.springframework.beans.factory.support.ConstructorResolver.instantiate(ConstructorResolver.java:650) ~[spring-beans-5.2.7.RELEASE.jar:5.2.7.RELEASE]
	at org.springframework.beans.factory.support.ConstructorResolver.instantiateUsingFactoryMethod(ConstructorResolver.java:635) ~[spring-beans-5.2.7.RELEASE.jar:5.2.7.RELEASE]
	at org.springframework.beans.factory.support.AbstractAutowireCapableBeanFactory.instantiateUsingFactoryMethod(AbstractAutowireCapableBeanFactory.java:1338) ~[spring-beans-5.2.7.RELEASE.jar:5.2.7.RELEASE]
	at org.springframework.beans.factory.support.AbstractAutowireCapableBeanFactory.createBeanInstance(AbstractAutowireCapableBeanFactory.java:1177) ~[spring-beans-5.2.7.RELEASE.jar:5.2.7.RELEASE]
	at org.springframework.beans.factory.support.AbstractAutowireCapableBeanFactory.doCreateBean(AbstractAutowireCapableBeanFactory.java:557) ~[spring-beans-5.2.7.RELEASE.jar:5.2.7.RELEASE]
	at org.springframework.beans.factory.support.AbstractAutowireCapableBeanFactory.createBean(AbstractAutowireCapableBeanFactory.java:517) ~[spring-beans-5.2.7.RELEASE.jar:5.2.7.RELEASE]
	at org.springframework.beans.factory.support.AbstractBeanFactory.lambda$doGetBean$0(AbstractBeanFactory.java:323) ~[spring-beans-5.2.7.RELEASE.jar:5.2.7.RELEASE]
	at org.springframework.beans.factory.support.DefaultSingletonBeanRegistry.getSingleton(DefaultSingletonBeanRegistry.java:226) ~[spring-beans-5.2.7.RELEASE.jar:5.2.7.RELEASE]
	at org.springframework.beans.factory.support.AbstractBeanFactory.doGetBean(AbstractBeanFactory.java:321) ~[spring-beans-5.2.7.RELEASE.jar:5.2.7.RELEASE]
	at org.springframework.beans.factory.support.AbstractBeanFactory.getBean(AbstractBeanFactory.java:202) ~[spring-beans-5.2.7.RELEASE.jar:5.2.7.RELEASE]
	at org.springframework.beans.factory.config.DependencyDescriptor.resolveCandidate(DependencyDescriptor.java:276) ~[spring-beans-5.2.7.RELEASE.jar:5.2.7.RELEASE]
	at org.springframework.beans.factory.support.DefaultListableBeanFactory.doResolveDependency(DefaultListableBeanFactory.java:1304) ~[spring-beans-5.2.7.RELEASE.jar:5.2.7.RELEASE]
	at org.springframework.beans.factory.support.DefaultListableBeanFactory.resolveDependency(DefaultListableBeanFactory.java:1224) ~[spring-beans-5.2.7.RELEASE.jar:5.2.7.RELEASE]
	at org.springframework.beans.factory.support.AbstractAutowireCapableBeanFactory.autowireByType(AbstractAutowireCapableBeanFactory.java:1511) ~[spring-beans-5.2.7.RELEASE.jar:5.2.7.RELEASE]
	at org.springframework.beans.factory.support.AbstractAutowireCapableBeanFactory.populateBean(AbstractAutowireCapableBeanFactory.java:1406) ~[spring-beans-5.2.7.RELEASE.jar:5.2.7.RELEASE]
	at org.springframework.beans.factory.support.AbstractAutowireCapableBeanFactory.doCreateBean(AbstractAutowireCapableBeanFactory.java:594) ~[spring-beans-5.2.7.RELEASE.jar:5.2.7.RELEASE]
	at org.springframework.beans.factory.support.AbstractAutowireCapableBeanFactory.createBean(AbstractAutowireCapableBeanFactory.java:517) ~[spring-beans-5.2.7.RELEASE.jar:5.2.7.RELEASE]
	at org.springframework.beans.factory.support.AbstractBeanFactory.lambda$doGetBean$0(AbstractBeanFactory.java:323) ~[spring-beans-5.2.7.RELEASE.jar:5.2.7.RELEASE]
	at org.springframework.beans.factory.support.DefaultSingletonBeanRegistry.getSingleton(DefaultSingletonBeanRegistry.java:226) ~[spring-beans-5.2.7.RELEASE.jar:5.2.7.RELEASE]
	at org.springframework.beans.factory.support.AbstractBeanFactory.doGetBean(AbstractBeanFactory.java:321) ~[spring-beans-5.2.7.RELEASE.jar:5.2.7.RELEASE]
	at org.springframework.beans.factory.support.AbstractBeanFactory.getBean(AbstractBeanFactory.java:202) ~[spring-beans-5.2.7.RELEASE.jar:5.2.7.RELEASE]
	at org.springframework.beans.factory.config.DependencyDescriptor.resolveCandidate(DependencyDescriptor.java:276) ~[spring-beans-5.2.7.RELEASE.jar:5.2.7.RELEASE]
	at org.springframework.beans.factory.support.DefaultListableBeanFactory.doResolveDependency(DefaultListableBeanFactory.java:1304) ~[spring-beans-5.2.7.RELEASE.jar:5.2.7.RELEASE]
	at org.springframework.beans.factory.support.DefaultListableBeanFactory.resolveDependency(DefaultListableBeanFactory.java:1224) ~[spring-beans-5.2.7.RELEASE.jar:5.2.7.RELEASE]
	at org.springframework.beans.factory.annotation.AutowiredAnnotationBeanPostProcessor$AutowiredFieldElement.inject(AutowiredAnnotationBeanPostProcessor.java:640) ~[spring-beans-5.2.7.RELEASE.jar:5.2.7.RELEASE]
	at org.springframework.beans.factory.annotation.InjectionMetadata.inject(InjectionMetadata.java:130) ~[spring-beans-5.2.7.RELEASE.jar:5.2.7.RELEASE]
	at org.springframework.beans.factory.annotation.AutowiredAnnotationBeanPostProcessor.postProcessProperties(AutowiredAnnotationBeanPostProcessor.java:399) ~[spring-beans-5.2.7.RELEASE.jar:5.2.7.RELEASE]
	at org.springframework.beans.factory.support.AbstractAutowireCapableBeanFactory.populateBean(AbstractAutowireCapableBeanFactory.java:1422) ~[spring-beans-5.2.7.RELEASE.jar:5.2.7.RELEASE]
	at org.springframework.beans.factory.support.AbstractAutowireCapableBeanFactory.doCreateBean(AbstractAutowireCapableBeanFactory.java:594) ~[spring-beans-5.2.7.RELEASE.jar:5.2.7.RELEASE]
	at org.springframework.beans.factory.support.AbstractAutowireCapableBeanFactory.createBean(AbstractAutowireCapableBeanFactory.java:517) ~[spring-beans-5.2.7.RELEASE.jar:5.2.7.RELEASE]
	at org.springframework.beans.factory.support.AbstractBeanFactory.lambda$doGetBean$0(AbstractBeanFactory.java:323) ~[spring-beans-5.2.7.RELEASE.jar:5.2.7.RELEASE]
	at org.springframework.beans.factory.support.DefaultSingletonBeanRegistry.getSingleton(DefaultSingletonBeanRegistry.java:226) ~[spring-beans-5.2.7.RELEASE.jar:5.2.7.RELEASE]
	at org.springframework.beans.factory.support.AbstractBeanFactory.doGetBean(AbstractBeanFactory.java:321) ~[spring-beans-5.2.7.RELEASE.jar:5.2.7.RELEASE]
	at org.springframework.beans.factory.support.AbstractBeanFactory.getBean(AbstractBeanFactory.java:202) ~[spring-beans-5.2.7.RELEASE.jar:5.2.7.RELEASE]
	at org.springframework.beans.factory.config.DependencyDescriptor.resolveCandidate(DependencyDescriptor.java:276) ~[spring-beans-5.2.7.RELEASE.jar:5.2.7.RELEASE]
	at org.springframework.beans.factory.support.DefaultListableBeanFactory.doResolveDependency(DefaultListableBeanFactory.java:1304) ~[spring-beans-5.2.7.RELEASE.jar:5.2.7.RELEASE]
	at org.springframework.beans.factory.support.DefaultListableBeanFactory.resolveDependency(DefaultListableBeanFactory.java:1224) ~[spring-beans-5.2.7.RELEASE.jar:5.2.7.RELEASE]
	at org.springframework.beans.factory.annotation.AutowiredAnnotationBeanPostProcessor$AutowiredFieldElement.inject(AutowiredAnnotationBeanPostProcessor.java:640) ~[spring-beans-5.2.7.RELEASE.jar:5.2.7.RELEASE]
	... 84 more
Caused by: java.lang.ClassNotFoundException: Cannot find class: cn.jackbin.SimpleRecord.dto.BudgetExecutionDTO
	at org.apache.ibatis.io.ClassLoaderWrapper.classForName(ClassLoaderWrapper.java:200) ~[mybatis-3.5.4.jar:3.5.4]
	at org.apache.ibatis.io.ClassLoaderWrapper.classForName(ClassLoaderWrapper.java:89) ~[mybatis-3.5.4.jar:3.5.4]
	at org.apache.ibatis.io.Resources.classForName(Resources.java:261) ~[mybatis-3.5.4.jar:3.5.4]
	at org.apache.ibatis.type.TypeAliasRegistry.resolveAlias(TypeAliasRegistry.java:116) ~[mybatis-3.5.4.jar:3.5.4]
	at org.apache.ibatis.builder.BaseBuilder.resolveAlias(BaseBuilder.java:149) ~[mybatis-3.5.4.jar:3.5.4]
	at org.apache.ibatis.builder.BaseBuilder.resolveClass(BaseBuilder.java:116) ~[mybatis-3.5.4.jar:3.5.4]
	at org.apache.ibatis.builder.xml.XMLStatementBuilder.parseStatementNode(XMLStatementBuilder.java:102) ~[mybatis-3.5.4.jar:3.5.4]
	at org.apache.ibatis.builder.xml.XMLMapperBuilder.buildStatementFromContext(XMLMapperBuilder.java:137) ~[mybatis-3.5.4.jar:3.5.4]
	at org.apache.ibatis.builder.xml.XMLMapperBuilder.buildStatementFromContext(XMLMapperBuilder.java:130) ~[mybatis-3.5.4.jar:3.5.4]
	at org.apache.ibatis.builder.xml.XMLMapperBuilder.configurationElement(XMLMapperBuilder.java:120) ~[mybatis-3.5.4.jar:3.5.4]
	at org.apache.ibatis.builder.xml.XMLMapperBuilder.parse(XMLMapperBuilder.java:94) ~[mybatis-3.5.4.jar:3.5.4]
	at com.baomidou.mybatisplus.extension.spring.MybatisSqlSessionFactoryBean.buildSqlSessionFactory(MybatisSqlSessionFactoryBean.java:591) ~[mybatis-plus-extension-3.3.2.jar:3.3.2]
	at com.baomidou.mybatisplus.extension.spring.MybatisSqlSessionFactoryBean.afterPropertiesSet(MybatisSqlSessionFactoryBean.java:429) ~[mybatis-plus-extension-3.3.2.jar:3.3.2]
	at com.baomidou.mybatisplus.extension.spring.MybatisSqlSessionFactoryBean.getObject(MybatisSqlSessionFactoryBean.java:626) ~[mybatis-plus-extension-3.3.2.jar:3.3.2]
	at com.baomidou.mybatisplus.autoconfigure.MybatisPlusAutoConfiguration.sqlSessionFactory(MybatisPlusAutoConfiguration.java:215) ~[mybatis-plus-boot-starter-3.3.2.jar:3.3.2]
	at com.baomidou.mybatisplus.autoconfigure.MybatisPlusAutoConfiguration$$EnhancerBySpringCGLIB$$f1427f39.CGLIB$sqlSessionFactory$1(<generated>) ~[mybatis-plus-boot-starter-3.3.2.jar:3.3.2]
	at com.baomidou.mybatisplus.autoconfigure.MybatisPlusAutoConfiguration$$EnhancerBySpringCGLIB$$f1427f39$$FastClassBySpringCGLIB$$38ba60c2.invoke(<generated>) ~[mybatis-plus-boot-starter-3.3.2.jar:3.3.2]
	at org.springframework.cglib.proxy.MethodProxy.invokeSuper(MethodProxy.java:244) ~[spring-core-5.2.7.RELEASE.jar:5.2.7.RELEASE]
	at org.springframework.context.annotation.ConfigurationClassEnhancer$BeanMethodInterceptor.intercept(ConfigurationClassEnhancer.java:331) ~[spring-context-5.2.7.RELEASE.jar:5.2.7.RELEASE]
	at com.baomidou.mybatisplus.autoconfigure.MybatisPlusAutoConfiguration$$EnhancerBySpringCGLIB$$f1427f39.sqlSessionFactory(<generated>) ~[mybatis-plus-boot-starter-3.3.2.jar:3.3.2]
	at jdk.internal.reflect.NativeMethodAccessorImpl.invoke0(Native Method) ~[?:?]
	at jdk.internal.reflect.NativeMethodAccessorImpl.invoke(NativeMethodAccessorImpl.java:77) ~[?:?]
	at jdk.internal.reflect.DelegatingMethodAccessorImpl.invoke(DelegatingMethodAccessorImpl.java:43) ~[?:?]
	at java.lang.reflect.Method.invoke(Method.java:569) ~[?:?]
	at org.springframework.beans.factory.support.SimpleInstantiationStrategy.instantiate(SimpleInstantiationStrategy.java:154) ~[spring-beans-5.2.7.RELEASE.jar:5.2.7.RELEASE]
	at org.springframework.beans.factory.support.ConstructorResolver.instantiate(ConstructorResolver.java:650) ~[spring-beans-5.2.7.RELEASE.jar:5.2.7.RELEASE]
	at org.springframework.beans.factory.support.ConstructorResolver.instantiateUsingFactoryMethod(ConstructorResolver.java:635) ~[spring-beans-5.2.7.RELEASE.jar:5.2.7.RELEASE]
	at org.springframework.beans.factory.support.AbstractAutowireCapableBeanFactory.instantiateUsingFactoryMethod(AbstractAutowireCapableBeanFactory.java:1338) ~[spring-beans-5.2.7.RELEASE.jar:5.2.7.RELEASE]
	at org.springframework.beans.factory.support.AbstractAutowireCapableBeanFactory.createBeanInstance(AbstractAutowireCapableBeanFactory.java:1177) ~[spring-beans-5.2.7.RELEASE.jar:5.2.7.RELEASE]
	at org.springframework.beans.factory.support.AbstractAutowireCapableBeanFactory.doCreateBean(AbstractAutowireCapableBeanFactory.java:557) ~[spring-beans-5.2.7.RELEASE.jar:5.2.7.RELEASE]
	at org.springframework.beans.factory.support.AbstractAutowireCapableBeanFactory.createBean(AbstractAutowireCapableBeanFactory.java:517) ~[spring-beans-5.2.7.RELEASE.jar:5.2.7.RELEASE]
	at org.springframework.beans.factory.support.AbstractBeanFactory.lambda$doGetBean$0(AbstractBeanFactory.java:323) ~[spring-beans-5.2.7.RELEASE.jar:5.2.7.RELEASE]
	at org.springframework.beans.factory.support.DefaultSingletonBeanRegistry.getSingleton(DefaultSingletonBeanRegistry.java:226) ~[spring-beans-5.2.7.RELEASE.jar:5.2.7.RELEASE]
	at org.springframework.beans.factory.support.AbstractBeanFactory.doGetBean(AbstractBeanFactory.java:321) ~[spring-beans-5.2.7.RELEASE.jar:5.2.7.RELEASE]
	at org.springframework.beans.factory.support.AbstractBeanFactory.getBean(AbstractBeanFactory.java:202) ~[spring-beans-5.2.7.RELEASE.jar:5.2.7.RELEASE]
	at org.springframework.beans.factory.config.DependencyDescriptor.resolveCandidate(DependencyDescriptor.java:276) ~[spring-beans-5.2.7.RELEASE.jar:5.2.7.RELEASE]
	at org.springframework.beans.factory.support.DefaultListableBeanFactory.doResolveDependency(DefaultListableBeanFactory.java:1304) ~[spring-beans-5.2.7.RELEASE.jar:5.2.7.RELEASE]
	at org.springframework.beans.factory.support.DefaultListableBeanFactory.resolveDependency(DefaultListableBeanFactory.java:1224) ~[spring-beans-5.2.7.RELEASE.jar:5.2.7.RELEASE]
	at org.springframework.beans.factory.support.AbstractAutowireCapableBeanFactory.autowireByType(AbstractAutowireCapableBeanFactory.java:1511) ~[spring-beans-5.2.7.RELEASE.jar:5.2.7.RELEASE]
	at org.springframework.beans.factory.support.AbstractAutowireCapableBeanFactory.populateBean(AbstractAutowireCapableBeanFactory.java:1406) ~[spring-beans-5.2.7.RELEASE.jar:5.2.7.RELEASE]
	at org.springframework.beans.factory.support.AbstractAutowireCapableBeanFactory.doCreateBean(AbstractAutowireCapableBeanFactory.java:594) ~[spring-beans-5.2.7.RELEASE.jar:5.2.7.RELEASE]
	at org.springframework.beans.factory.support.AbstractAutowireCapableBeanFactory.createBean(AbstractAutowireCapableBeanFactory.java:517) ~[spring-beans-5.2.7.RELEASE.jar:5.2.7.RELEASE]
	at org.springframework.beans.factory.support.AbstractBeanFactory.lambda$doGetBean$0(AbstractBeanFactory.java:323) ~[spring-beans-5.2.7.RELEASE.jar:5.2.7.RELEASE]
	at org.springframework.beans.factory.support.DefaultSingletonBeanRegistry.getSingleton(DefaultSingletonBeanRegistry.java:226) ~[spring-beans-5.2.7.RELEASE.jar:5.2.7.RELEASE]
	at org.springframework.beans.factory.support.AbstractBeanFactory.doGetBean(AbstractBeanFactory.java:321) ~[spring-beans-5.2.7.RELEASE.jar:5.2.7.RELEASE]
	at org.springframework.beans.factory.support.AbstractBeanFactory.getBean(AbstractBeanFactory.java:202) ~[spring-beans-5.2.7.RELEASE.jar:5.2.7.RELEASE]
	at org.springframework.beans.factory.config.DependencyDescriptor.resolveCandidate(DependencyDescriptor.java:276) ~[spring-beans-5.2.7.RELEASE.jar:5.2.7.RELEASE]
	at org.springframework.beans.factory.support.DefaultListableBeanFactory.doResolveDependency(DefaultListableBeanFactory.java:1304) ~[spring-beans-5.2.7.RELEASE.jar:5.2.7.RELEASE]
	at org.springframework.beans.factory.support.DefaultListableBeanFactory.resolveDependency(DefaultListableBeanFactory.java:1224) ~[spring-beans-5.2.7.RELEASE.jar:5.2.7.RELEASE]
	at org.springframework.beans.factory.annotation.AutowiredAnnotationBeanPostProcessor$AutowiredFieldElement.inject(AutowiredAnnotationBeanPostProcessor.java:640) ~[spring-beans-5.2.7.RELEASE.jar:5.2.7.RELEASE]
	at org.springframework.beans.factory.annotation.InjectionMetadata.inject(InjectionMetadata.java:130) ~[spring-beans-5.2.7.RELEASE.jar:5.2.7.RELEASE]
	at org.springframework.beans.factory.annotation.AutowiredAnnotationBeanPostProcessor.postProcessProperties(AutowiredAnnotationBeanPostProcessor.java:399) ~[spring-beans-5.2.7.RELEASE.jar:5.2.7.RELEASE]
	at org.springframework.beans.factory.support.AbstractAutowireCapableBeanFactory.populateBean(AbstractAutowireCapableBeanFactory.java:1422) ~[spring-beans-5.2.7.RELEASE.jar:5.2.7.RELEASE]
	at org.springframework.beans.factory.support.AbstractAutowireCapableBeanFactory.doCreateBean(AbstractAutowireCapableBeanFactory.java:594) ~[spring-beans-5.2.7.RELEASE.jar:5.2.7.RELEASE]
	at org.springframework.beans.factory.support.AbstractAutowireCapableBeanFactory.createBean(AbstractAutowireCapableBeanFactory.java:517) ~[spring-beans-5.2.7.RELEASE.jar:5.2.7.RELEASE]
	at org.springframework.beans.factory.support.AbstractBeanFactory.lambda$doGetBean$0(AbstractBeanFactory.java:323) ~[spring-beans-5.2.7.RELEASE.jar:5.2.7.RELEASE]
	at org.springframework.beans.factory.support.DefaultSingletonBeanRegistry.getSingleton(DefaultSingletonBeanRegistry.java:226) ~[spring-beans-5.2.7.RELEASE.jar:5.2.7.RELEASE]
	at org.springframework.beans.factory.support.AbstractBeanFactory.doGetBean(AbstractBeanFactory.java:321) ~[spring-beans-5.2.7.RELEASE.jar:5.2.7.RELEASE]
	at org.springframework.beans.factory.support.AbstractBeanFactory.getBean(AbstractBeanFactory.java:202) ~[spring-beans-5.2.7.RELEASE.jar:5.2.7.RELEASE]
	at org.springframework.beans.factory.config.DependencyDescriptor.resolveCandidate(DependencyDescriptor.java:276) ~[spring-beans-5.2.7.RELEASE.jar:5.2.7.RELEASE]
	at org.springframework.beans.factory.support.DefaultListableBeanFactory.doResolveDependency(DefaultListableBeanFactory.java:1304) ~[spring-beans-5.2.7.RELEASE.jar:5.2.7.RELEASE]
	at org.springframework.beans.factory.support.DefaultListableBeanFactory.resolveDependency(DefaultListableBeanFactory.java:1224) ~[spring-beans-5.2.7.RELEASE.jar:5.2.7.RELEASE]
	at org.springframework.beans.factory.annotation.AutowiredAnnotationBeanPostProcessor$AutowiredFieldElement.inject(AutowiredAnnotationBeanPostProcessor.java:640) ~[spring-beans-5.2.7.RELEASE.jar:5.2.7.RELEASE]
	... 84 more
[2026-06-11 21:39:47:898] [ERROR] - org.springframework.test.context.TestContextManager.prepareTestInstance(TestContextManager.java:248) - Caught exception while allowing TestExecutionListener [org.springframework.test.context.web.ServletTestExecutionListener@3321291a] to prepare test instance [cn.jackbin.SimpleRecord.SpringBootSimpleRecordApplicationTest@29ec5005]
java.lang.IllegalStateException: Failed to load ApplicationContext
	at org.springframework.test.context.cache.DefaultCacheAwareContextLoaderDelegate.loadContext(DefaultCacheAwareContextLoaderDelegate.java:132) ~[spring-test-5.2.7.RELEASE.jar:5.2.7.RELEASE]
	at org.springframework.test.context.support.DefaultTestContext.getApplicationContext(DefaultTestContext.java:123) ~[spring-test-5.2.7.RELEASE.jar:5.2.7.RELEASE]
	at org.springframework.test.context.web.ServletTestExecutionListener.setUpRequestContextIfNecessary(ServletTestExecutionListener.java:190) ~[spring-test-5.2.7.RELEASE.jar:5.2.7.RELEASE]
	at org.springframework.test.context.web.ServletTestExecutionListener.prepareTestInstance(ServletTestExecutionListener.java:132) ~[spring-test-5.2.7.RELEASE.jar:5.2.7.RELEASE]
	at org.springframework.test.context.TestContextManager.prepareTestInstance(TestContextManager.java:244) ~[spring-test-5.2.7.RELEASE.jar:5.2.7.RELEASE]
	at org.springframework.test.context.junit.jupiter.SpringExtension.postProcessTestInstance(SpringExtension.java:98) ~[spring-test-5.2.7.RELEASE.jar:5.2.7.RELEASE]
	at org.junit.jupiter.engine.descriptor.ClassBasedTestDescriptor.lambda$invokeTestInstancePostProcessors$5(ClassBasedTestDescriptor.java:341) ~[junit-jupiter-engine-5.6.2.jar:5.6.2]
	at org.junit.jupiter.engine.descriptor.ClassBasedTestDescriptor.executeAndMaskThrowable(ClassBasedTestDescriptor.java:346) ~[junit-jupiter-engine-5.6.2.jar:5.6.2]
	at org.junit.jupiter.engine.descriptor.ClassBasedTestDescriptor.lambda$invokeTestInstancePostProcessors$6(ClassBasedTestDescriptor.java:341) ~[junit-jupiter-engine-5.6.2.jar:5.6.2]
	at java.util.stream.ReferencePipeline$3$1.accept(ReferencePipeline.java:197) ~[?:?]
	at java.util.stream.ReferencePipeline$2$1.accept(ReferencePipeline.java:179) ~[?:?]
	at java.util.ArrayList$ArrayListSpliterator.forEachRemaining(ArrayList.java:1625) ~[?:?]
	at java.util.stream.AbstractPipeline.copyInto(AbstractPipeline.java:509) ~[?:?]
	at java.util.stream.AbstractPipeline.wrapAndCopyInto(AbstractPipeline.java:499) ~[?:?]
	at java.util.stream.StreamSpliterators$WrappingSpliterator.forEachRemaining(StreamSpliterators.java:310) ~[?:?]
	at java.util.stream.Streams$ConcatSpliterator.forEachRemaining(Streams.java:735) ~[?:?]
	at java.util.stream.Streams$ConcatSpliterator.forEachRemaining(Streams.java:734) ~[?:?]
	at java.util.stream.ReferencePipeline$Head.forEach(ReferencePipeline.java:762) ~[?:?]
	at org.junit.jupiter.engine.descriptor.ClassBasedTestDescriptor.invokeTestInstancePostProcessors(ClassBasedTestDescriptor.java:340) ~[junit-jupiter-engine-5.6.2.jar:5.6.2]
	at org.junit.jupiter.engine.descriptor.ClassBasedTestDescriptor.instantiateAndPostProcessTestInstance(ClassBasedTestDescriptor.java:263) ~[junit-jupiter-engine-5.6.2.jar:5.6.2]
	at org.junit.jupiter.engine.descriptor.ClassBasedTestDescriptor.lambda$testInstancesProvider$2(ClassBasedTestDescriptor.java:256) ~[junit-jupiter-engine-5.6.2.jar:5.6.2]
	at java.util.Optional.orElseGet(Optional.java:364) ~[?:?]
	at org.junit.jupiter.engine.descriptor.ClassBasedTestDescriptor.lambda$testInstancesProvider$3(ClassBasedTestDescriptor.java:255) ~[junit-jupiter-engine-5.6.2.jar:5.6.2]
	at org.junit.jupiter.engine.execution.TestInstancesProvider.getTestInstances(TestInstancesProvider.java:29) ~[junit-jupiter-engine-5.6.2.jar:5.6.2]
	at org.junit.jupiter.engine.descriptor.TestMethodTestDescriptor.lambda$prepare$0(TestMethodTestDescriptor.java:108) ~[junit-jupiter-engine-5.6.2.jar:5.6.2]
	at org.junit.platform.engine.support.hierarchical.ThrowableCollector.execute(ThrowableCollector.java:73) ~[junit-platform-engine-1.6.2.jar:1.6.2]
	at org.junit.jupiter.engine.descriptor.TestMethodTestDescriptor.prepare(TestMethodTestDescriptor.java:107) ~[junit-jupiter-engine-5.6.2.jar:5.6.2]
	at org.junit.jupiter.engine.descriptor.TestMethodTestDescriptor.prepare(TestMethodTestDescriptor.java:71) ~[junit-jupiter-engine-5.6.2.jar:5.6.2]
	at org.junit.platform.engine.support.hierarchical.NodeTestTask.lambda$prepare$1(NodeTestTask.java:107) ~[junit-platform-engine-1.6.2.jar:1.6.2]
	at org.junit.platform.engine.support.hierarchical.ThrowableCollector.execute(ThrowableCollector.java:73) ~[junit-platform-engine-1.6.2.jar:1.6.2]
	at org.junit.platform.engine.support.hierarchical.NodeTestTask.prepare(NodeTestTask.java:107) ~[junit-platform-engine-1.6.2.jar:1.6.2]
	at org.junit.platform.engine.support.hierarchical.NodeTestTask.execute(NodeTestTask.java:75) ~[junit-platform-engine-1.6.2.jar:1.6.2]
	at java.util.ArrayList.forEach(ArrayList.java:1511) ~[?:?]
	at org.junit.platform.engine.support.hierarchical.SameThreadHierarchicalTestExecutorService.invokeAll(SameThreadHierarchicalTestExecutorService.java:38) ~[junit-platform-engine-1.6.2.jar:1.6.2]
	at org.junit.platform.engine.support.hierarchical.NodeTestTask.lambda$executeRecursively$5(NodeTestTask.java:139) ~[junit-platform-engine-1.6.2.jar:1.6.2]
	at org.junit.platform.engine.support.hierarchical.ThrowableCollector.execute(ThrowableCollector.java:73) ~[junit-platform-engine-1.6.2.jar:1.6.2]
	at org.junit.platform.engine.support.hierarchical.NodeTestTask.lambda$executeRecursively$7(NodeTestTask.java:125) ~[junit-platform-engine-1.6.2.jar:1.6.2]
	at org.junit.platform.engine.support.hierarchical.Node.around(Node.java:135) ~[junit-platform-engine-1.6.2.jar:1.6.2]
	at org.junit.platform.engine.support.hierarchical.NodeTestTask.lambda$executeRecursively$8(NodeTestTask.java:123) ~[junit-platform-engine-1.6.2.jar:1.6.2]
	at org.junit.platform.engine.support.hierarchical.ThrowableCollector.execute(ThrowableCollector.java:73) ~[junit-platform-engine-1.6.2.jar:1.6.2]
	at org.junit.platform.engine.support.hierarchical.NodeTestTask.executeRecursively(NodeTestTask.java:122) ~[junit-platform-engine-1.6.2.jar:1.6.2]
	at org.junit.platform.engine.support.hierarchical.NodeTestTask.execute(NodeTestTask.java:80) ~[junit-platform-engine-1.6.2.jar:1.6.2]
	at java.util.ArrayList.forEach(ArrayList.java:1511) ~[?:?]
	at org.junit.platform.engine.support.hierarchical.SameThreadHierarchicalTestExecutorService.invokeAll(SameThreadHierarchicalTestExecutorService.java:38) ~[junit-platform-engine-1.6.2.jar:1.6.2]
	at org.junit.platform.engine.support.hierarchical.NodeTestTask.lambda$executeRecursively$5(NodeTestTask.java:139) ~[junit-platform-engine-1.6.2.jar:1.6.2]
	at org.junit.platform.engine.support.hierarchical.ThrowableCollector.execute(ThrowableCollector.java:73) ~[junit-platform-engine-1.6.2.jar:1.6.2]
	at org.junit.platform.engine.support.hierarchical.NodeTestTask.lambda$executeRecursively$7(NodeTestTask.java:125) ~[junit-platform-engine-1.6.2.jar:1.6.2]
	at org.junit.platform.engine.support.hierarchical.Node.around(Node.java:135) ~[junit-platform-engine-1.6.2.jar:1.6.2]
	at org.junit.platform.engine.support.hierarchical.NodeTestTask.lambda$executeRecursively$8(NodeTestTask.java:123) ~[junit-platform-engine-1.6.2.jar:1.6.2]
	at org.junit.platform.engine.support.hierarchical.ThrowableCollector.execute(ThrowableCollector.java:73) ~[junit-platform-engine-1.6.2.jar:1.6.2]
	at org.junit.platform.engine.support.hierarchical.NodeTestTask.executeRecursively(NodeTestTask.java:122) ~[junit-platform-engine-1.6.2.jar:1.6.2]
	at org.junit.platform.engine.support.hierarchical.NodeTestTask.execute(NodeTestTask.java:80) ~[junit-platform-engine-1.6.2.jar:1.6.2]
	at org.junit.platform.engine.support.hierarchical.SameThreadHierarchicalTestExecutorService.submit(SameThreadHierarchicalTestExecutorService.java:32) ~[junit-platform-engine-1.6.2.jar:1.6.2]
	at org.junit.platform.engine.support.hierarchical.HierarchicalTestExecutor.execute(HierarchicalTestExecutor.java:57) ~[junit-platform-engine-1.6.2.jar:1.6.2]
	at org.junit.platform.engine.support.hierarchical.HierarchicalTestEngine.execute(HierarchicalTestEngine.java:51) ~[junit-platform-engine-1.6.2.jar:1.6.2]
	at org.junit.platform.launcher.core.DefaultLauncher.execute(DefaultLauncher.java:220) ~[junit-platform-launcher-1.3.1.jar:1.3.1]
	at org.junit.platform.launcher.core.DefaultLauncher.lambda$execute$6(DefaultLauncher.java:188) ~[junit-platform-launcher-1.3.1.jar:1.3.1]
	at org.junit.platform.launcher.core.DefaultLauncher.withInterceptedStreams(DefaultLauncher.java:202) [junit-platform-launcher-1.3.1.jar:1.3.1]
	at org.junit.platform.launcher.core.DefaultLauncher.execute(DefaultLauncher.java:181) [junit-platform-launcher-1.3.1.jar:1.3.1]
	at org.junit.platform.launcher.core.DefaultLauncher.execute(DefaultLauncher.java:128) [junit-platform-launcher-1.3.1.jar:1.3.1]
	at org.apache.maven.surefire.junitplatform.JUnitPlatformProvider.invokeAllTests(JUnitPlatformProvider.java:150) [surefire-junit-platform-2.22.2.jar:2.22.2]
	at org.apache.maven.surefire.junitplatform.JUnitPlatformProvider.invoke(JUnitPlatformProvider.java:124) [surefire-junit-platform-2.22.2.jar:2.22.2]
	at org.apache.maven.surefire.booter.ForkedBooter.invokeProviderInSameClassLoader(ForkedBooter.java:384) [surefire-booter-2.22.2.jar:2.22.2]
	at org.apache.maven.surefire.booter.ForkedBooter.runSuitesInProcess(ForkedBooter.java:345) [surefire-booter-2.22.2.jar:2.22.2]
	at org.apache.maven.surefire.booter.ForkedBooter.execute(ForkedBooter.java:126) [surefire-booter-2.22.2.jar:2.22.2]
	at org.apache.maven.surefire.booter.ForkedBooter.main(ForkedBooter.java:418) [surefire-booter-2.22.2.jar:2.22.2]
Caused by: org.springframework.beans.factory.UnsatisfiedDependencyException: Error creating bean with name 'sharedBookPermissionChecker': Unsatisfied dependency expressed through field 'sharedBookService'; nested exception is org.springframework.beans.factory.UnsatisfiedDependencyException: Error creating bean with name 'sharedBookServiceImpl': Unsatisfied dependency expressed through field 'baseMapper'; nested exception is org.springframework.beans.factory.UnsatisfiedDependencyException: Error creating bean with name 'sharedBookMemberMapper' defined in file [C:\Users\13292\Desktop\claudel1\reposNew\task30\target\classes\cn\jackbin\SimpleRecord\mapper\SharedBookMemberMapper.class]: Unsatisfied dependency expressed through bean property 'sqlSessionFactory'; nested exception is org.springframework.beans.factory.BeanCreationException: Error creating bean with name 'sqlSessionFactory' defined in class path resource [com/baomidou/mybatisplus/autoconfigure/MybatisPlusAutoConfiguration.class]: Bean instantiation via factory method failed; nested exception is org.springframework.beans.BeanInstantiationException: Failed to instantiate [org.apache.ibatis.session.SqlSessionFactory]: Factory method 'sqlSessionFactory' threw exception; nested exception is org.springframework.core.NestedIOException: Failed to parse mapping resource: 'file [C:\Users\13292\Desktop\claudel1\reposNew\task30\target\classes\mapper\BudgetMapper.xml]'; nested exception is org.apache.ibatis.builder.BuilderException: Error parsing Mapper XML. The XML location is 'file [C:\Users\13292\Desktop\claudel1\reposNew\task30\target\classes\mapper\BudgetMapper.xml]'. Cause: org.apache.ibatis.builder.BuilderException: Error resolving class. Cause: org.apache.ibatis.type.TypeException: Could not resolve type alias 'cn.jackbin.SimpleRecord.dto.BudgetExecutionDTO'.  Cause: java.lang.ClassNotFoundException: Cannot find class: cn.jackbin.SimpleRecord.dto.BudgetExecutionDTO
	at org.springframework.beans.factory.annotation.AutowiredAnnotationBeanPostProcessor$AutowiredFieldElement.inject(AutowiredAnnotationBeanPostProcessor.java:643) ~[spring-beans-5.2.7.RELEASE.jar:5.2.7.RELEASE]
	at org.springframework.beans.factory.annotation.InjectionMetadata.inject(InjectionMetadata.java:130) ~[spring-beans-5.2.7.RELEASE.jar:5.2.7.RELEASE]
	at org.springframework.beans.factory.annotation.AutowiredAnnotationBeanPostProcessor.postProcessProperties(AutowiredAnnotationBeanPostProcessor.java:399) ~[spring-beans-5.2.7.RELEASE.jar:5.2.7.RELEASE]
	at org.springframework.beans.factory.support.AbstractAutowireCapableBeanFactory.populateBean(AbstractAutowireCapableBeanFactory.java:1422) ~[spring-beans-5.2.7.RELEASE.jar:5.2.7.RELEASE]
	at org.springframework.beans.factory.support.AbstractAutowireCapableBeanFactory.doCreateBean(AbstractAutowireCapableBeanFactory.java:594) ~[spring-beans-5.2.7.RELEASE.jar:5.2.7.RELEASE]
	at org.springframework.beans.factory.support.AbstractAutowireCapableBeanFactory.createBean(AbstractAutowireCapableBeanFactory.java:517) ~[spring-beans-5.2.7.RELEASE.jar:5.2.7.RELEASE]
	at org.springframework.beans.factory.support.AbstractBeanFactory.lambda$doGetBean$0(AbstractBeanFactory.java:323) ~[spring-beans-5.2.7.RELEASE.jar:5.2.7.RELEASE]
	at org.springframework.beans.factory.support.DefaultSingletonBeanRegistry.getSingleton(DefaultSingletonBeanRegistry.java:226) ~[spring-beans-5.2.7.RELEASE.jar:5.2.7.RELEASE]
	at org.springframework.beans.factory.support.AbstractBeanFactory.doGetBean(AbstractBeanFactory.java:321) ~[spring-beans-5.2.7.RELEASE.jar:5.2.7.RELEASE]
	at org.springframework.beans.factory.support.AbstractBeanFactory.getBean(AbstractBeanFactory.java:202) ~[spring-beans-5.2.7.RELEASE.jar:5.2.7.RELEASE]
	at org.springframework.beans.factory.support.DefaultListableBeanFactory.preInstantiateSingletons(DefaultListableBeanFactory.java:893) ~[spring-beans-5.2.7.RELEASE.jar:5.2.7.RELEASE]
	at org.springframework.context.support.AbstractApplicationContext.finishBeanFactoryInitialization(AbstractApplicationContext.java:879) ~[spring-context-5.2.7.RELEASE.jar:5.2.7.RELEASE]
	at org.springframework.context.support.AbstractApplicationContext.refresh(AbstractApplicationContext.java:551) ~[spring-context-5.2.7.RELEASE.jar:5.2.7.RELEASE]
	at org.springframework.boot.SpringApplication.refresh(SpringApplication.java:758) ~[spring-boot-2.3.1.RELEASE.jar:2.3.1.RELEASE]
	at org.springframework.boot.SpringApplication.refresh(SpringApplication.java:750) ~[spring-boot-2.3.1.RELEASE.jar:2.3.1.RELEASE]
	at org.springframework.boot.SpringApplication.refreshContext(SpringApplication.java:397) ~[spring-boot-2.3.1.RELEASE.jar:2.3.1.RELEASE]
	at org.springframework.boot.SpringApplication.run(SpringApplication.java:315) ~[spring-boot-2.3.1.RELEASE.jar:2.3.1.RELEASE]
	at org.springframework.boot.test.context.SpringBootContextLoader.loadContext(SpringBootContextLoader.java:120) ~[spring-boot-test-2.3.1.RELEASE.jar:2.3.1.RELEASE]
	at org.springframework.test.context.cache.DefaultCacheAwareContextLoaderDelegate.loadContextInternal(DefaultCacheAwareContextLoaderDelegate.java:99) ~[spring-test-5.2.7.RELEASE.jar:5.2.7.RELEASE]
	at org.springframework.test.context.cache.DefaultCacheAwareContextLoaderDelegate.loadContext(DefaultCacheAwareContextLoaderDelegate.java:124) ~[spring-test-5.2.7.RELEASE.jar:5.2.7.RELEASE]
	... 65 more
Caused by: org.springframework.beans.factory.UnsatisfiedDependencyException: Error creating bean with name 'sharedBookServiceImpl': Unsatisfied dependency expressed through field 'baseMapper'; nested exception is org.springframework.beans.factory.UnsatisfiedDependencyException: Error creating bean with name 'sharedBookMemberMapper' defined in file [C:\Users\13292\Desktop\claudel1\reposNew\task30\target\classes\cn\jackbin\SimpleRecord\mapper\SharedBookMemberMapper.class]: Unsatisfied dependency expressed through bean property 'sqlSessionFactory'; nested exception is org.springframework.beans.factory.BeanCreationException: Error creating bean with name 'sqlSessionFactory' defined in class path resource [com/baomidou/mybatisplus/autoconfigure/MybatisPlusAutoConfiguration.class]: Bean instantiation via factory method failed; nested exception is org.springframework.beans.BeanInstantiationException: Failed to instantiate [org.apache.ibatis.session.SqlSessionFactory]: Factory method 'sqlSessionFactory' threw exception; nested exception is org.springframework.core.NestedIOException: Failed to parse mapping resource: 'file [C:\Users\13292\Desktop\claudel1\reposNew\task30\target\classes\mapper\BudgetMapper.xml]'; nested exception is org.apache.ibatis.builder.BuilderException: Error parsing Mapper XML. The XML location is 'file [C:\Users\13292\Desktop\claudel1\reposNew\task30\target\classes\mapper\BudgetMapper.xml]'. Cause: org.apache.ibatis.builder.BuilderException: Error resolving class. Cause: org.apache.ibatis.type.TypeException: Could not resolve type alias 'cn.jackbin.SimpleRecord.dto.BudgetExecutionDTO'.  Cause: java.lang.ClassNotFoundException: Cannot find class: cn.jackbin.SimpleRecord.dto.BudgetExecutionDTO
	at org.springframework.beans.factory.annotation.AutowiredAnnotationBeanPostProcessor$AutowiredFieldElement.inject(AutowiredAnnotationBeanPostProcessor.java:643) ~[spring-beans-5.2.7.RELEASE.jar:5.2.7.RELEASE]
	at org.springframework.beans.factory.annotation.InjectionMetadata.inject(InjectionMetadata.java:130) ~[spring-beans-5.2.7.RELEASE.jar:5.2.7.RELEASE]
	at org.springframework.beans.factory.annotation.AutowiredAnnotationBeanPostProcessor.postProcessProperties(AutowiredAnnotationBeanPostProcessor.java:399) ~[spring-beans-5.2.7.RELEASE.jar:5.2.7.RELEASE]
	at org.springframework.beans.factory.support.AbstractAutowireCapableBeanFactory.populateBean(AbstractAutowireCapableBeanFactory.java:1422) ~[spring-beans-5.2.7.RELEASE.jar:5.2.7.RELEASE]
	at org.springframework.beans.factory.support.AbstractAutowireCapableBeanFactory.doCreateBean(AbstractAutowireCapableBeanFactory.java:594) ~[spring-beans-5.2.7.RELEASE.jar:5.2.7.RELEASE]
	at org.springframework.beans.factory.support.AbstractAutowireCapableBeanFactory.createBean(AbstractAutowireCapableBeanFactory.java:517) ~[spring-beans-5.2.7.RELEASE.jar:5.2.7.RELEASE]
	at org.springframework.beans.factory.support.AbstractBeanFactory.lambda$doGetBean$0(AbstractBeanFactory.java:323) ~[spring-beans-5.2.7.RELEASE.jar:5.2.7.RELEASE]
	at org.springframework.beans.factory.support.DefaultSingletonBeanRegistry.getSingleton(DefaultSingletonBeanRegistry.java:226) ~[spring-beans-5.2.7.RELEASE.jar:5.2.7.RELEASE]
	at org.springframework.beans.factory.support.AbstractBeanFactory.doGetBean(AbstractBeanFactory.java:321) ~[spring-beans-5.2.7.RELEASE.jar:5.2.7.RELEASE]
	at org.springframework.beans.factory.support.AbstractBeanFactory.getBean(AbstractBeanFactory.java:202) ~[spring-beans-5.2.7.RELEASE.jar:5.2.7.RELEASE]
	at org.springframework.beans.factory.config.DependencyDescriptor.resolveCandidate(DependencyDescriptor.java:276) ~[spring-beans-5.2.7.RELEASE.jar:5.2.7.RELEASE]
	at org.springframework.beans.factory.support.DefaultListableBeanFactory.doResolveDependency(DefaultListableBeanFactory.java:1304) ~[spring-beans-5.2.7.RELEASE.jar:5.2.7.RELEASE]
	at org.springframework.beans.factory.support.DefaultListableBeanFactory.resolveDependency(DefaultListableBeanFactory.java:1224) ~[spring-beans-5.2.7.RELEASE.jar:5.2.7.RELEASE]
	at org.springframework.beans.factory.annotation.AutowiredAnnotationBeanPostProcessor$AutowiredFieldElement.inject(AutowiredAnnotationBeanPostProcessor.java:640) ~[spring-beans-5.2.7.RELEASE.jar:5.2.7.RELEASE]
	at org.springframework.beans.factory.annotation.InjectionMetadata.inject(InjectionMetadata.java:130) ~[spring-beans-5.2.7.RELEASE.jar:5.2.7.RELEASE]
	at org.springframework.beans.factory.annotation.AutowiredAnnotationBeanPostProcessor.postProcessProperties(AutowiredAnnotationBeanPostProcessor.java:399) ~[spring-beans-5.2.7.RELEASE.jar:5.2.7.RELEASE]
	at org.springframework.beans.factory.support.AbstractAutowireCapableBeanFactory.populateBean(AbstractAutowireCapableBeanFactory.java:1422) ~[spring-beans-5.2.7.RELEASE.jar:5.2.7.RELEASE]
	at org.springframework.beans.factory.support.AbstractAutowireCapableBeanFactory.doCreateBean(AbstractAutowireCapableBeanFactory.java:594) ~[spring-beans-5.2.7.RELEASE.jar:5.2.7.RELEASE]
	at org.springframework.beans.factory.support.AbstractAutowireCapableBeanFactory.createBean(AbstractAutowireCapableBeanFactory.java:517) ~[spring-beans-5.2.7.RELEASE.jar:5.2.7.RELEASE]
	at org.springframework.beans.factory.support.AbstractBeanFactory.lambda$doGetBean$0(AbstractBeanFactory.java:323) ~[spring-beans-5.2.7.RELEASE.jar:5.2.7.RELEASE]
	at org.springframework.beans.factory.support.DefaultSingletonBeanRegistry.getSingleton(DefaultSingletonBeanRegistry.java:226) ~[spring-beans-5.2.7.RELEASE.jar:5.2.7.RELEASE]
	at org.springframework.beans.factory.support.AbstractBeanFactory.doGetBean(AbstractBeanFactory.java:321) ~[spring-beans-5.2.7.RELEASE.jar:5.2.7.RELEASE]
	at org.springframework.beans.factory.support.AbstractBeanFactory.getBean(AbstractBeanFactory.java:202) ~[spring-beans-5.2.7.RELEASE.jar:5.2.7.RELEASE]
	at org.springframework.beans.factory.support.DefaultListableBeanFactory.preInstantiateSingletons(DefaultListableBeanFactory.java:893) ~[spring-beans-5.2.7.RELEASE.jar:5.2.7.RELEASE]
	at org.springframework.context.support.AbstractApplicationContext.finishBeanFactoryInitialization(AbstractApplicationContext.java:879) ~[spring-context-5.2.7.RELEASE.jar:5.2.7.RELEASE]
	at org.springframework.context.support.AbstractApplicationContext.refresh(AbstractApplicationContext.java:551) ~[spring-context-5.2.7.RELEASE.jar:5.2.7.RELEASE]
	at org.springframework.boot.SpringApplication.refresh(SpringApplication.java:758) ~[spring-boot-2.3.1.RELEASE.jar:2.3.1.RELEASE]
	at org.springframework.boot.SpringApplication.refresh(SpringApplication.java:750) ~[spring-boot-2.3.1.RELEASE.jar:2.3.1.RELEASE]
	at org.springframework.boot.SpringApplication.refreshContext(SpringApplication.java:397) ~[spring-boot-2.3.1.RELEASE.jar:2.3.1.RELEASE]
	at org.springframework.boot.SpringApplication.run(SpringApplication.java:315) ~[spring-boot-2.3.1.RELEASE.jar:2.3.1.RELEASE]
	at org.springframework.boot.test.context.SpringBootContextLoader.loadContext(SpringBootContextLoader.java:120) ~[spring-boot-test-2.3.1.RELEASE.jar:2.3.1.RELEASE]
	at org.springframework.test.context.cache.DefaultCacheAwareContextLoaderDelegate.loadContextInternal(DefaultCacheAwareContextLoaderDelegate.java:99) ~[spring-test-5.2.7.RELEASE.jar:5.2.7.RELEASE]
	at org.springframework.test.context.cache.DefaultCacheAwareContextLoaderDelegate.loadContext(DefaultCacheAwareContextLoaderDelegate.java:124) ~[spring-test-5.2.7.RELEASE.jar:5.2.7.RELEASE]
	... 65 more
Caused by: org.springframework.beans.factory.UnsatisfiedDependencyException: Error creating bean with name 'sharedBookMemberMapper' defined in file [C:\Users\13292\Desktop\claudel1\reposNew\task30\target\classes\cn\jackbin\SimpleRecord\mapper\SharedBookMemberMapper.class]: Unsatisfied dependency expressed through bean property 'sqlSessionFactory'; nested exception is org.springframework.beans.factory.BeanCreationException: Error creating bean with name 'sqlSessionFactory' defined in class path resource [com/baomidou/mybatisplus/autoconfigure/MybatisPlusAutoConfiguration.class]: Bean instantiation via factory method failed; nested exception is org.springframework.beans.BeanInstantiationException: Failed to instantiate [org.apache.ibatis.session.SqlSessionFactory]: Factory method 'sqlSessionFactory' threw exception; nested exception is org.springframework.core.NestedIOException: Failed to parse mapping resource: 'file [C:\Users\13292\Desktop\claudel1\reposNew\task30\target\classes\mapper\BudgetMapper.xml]'; nested exception is org.apache.ibatis.builder.BuilderException: Error parsing Mapper XML. The XML location is 'file [C:\Users\13292\Desktop\claudel1\reposNew\task30\target\classes\mapper\BudgetMapper.xml]'. Cause: org.apache.ibatis.builder.BuilderException: Error resolving class. Cause: org.apache.ibatis.type.TypeException: Could not resolve type alias 'cn.jackbin.SimpleRecord.dto.BudgetExecutionDTO'.  Cause: java.lang.ClassNotFoundException: Cannot find class: cn.jackbin.SimpleRecord.dto.BudgetExecutionDTO
	at org.springframework.beans.factory.support.AbstractAutowireCapableBeanFactory.autowireByType(AbstractAutowireCapableBeanFactory.java:1526) ~[spring-beans-5.2.7.RELEASE.jar:5.2.7.RELEASE]
	at org.springframework.beans.factory.support.AbstractAutowireCapableBeanFactory.populateBean(AbstractAutowireCapableBeanFactory.java:1406) ~[spring-beans-5.2.7.RELEASE.jar:5.2.7.RELEASE]
	at org.springframework.beans.factory.support.AbstractAutowireCapableBeanFactory.doCreateBean(AbstractAutowireCapableBeanFactory.java:594) ~[spring-beans-5.2.7.RELEASE.jar:5.2.7.RELEASE]
	at org.springframework.beans.factory.support.AbstractAutowireCapableBeanFactory.createBean(AbstractAutowireCapableBeanFactory.java:517) ~[spring-beans-5.2.7.RELEASE.jar:5.2.7.RELEASE]
	at org.springframework.beans.factory.support.AbstractBeanFactory.lambda$doGetBean$0(AbstractBeanFactory.java:323) ~[spring-beans-5.2.7.RELEASE.jar:5.2.7.RELEASE]
	at org.springframework.beans.factory.support.DefaultSingletonBeanRegistry.getSingleton(DefaultSingletonBeanRegistry.java:226) ~[spring-beans-5.2.7.RELEASE.jar:5.2.7.RELEASE]
	at org.springframework.beans.factory.support.AbstractBeanFactory.doGetBean(AbstractBeanFactory.java:321) ~[spring-beans-5.2.7.RELEASE.jar:5.2.7.RELEASE]
	at org.springframework.beans.factory.support.AbstractBeanFactory.getBean(AbstractBeanFactory.java:202) ~[spring-beans-5.2.7.RELEASE.jar:5.2.7.RELEASE]
	at org.springframework.beans.factory.config.DependencyDescriptor.resolveCandidate(DependencyDescriptor.java:276) ~[spring-beans-5.2.7.RELEASE.jar:5.2.7.RELEASE]
	at org.springframework.beans.factory.support.DefaultListableBeanFactory.doResolveDependency(DefaultListableBeanFactory.java:1304) ~[spring-beans-5.2.7.RELEASE.jar:5.2.7.RELEASE]
	at org.springframework.beans.factory.support.DefaultListableBeanFactory.resolveDependency(DefaultListableBeanFactory.java:1224) ~[spring-beans-5.2.7.RELEASE.jar:5.2.7.RELEASE]
	at org.springframework.beans.factory.annotation.AutowiredAnnotationBeanPostProcessor$AutowiredFieldElement.inject(AutowiredAnnotationBeanPostProcessor.java:640) ~[spring-beans-5.2.7.RELEASE.jar:5.2.7.RELEASE]
	at org.springframework.beans.factory.annotation.InjectionMetadata.inject(InjectionMetadata.java:130) ~[spring-beans-5.2.7.RELEASE.jar:5.2.7.RELEASE]
	at org.springframework.beans.factory.annotation.AutowiredAnnotationBeanPostProcessor.postProcessProperties(AutowiredAnnotationBeanPostProcessor.java:399) ~[spring-beans-5.2.7.RELEASE.jar:5.2.7.RELEASE]
	at org.springframework.beans.factory.support.AbstractAutowireCapableBeanFactory.populateBean(AbstractAutowireCapableBeanFactory.java:1422) ~[spring-beans-5.2.7.RELEASE.jar:5.2.7.RELEASE]
	at org.springframework.beans.factory.support.AbstractAutowireCapableBeanFactory.doCreateBean(AbstractAutowireCapableBeanFactory.java:594) ~[spring-beans-5.2.7.RELEASE.jar:5.2.7.RELEASE]
	at org.springframework.beans.factory.support.AbstractAutowireCapableBeanFactory.createBean(AbstractAutowireCapableBeanFactory.java:517) ~[spring-beans-5.2.7.RELEASE.jar:5.2.7.RELEASE]
	at org.springframework.beans.factory.support.AbstractBeanFactory.lambda$doGetBean$0(AbstractBeanFactory.java:323) ~[spring-beans-5.2.7.RELEASE.jar:5.2.7.RELEASE]
	at org.springframework.beans.factory.support.DefaultSingletonBeanRegistry.getSingleton(DefaultSingletonBeanRegistry.java:226) ~[spring-beans-5.2.7.RELEASE.jar:5.2.7.RELEASE]
	at org.springframework.beans.factory.support.AbstractBeanFactory.doGetBean(AbstractBeanFactory.java:321) ~[spring-beans-5.2.7.RELEASE.jar:5.2.7.RELEASE]
	at org.springframework.beans.factory.support.AbstractBeanFactory.getBean(AbstractBeanFactory.java:202) ~[spring-beans-5.2.7.RELEASE.jar:5.2.7.RELEASE]
	at org.springframework.beans.factory.config.DependencyDescriptor.resolveCandidate(DependencyDescriptor.java:276) ~[spring-beans-5.2.7.RELEASE.jar:5.2.7.RELEASE]
	at org.springframework.beans.factory.support.DefaultListableBeanFactory.doResolveDependency(DefaultListableBeanFactory.java:1304) ~[spring-beans-5.2.7.RELEASE.jar:5.2.7.RELEASE]
	at org.springframework.beans.factory.support.DefaultListableBeanFactory.resolveDependency(DefaultListableBeanFactory.java:1224) ~[spring-beans-5.2.7.RELEASE.jar:5.2.7.RELEASE]
	at org.springframework.beans.factory.annotation.AutowiredAnnotationBeanPostProcessor$AutowiredFieldElement.inject(AutowiredAnnotationBeanPostProcessor.java:640) ~[spring-beans-5.2.7.RELEASE.jar:5.2.7.RELEASE]
	at org.springframework.beans.factory.annotation.InjectionMetadata.inject(InjectionMetadata.java:130) ~[spring-beans-5.2.7.RELEASE.jar:5.2.7.RELEASE]
	at org.springframework.beans.factory.annotation.AutowiredAnnotationBeanPostProcessor.postProcessProperties(AutowiredAnnotationBeanPostProcessor.java:399) ~[spring-beans-5.2.7.RELEASE.jar:5.2.7.RELEASE]
	at org.springframework.beans.factory.support.AbstractAutowireCapableBeanFactory.populateBean(AbstractAutowireCapableBeanFactory.java:1422) ~[spring-beans-5.2.7.RELEASE.jar:5.2.7.RELEASE]
	at org.springframework.beans.factory.support.AbstractAutowireCapableBeanFactory.doCreateBean(AbstractAutowireCapableBeanFactory.java:594) ~[spring-beans-5.2.7.RELEASE.jar:5.2.7.RELEASE]
	at org.springframework.beans.factory.support.AbstractAutowireCapableBeanFactory.createBean(AbstractAutowireCapableBeanFactory.java:517) ~[spring-beans-5.2.7.RELEASE.jar:5.2.7.RELEASE]
	at org.springframework.beans.factory.support.AbstractBeanFactory.lambda$doGetBean$0(AbstractBeanFactory.java:323) ~[spring-beans-5.2.7.RELEASE.jar:5.2.7.RELEASE]
	at org.springframework.beans.factory.support.DefaultSingletonBeanRegistry.getSingleton(DefaultSingletonBeanRegistry.java:226) ~[spring-beans-5.2.7.RELEASE.jar:5.2.7.RELEASE]
	at org.springframework.beans.factory.support.AbstractBeanFactory.doGetBean(AbstractBeanFactory.java:321) ~[spring-beans-5.2.7.RELEASE.jar:5.2.7.RELEASE]
	at org.springframework.beans.factory.support.AbstractBeanFactory.getBean(AbstractBeanFactory.java:202) ~[spring-beans-5.2.7.RELEASE.jar:5.2.7.RELEASE]
	at org.springframework.beans.factory.support.DefaultListableBeanFactory.preInstantiateSingletons(DefaultListableBeanFactory.java:893) ~[spring-beans-5.2.7.RELEASE.jar:5.2.7.RELEASE]
	at org.springframework.context.support.AbstractApplicationContext.finishBeanFactoryInitialization(AbstractApplicationContext.java:879) ~[spring-context-5.2.7.RELEASE.jar:5.2.7.RELEASE]
	at org.springframework.context.support.AbstractApplicationContext.refresh(AbstractApplicationContext.java:551) ~[spring-context-5.2.7.RELEASE.jar:5.2.7.RELEASE]
	at org.springframework.boot.SpringApplication.refresh(SpringApplication.java:758) ~[spring-boot-2.3.1.RELEASE.jar:2.3.1.RELEASE]
	at org.springframework.boot.SpringApplication.refresh(SpringApplication.java:750) ~[spring-boot-2.3.1.RELEASE.jar:2.3.1.RELEASE]
	at org.springframework.boot.SpringApplication.refreshContext(SpringApplication.java:397) ~[spring-boot-2.3.1.RELEASE.jar:2.3.1.RELEASE]
	at org.springframework.boot.SpringApplication.run(SpringApplication.java:315) ~[spring-boot-2.3.1.RELEASE.jar:2.3.1.RELEASE]
	at org.springframework.boot.test.context.SpringBootContextLoader.loadContext(SpringBootContextLoader.java:120) ~[spring-boot-test-2.3.1.RELEASE.jar:2.3.1.RELEASE]
	at org.springframework.test.context.cache.DefaultCacheAwareContextLoaderDelegate.loadContextInternal(DefaultCacheAwareContextLoaderDelegate.java:99) ~[spring-test-5.2.7.RELEASE.jar:5.2.7.RELEASE]
	at org.springframework.test.context.cache.DefaultCacheAwareContextLoaderDelegate.loadContext(DefaultCacheAwareContextLoaderDelegate.java:124) ~[spring-test-5.2.7.RELEASE.jar:5.2.7.RELEASE]
	... 65 more
Caused by: org.springframework.beans.factory.BeanCreationException: Error creating bean with name 'sqlSessionFactory' defined in class path resource [com/baomidou/mybatisplus/autoconfigure/MybatisPlusAutoConfiguration.class]: Bean instantiation via factory method failed; nested exception is org.springframework.beans.BeanInstantiationException: Failed to instantiate [org.apache.ibatis.session.SqlSessionFactory]: Factory method 'sqlSessionFactory' threw exception; nested exception is org.springframework.core.NestedIOException: Failed to parse mapping resource: 'file [C:\Users\13292\Desktop\claudel1\reposNew\task30\target\classes\mapper\BudgetMapper.xml]'; nested exception is org.apache.ibatis.builder.BuilderException: Error parsing Mapper XML. The XML location is 'file [C:\Users\13292\Desktop\claudel1\reposNew\task30\target\classes\mapper\BudgetMapper.xml]'. Cause: org.apache.ibatis.builder.BuilderException: Error resolving class. Cause: org.apache.ibatis.type.TypeException: Could not resolve type alias 'cn.jackbin.SimpleRecord.dto.BudgetExecutionDTO'.  Cause: java.lang.ClassNotFoundException: Cannot find class: cn.jackbin.SimpleRecord.dto.BudgetExecutionDTO
	at org.springframework.beans.factory.support.ConstructorResolver.instantiate(ConstructorResolver.java:655) ~[spring-beans-5.2.7.RELEASE.jar:5.2.7.RELEASE]
	at org.springframework.beans.factory.support.ConstructorResolver.instantiateUsingFactoryMethod(ConstructorResolver.java:635) ~[spring-beans-5.2.7.RELEASE.jar:5.2.7.RELEASE]
	at org.springframework.beans.factory.support.AbstractAutowireCapableBeanFactory.instantiateUsingFactoryMethod(AbstractAutowireCapableBeanFactory.java:1338) ~[spring-beans-5.2.7.RELEASE.jar:5.2.7.RELEASE]
	at org.springframework.beans.factory.support.AbstractAutowireCapableBeanFactory.createBeanInstance(AbstractAutowireCapableBeanFactory.java:1177) ~[spring-beans-5.2.7.RELEASE.jar:5.2.7.RELEASE]
	at org.springframework.beans.factory.support.AbstractAutowireCapableBeanFactory.doCreateBean(AbstractAutowireCapableBeanFactory.java:557) ~[spring-beans-5.2.7.RELEASE.jar:5.2.7.RELEASE]
	at org.springframework.beans.factory.support.AbstractAutowireCapableBeanFactory.createBean(AbstractAutowireCapableBeanFactory.java:517) ~[spring-beans-5.2.7.RELEASE.jar:5.2.7.RELEASE]
	at org.springframework.beans.factory.support.AbstractBeanFactory.lambda$doGetBean$0(AbstractBeanFactory.java:323) ~[spring-beans-5.2.7.RELEASE.jar:5.2.7.RELEASE]
	at org.springframework.beans.factory.support.DefaultSingletonBeanRegistry.getSingleton(DefaultSingletonBeanRegistry.java:226) ~[spring-beans-5.2.7.RELEASE.jar:5.2.7.RELEASE]
	at org.springframework.beans.factory.support.AbstractBeanFactory.doGetBean(AbstractBeanFactory.java:321) ~[spring-beans-5.2.7.RELEASE.jar:5.2.7.RELEASE]
	at org.springframework.beans.factory.support.AbstractBeanFactory.getBean(AbstractBeanFactory.java:202) ~[spring-beans-5.2.7.RELEASE.jar:5.2.7.RELEASE]
	at org.springframework.beans.factory.config.DependencyDescriptor.resolveCandidate(DependencyDescriptor.java:276) ~[spring-beans-5.2.7.RELEASE.jar:5.2.7.RELEASE]
	at org.springframework.beans.factory.support.DefaultListableBeanFactory.doResolveDependency(DefaultListableBeanFactory.java:1304) ~[spring-beans-5.2.7.RELEASE.jar:5.2.7.RELEASE]
	at org.springframework.beans.factory.support.DefaultListableBeanFactory.resolveDependency(DefaultListableBeanFactory.java:1224) ~[spring-beans-5.2.7.RELEASE.jar:5.2.7.RELEASE]
	at org.springframework.beans.factory.support.AbstractAutowireCapableBeanFactory.autowireByType(AbstractAutowireCapableBeanFactory.java:1511) ~[spring-beans-5.2.7.RELEASE.jar:5.2.7.RELEASE]
	at org.springframework.beans.factory.support.AbstractAutowireCapableBeanFactory.populateBean(AbstractAutowireCapableBeanFactory.java:1406) ~[spring-beans-5.2.7.RELEASE.jar:5.2.7.RELEASE]
	at org.springframework.beans.factory.support.AbstractAutowireCapableBeanFactory.doCreateBean(AbstractAutowireCapableBeanFactory.java:594) ~[spring-beans-5.2.7.RELEASE.jar:5.2.7.RELEASE]
	at org.springframework.beans.factory.support.AbstractAutowireCapableBeanFactory.createBean(AbstractAutowireCapableBeanFactory.java:517) ~[spring-beans-5.2.7.RELEASE.jar:5.2.7.RELEASE]
	at org.springframework.beans.factory.support.AbstractBeanFactory.lambda$doGetBean$0(AbstractBeanFactory.java:323) ~[spring-beans-5.2.7.RELEASE.jar:5.2.7.RELEASE]
	at org.springframework.beans.factory.support.DefaultSingletonBeanRegistry.getSingleton(DefaultSingletonBeanRegistry.java:226) ~[spring-beans-5.2.7.RELEASE.jar:5.2.7.RELEASE]
	at org.springframework.beans.factory.support.AbstractBeanFactory.doGetBean(AbstractBeanFactory.java:321) ~[spring-beans-5.2.7.RELEASE.jar:5.2.7.RELEASE]
	at org.springframework.beans.factory.support.AbstractBeanFactory.getBean(AbstractBeanFactory.java:202) ~[spring-beans-5.2.7.RELEASE.jar:5.2.7.RELEASE]
	at org.springframework.beans.factory.config.DependencyDescriptor.resolveCandidate(DependencyDescriptor.java:276) ~[spring-beans-5.2.7.RELEASE.jar:5.2.7.RELEASE]
	at org.springframework.beans.factory.support.DefaultListableBeanFactory.doResolveDependency(DefaultListableBeanFactory.java:1304) ~[spring-beans-5.2.7.RELEASE.jar:5.2.7.RELEASE]
	at org.springframework.beans.factory.support.DefaultListableBeanFactory.resolveDependency(DefaultListableBeanFactory.java:1224) ~[spring-beans-5.2.7.RELEASE.jar:5.2.7.RELEASE]
	at org.springframework.beans.factory.annotation.AutowiredAnnotationBeanPostProcessor$AutowiredFieldElement.inject(AutowiredAnnotationBeanPostProcessor.java:640) ~[spring-beans-5.2.7.RELEASE.jar:5.2.7.RELEASE]
	at org.springframework.beans.factory.annotation.InjectionMetadata.inject(InjectionMetadata.java:130) ~[spring-beans-5.2.7.RELEASE.jar:5.2.7.RELEASE]
	at org.springframework.beans.factory.annotation.AutowiredAnnotationBeanPostProcessor.postProcessProperties(AutowiredAnnotationBeanPostProcessor.java:399) ~[spring-beans-5.2.7.RELEASE.jar:5.2.7.RELEASE]
	at org.springframework.beans.factory.support.AbstractAutowireCapableBeanFactory.populateBean(AbstractAutowireCapableBeanFactory.java:1422) ~[spring-beans-5.2.7.RELEASE.jar:5.2.7.RELEASE]
	at org.springframework.beans.factory.support.AbstractAutowireCapableBeanFactory.doCreateBean(AbstractAutowireCapableBeanFactory.java:594) ~[spring-beans-5.2.7.RELEASE.jar:5.2.7.RELEASE]
	at org.springframework.beans.factory.support.AbstractAutowireCapableBeanFactory.createBean(AbstractAutowireCapableBeanFactory.java:517) ~[spring-beans-5.2.7.RELEASE.jar:5.2.7.RELEASE]
	at org.springframework.beans.factory.support.AbstractBeanFactory.lambda$doGetBean$0(AbstractBeanFactory.java:323) ~[spring-beans-5.2.7.RELEASE.jar:5.2.7.RELEASE]
	at org.springframework.beans.factory.support.DefaultSingletonBeanRegistry.getSingleton(DefaultSingletonBeanRegistry.java:226) ~[spring-beans-5.2.7.RELEASE.jar:5.2.7.RELEASE]
	at org.springframework.beans.factory.support.AbstractBeanFactory.doGetBean(AbstractBeanFactory.java:321) ~[spring-beans-5.2.7.RELEASE.jar:5.2.7.RELEASE]
	at org.springframework.beans.factory.support.AbstractBeanFactory.getBean(AbstractBeanFactory.java:202) ~[spring-beans-5.2.7.RELEASE.jar:5.2.7.RELEASE]
	at org.springframework.beans.factory.config.DependencyDescriptor.resolveCandidate(DependencyDescriptor.java:276) ~[spring-beans-5.2.7.RELEASE.jar:5.2.7.RELEASE]
	at org.springframework.beans.factory.support.DefaultListableBeanFactory.doResolveDependency(DefaultListableBeanFactory.java:1304) ~[spring-beans-5.2.7.RELEASE.jar:5.2.7.RELEASE]
	at org.springframework.beans.factory.support.DefaultListableBeanFactory.resolveDependency(DefaultListableBeanFactory.java:1224) ~[spring-beans-5.2.7.RELEASE.jar:5.2.7.RELEASE]
	at org.springframework.beans.factory.annotation.AutowiredAnnotationBeanPostProcessor$AutowiredFieldElement.inject(AutowiredAnnotationBeanPostProcessor.java:640) ~[spring-beans-5.2.7.RELEASE.jar:5.2.7.RELEASE]
	at org.springframework.beans.factory.annotation.InjectionMetadata.inject(InjectionMetadata.java:130) ~[spring-beans-5.2.7.RELEASE.jar:5.2.7.RELEASE]
	at org.springframework.beans.factory.annotation.AutowiredAnnotationBeanPostProcessor.postProcessProperties(AutowiredAnnotationBeanPostProcessor.java:399) ~[spring-beans-5.2.7.RELEASE.jar:5.2.7.RELEASE]
	at org.springframework.beans.factory.support.AbstractAutowireCapableBeanFactory.populateBean(AbstractAutowireCapableBeanFactory.java:1422) ~[spring-beans-5.2.7.RELEASE.jar:5.2.7.RELEASE]
	at org.springframework.beans.factory.support.AbstractAutowireCapableBeanFactory.doCreateBean(AbstractAutowireCapableBeanFactory.java:594) ~[spring-beans-5.2.7.RELEASE.jar:5.2.7.RELEASE]
	at org.springframework.beans.factory.support.AbstractAutowireCapableBeanFactory.createBean(AbstractAutowireCapableBeanFactory.java:517) ~[spring-beans-5.2.7.RELEASE.jar:5.2.7.RELEASE]
	at org.springframework.beans.factory.support.AbstractBeanFactory.lambda$doGetBean$0(AbstractBeanFactory.java:323) ~[spring-beans-5.2.7.RELEASE.jar:5.2.7.RELEASE]
	at org.springframework.beans.factory.support.DefaultSingletonBeanRegistry.getSingleton(DefaultSingletonBeanRegistry.java:226) ~[spring-beans-5.2.7.RELEASE.jar:5.2.7.RELEASE]
	at org.springframework.beans.factory.support.AbstractBeanFactory.doGetBean(AbstractBeanFactory.java:321) ~[spring-beans-5.2.7.RELEASE.jar:5.2.7.RELEASE]
	at org.springframework.beans.factory.support.AbstractBeanFactory.getBean(AbstractBeanFactory.java:202) ~[spring-beans-5.2.7.RELEASE.jar:5.2.7.RELEASE]
	at org.springframework.beans.factory.support.DefaultListableBeanFactory.preInstantiateSingletons(DefaultListableBeanFactory.java:893) ~[spring-beans-5.2.7.RELEASE.jar:5.2.7.RELEASE]
	at org.springframework.context.support.AbstractApplicationContext.finishBeanFactoryInitialization(AbstractApplicationContext.java:879) ~[spring-context-5.2.7.RELEASE.jar:5.2.7.RELEASE]
	at org.springframework.context.support.AbstractApplicationContext.refresh(AbstractApplicationContext.java:551) ~[spring-context-5.2.7.RELEASE.jar:5.2.7.RELEASE]
	at org.springframework.boot.SpringApplication.refresh(SpringApplication.java:758) ~[spring-boot-2.3.1.RELEASE.jar:2.3.1.RELEASE]
	at org.springframework.boot.SpringApplication.refresh(SpringApplication.java:750) ~[spring-boot-2.3.1.RELEASE.jar:2.3.1.RELEASE]
	at org.springframework.boot.SpringApplication.refreshContext(SpringApplication.java:397) ~[spring-boot-2.3.1.RELEASE.jar:2.3.1.RELEASE]
	at org.springframework.boot.SpringApplication.run(SpringApplication.java:315) ~[spring-boot-2.3.1.RELEASE.jar:2.3.1.RELEASE]
	at org.springframework.boot.test.context.SpringBootContextLoader.loadContext(SpringBootContextLoader.java:120) ~[spring-boot-test-2.3.1.RELEASE.jar:2.3.1.RELEASE]
	at org.springframework.test.context.cache.DefaultCacheAwareContextLoaderDelegate.loadContextInternal(DefaultCacheAwareContextLoaderDelegate.java:99) ~[spring-test-5.2.7.RELEASE.jar:5.2.7.RELEASE]
	at org.springframework.test.context.cache.DefaultCacheAwareContextLoaderDelegate.loadContext(DefaultCacheAwareContextLoaderDelegate.java:124) ~[spring-test-5.2.7.RELEASE.jar:5.2.7.RELEASE]
	... 65 more
Caused by: org.springframework.beans.BeanInstantiationException: Failed to instantiate [org.apache.ibatis.session.SqlSessionFactory]: Factory method 'sqlSessionFactory' threw exception; nested exception is org.springframework.core.NestedIOException: Failed to parse mapping resource: 'file [C:\Users\13292\Desktop\claudel1\reposNew\task30\target\classes\mapper\BudgetMapper.xml]'; nested exception is org.apache.ibatis.builder.BuilderException: Error parsing Mapper XML. The XML location is 'file [C:\Users\13292\Desktop\claudel1\reposNew\task30\target\classes\mapper\BudgetMapper.xml]'. Cause: org.apache.ibatis.builder.BuilderException: Error resolving class. Cause: org.apache.ibatis.type.TypeException: Could not resolve type alias 'cn.jackbin.SimpleRecord.dto.BudgetExecutionDTO'.  Cause: java.lang.ClassNotFoundException: Cannot find class: cn.jackbin.SimpleRecord.dto.BudgetExecutionDTO
	at org.springframework.beans.factory.support.SimpleInstantiationStrategy.instantiate(SimpleInstantiationStrategy.java:185) ~[spring-beans-5.2.7.RELEASE.jar:5.2.7.RELEASE]
	at org.springframework.beans.factory.support.ConstructorResolver.instantiate(ConstructorResolver.java:650) ~[spring-beans-5.2.7.RELEASE.jar:5.2.7.RELEASE]
	at org.springframework.beans.factory.support.ConstructorResolver.instantiateUsingFactoryMethod(ConstructorResolver.java:635) ~[spring-beans-5.2.7.RELEASE.jar:5.2.7.RELEASE]
	at org.springframework.beans.factory.support.AbstractAutowireCapableBeanFactory.instantiateUsingFactoryMethod(AbstractAutowireCapableBeanFactory.java:1338) ~[spring-beans-5.2.7.RELEASE.jar:5.2.7.RELEASE]
	at org.springframework.beans.factory.support.AbstractAutowireCapableBeanFactory.createBeanInstance(AbstractAutowireCapableBeanFactory.java:1177) ~[spring-beans-5.2.7.RELEASE.jar:5.2.7.RELEASE]
	at org.springframework.beans.factory.support.AbstractAutowireCapableBeanFactory.doCreateBean(AbstractAutowireCapableBeanFactory.java:557) ~[spring-beans-5.2.7.RELEASE.jar:5.2.7.RELEASE]
	at org.springframework.beans.factory.support.AbstractAutowireCapableBeanFactory.createBean(AbstractAutowireCapableBeanFactory.java:517) ~[spring-beans-5.2.7.RELEASE.jar:5.2.7.RELEASE]
	at org.springframework.beans.factory.support.AbstractBeanFactory.lambda$doGetBean$0(AbstractBeanFactory.java:323) ~[spring-beans-5.2.7.RELEASE.jar:5.2.7.RELEASE]
	at org.springframework.beans.factory.support.DefaultSingletonBeanRegistry.getSingleton(DefaultSingletonBeanRegistry.java:226) ~[spring-beans-5.2.7.RELEASE.jar:5.2.7.RELEASE]
	at org.springframework.beans.factory.support.AbstractBeanFactory.doGetBean(AbstractBeanFactory.java:321) ~[spring-beans-5.2.7.RELEASE.jar:5.2.7.RELEASE]
	at org.springframework.beans.factory.support.AbstractBeanFactory.getBean(AbstractBeanFactory.java:202) ~[spring-beans-5.2.7.RELEASE.jar:5.2.7.RELEASE]
	at org.springframework.beans.factory.config.DependencyDescriptor.resolveCandidate(DependencyDescriptor.java:276) ~[spring-beans-5.2.7.RELEASE.jar:5.2.7.RELEASE]
	at org.springframework.beans.factory.support.DefaultListableBeanFactory.doResolveDependency(DefaultListableBeanFactory.java:1304) ~[spring-beans-5.2.7.RELEASE.jar:5.2.7.RELEASE]
	at org.springframework.beans.factory.support.DefaultListableBeanFactory.resolveDependency(DefaultListableBeanFactory.java:1224) ~[spring-beans-5.2.7.RELEASE.jar:5.2.7.RELEASE]
	at org.springframework.beans.factory.support.AbstractAutowireCapableBeanFactory.autowireByType(AbstractAutowireCapableBeanFactory.java:1511) ~[spring-beans-5.2.7.RELEASE.jar:5.2.7.RELEASE]
	at org.springframework.beans.factory.support.AbstractAutowireCapableBeanFactory.populateBean(AbstractAutowireCapableBeanFactory.java:1406) ~[spring-beans-5.2.7.RELEASE.jar:5.2.7.RELEASE]
	at org.springframework.beans.factory.support.AbstractAutowireCapableBeanFactory.doCreateBean(AbstractAutowireCapableBeanFactory.java:594) ~[spring-beans-5.2.7.RELEASE.jar:5.2.7.RELEASE]
	at org.springframework.beans.factory.support.AbstractAutowireCapableBeanFactory.createBean(AbstractAutowireCapableBeanFactory.java:517) ~[spring-beans-5.2.7.RELEASE.jar:5.2.7.RELEASE]
	at org.springframework.beans.factory.support.AbstractBeanFactory.lambda$doGetBean$0(AbstractBeanFactory.java:323) ~[spring-beans-5.2.7.RELEASE.jar:5.2.7.RELEASE]
	at org.springframework.beans.factory.support.DefaultSingletonBeanRegistry.getSingleton(DefaultSingletonBeanRegistry.java:226) ~[spring-beans-5.2.7.RELEASE.jar:5.2.7.RELEASE]
	at org.springframework.beans.factory.support.AbstractBeanFactory.doGetBean(AbstractBeanFactory.java:321) ~[spring-beans-5.2.7.RELEASE.jar:5.2.7.RELEASE]
	at org.springframework.beans.factory.support.AbstractBeanFactory.getBean(AbstractBeanFactory.java:202) ~[spring-beans-5.2.7.RELEASE.jar:5.2.7.RELEASE]
	at org.springframework.beans.factory.config.DependencyDescriptor.resolveCandidate(DependencyDescriptor.java:276) ~[spring-beans-5.2.7.RELEASE.jar:5.2.7.RELEASE]
	at org.springframework.beans.factory.support.DefaultListableBeanFactory.doResolveDependency(DefaultListableBeanFactory.java:1304) ~[spring-beans-5.2.7.RELEASE.jar:5.2.7.RELEASE]
	at org.springframework.beans.factory.support.DefaultListableBeanFactory.resolveDependency(DefaultListableBeanFactory.java:1224) ~[spring-beans-5.2.7.RELEASE.jar:5.2.7.RELEASE]
	at org.springframework.beans.factory.annotation.AutowiredAnnotationBeanPostProcessor$AutowiredFieldElement.inject(AutowiredAnnotationBeanPostProcessor.java:640) ~[spring-beans-5.2.7.RELEASE.jar:5.2.7.RELEASE]
	at org.springframework.beans.factory.annotation.InjectionMetadata.inject(InjectionMetadata.java:130) ~[spring-beans-5.2.7.RELEASE.jar:5.2.7.RELEASE]
	at org.springframework.beans.factory.annotation.AutowiredAnnotationBeanPostProcessor.postProcessProperties(AutowiredAnnotationBeanPostProcessor.java:399) ~[spring-beans-5.2.7.RELEASE.jar:5.2.7.RELEASE]
	at org.springframework.beans.factory.support.AbstractAutowireCapableBeanFactory.populateBean(AbstractAutowireCapableBeanFactory.java:1422) ~[spring-beans-5.2.7.RELEASE.jar:5.2.7.RELEASE]
	at org.springframework.beans.factory.support.AbstractAutowireCapableBeanFactory.doCreateBean(AbstractAutowireCapableBeanFactory.java:594) ~[spring-beans-5.2.7.RELEASE.jar:5.2.7.RELEASE]
	at org.springframework.beans.factory.support.AbstractAutowireCapableBeanFactory.createBean(AbstractAutowireCapableBeanFactory.java:517) ~[spring-beans-5.2.7.RELEASE.jar:5.2.7.RELEASE]
	at org.springframework.beans.factory.support.AbstractBeanFactory.lambda$doGetBean$0(AbstractBeanFactory.java:323) ~[spring-beans-5.2.7.RELEASE.jar:5.2.7.RELEASE]
	at org.springframework.beans.factory.support.DefaultSingletonBeanRegistry.getSingleton(DefaultSingletonBeanRegistry.java:226) ~[spring-beans-5.2.7.RELEASE.jar:5.2.7.RELEASE]
	at org.springframework.beans.factory.support.AbstractBeanFactory.doGetBean(AbstractBeanFactory.java:321) ~[spring-beans-5.2.7.RELEASE.jar:5.2.7.RELEASE]
	at org.springframework.beans.factory.support.AbstractBeanFactory.getBean(AbstractBeanFactory.java:202) ~[spring-beans-5.2.7.RELEASE.jar:5.2.7.RELEASE]
	at org.springframework.beans.factory.config.DependencyDescriptor.resolveCandidate(DependencyDescriptor.java:276) ~[spring-beans-5.2.7.RELEASE.jar:5.2.7.RELEASE]
	at org.springframework.beans.factory.support.DefaultListableBeanFactory.doResolveDependency(DefaultListableBeanFactory.java:1304) ~[spring-beans-5.2.7.RELEASE.jar:5.2.7.RELEASE]
	at org.springframework.beans.factory.support.DefaultListableBeanFactory.resolveDependency(DefaultListableBeanFactory.java:1224) ~[spring-beans-5.2.7.RELEASE.jar:5.2.7.RELEASE]
	at org.springframework.beans.factory.annotation.AutowiredAnnotationBeanPostProcessor$AutowiredFieldElement.inject(AutowiredAnnotationBeanPostProcessor.java:640) ~[spring-beans-5.2.7.RELEASE.jar:5.2.7.RELEASE]
	at org.springframework.beans.factory.annotation.InjectionMetadata.inject(InjectionMetadata.java:130) ~[spring-beans-5.2.7.RELEASE.jar:5.2.7.RELEASE]
	at org.springframework.beans.factory.annotation.AutowiredAnnotationBeanPostProcessor.postProcessProperties(AutowiredAnnotationBeanPostProcessor.java:399) ~[spring-beans-5.2.7.RELEASE.jar:5.2.7.RELEASE]
	at org.springframework.beans.factory.support.AbstractAutowireCapableBeanFactory.populateBean(AbstractAutowireCapableBeanFactory.java:1422) ~[spring-beans-5.2.7.RELEASE.jar:5.2.7.RELEASE]
	at org.springframework.beans.factory.support.AbstractAutowireCapableBeanFactory.doCreateBean(AbstractAutowireCapableBeanFactory.java:594) ~[spring-beans-5.2.7.RELEASE.jar:5.2.7.RELEASE]
	at org.springframework.beans.factory.support.AbstractAutowireCapableBeanFactory.createBean(AbstractAutowireCapableBeanFactory.java:517) ~[spring-beans-5.2.7.RELEASE.jar:5.2.7.RELEASE]
	at org.springframework.beans.factory.support.AbstractBeanFactory.lambda$doGetBean$0(AbstractBeanFactory.java:323) ~[spring-beans-5.2.7.RELEASE.jar:5.2.7.RELEASE]
	at org.springframework.beans.factory.support.DefaultSingletonBeanRegistry.getSingleton(DefaultSingletonBeanRegistry.java:226) ~[spring-beans-5.2.7.RELEASE.jar:5.2.7.RELEASE]
	at org.springframework.beans.factory.support.AbstractBeanFactory.doGetBean(AbstractBeanFactory.java:321) ~[spring-beans-5.2.7.RELEASE.jar:5.2.7.RELEASE]
	at org.springframework.beans.factory.support.AbstractBeanFactory.getBean(AbstractBeanFactory.java:202) ~[spring-beans-5.2.7.RELEASE.jar:5.2.7.RELEASE]
	at org.springframework.beans.factory.support.DefaultListableBeanFactory.preInstantiateSingletons(DefaultListableBeanFactory.java:893) ~[spring-beans-5.2.7.RELEASE.jar:5.2.7.RELEASE]
	at org.springframework.context.support.AbstractApplicationContext.finishBeanFactoryInitialization(AbstractApplicationContext.java:879) ~[spring-context-5.2.7.RELEASE.jar:5.2.7.RELEASE]
	at org.springframework.context.support.AbstractApplicationContext.refresh(AbstractApplicationContext.java:551) ~[spring-context-5.2.7.RELEASE.jar:5.2.7.RELEASE]
	at org.springframework.boot.SpringApplication.refresh(SpringApplication.java:758) ~[spring-boot-2.3.1.RELEASE.jar:2.3.1.RELEASE]
	at org.springframework.boot.SpringApplication.refresh(SpringApplication.java:750) ~[spring-boot-2.3.1.RELEASE.jar:2.3.1.RELEASE]
	at org.springframework.boot.SpringApplication.refreshContext(SpringApplication.java:397) ~[spring-boot-2.3.1.RELEASE.jar:2.3.1.RELEASE]
	at org.springframework.boot.SpringApplication.run(SpringApplication.java:315) ~[spring-boot-2.3.1.RELEASE.jar:2.3.1.RELEASE]
	at org.springframework.boot.test.context.SpringBootContextLoader.loadContext(SpringBootContextLoader.java:120) ~[spring-boot-test-2.3.1.RELEASE.jar:2.3.1.RELEASE]
	at org.springframework.test.context.cache.DefaultCacheAwareContextLoaderDelegate.loadContextInternal(DefaultCacheAwareContextLoaderDelegate.java:99) ~[spring-test-5.2.7.RELEASE.jar:5.2.7.RELEASE]
	at org.springframework.test.context.cache.DefaultCacheAwareContextLoaderDelegate.loadContext(DefaultCacheAwareContextLoaderDelegate.java:124) ~[spring-test-5.2.7.RELEASE.jar:5.2.7.RELEASE]
	... 65 more
Caused by: org.springframework.core.NestedIOException: Failed to parse mapping resource: 'file [C:\Users\13292\Desktop\claudel1\reposNew\task30\target\classes\mapper\BudgetMapper.xml]'; nested exception is org.apache.ibatis.builder.BuilderException: Error parsing Mapper XML. The XML location is 'file [C:\Users\13292\Desktop\claudel1\reposNew\task30\target\classes\mapper\BudgetMapper.xml]'. Cause: org.apache.ibatis.builder.BuilderException: Error resolving class. Cause: org.apache.ibatis.type.TypeException: Could not resolve type alias 'cn.jackbin.SimpleRecord.dto.BudgetExecutionDTO'.  Cause: java.lang.ClassNotFoundException: Cannot find class: cn.jackbin.SimpleRecord.dto.BudgetExecutionDTO
	at com.baomidou.mybatisplus.extension.spring.MybatisSqlSessionFactoryBean.buildSqlSessionFactory(MybatisSqlSessionFactoryBean.java:593) ~[mybatis-plus-extension-3.3.2.jar:3.3.2]
	at com.baomidou.mybatisplus.extension.spring.MybatisSqlSessionFactoryBean.afterPropertiesSet(MybatisSqlSessionFactoryBean.java:429) ~[mybatis-plus-extension-3.3.2.jar:3.3.2]
	at com.baomidou.mybatisplus.extension.spring.MybatisSqlSessionFactoryBean.getObject(MybatisSqlSessionFactoryBean.java:626) ~[mybatis-plus-extension-3.3.2.jar:3.3.2]
	at com.baomidou.mybatisplus.autoconfigure.MybatisPlusAutoConfiguration.sqlSessionFactory(MybatisPlusAutoConfiguration.java:215) ~[mybatis-plus-boot-starter-3.3.2.jar:3.3.2]
	at com.baomidou.mybatisplus.autoconfigure.MybatisPlusAutoConfiguration$$EnhancerBySpringCGLIB$$f1427f39.CGLIB$sqlSessionFactory$1(<generated>) ~[mybatis-plus-boot-starter-3.3.2.jar:3.3.2]
	at com.baomidou.mybatisplus.autoconfigure.MybatisPlusAutoConfiguration$$EnhancerBySpringCGLIB$$f1427f39$$FastClassBySpringCGLIB$$38ba60c2.invoke(<generated>) ~[mybatis-plus-boot-starter-3.3.2.jar:3.3.2]
	at org.springframework.cglib.proxy.MethodProxy.invokeSuper(MethodProxy.java:244) ~[spring-core-5.2.7.RELEASE.jar:5.2.7.RELEASE]
	at org.springframework.context.annotation.ConfigurationClassEnhancer$BeanMethodInterceptor.intercept(ConfigurationClassEnhancer.java:331) ~[spring-context-5.2.7.RELEASE.jar:5.2.7.RELEASE]
	at com.baomidou.mybatisplus.autoconfigure.MybatisPlusAutoConfiguration$$EnhancerBySpringCGLIB$$f1427f39.sqlSessionFactory(<generated>) ~[mybatis-plus-boot-starter-3.3.2.jar:3.3.2]
	at jdk.internal.reflect.NativeMethodAccessorImpl.invoke0(Native Method) ~[?:?]
	at jdk.internal.reflect.NativeMethodAccessorImpl.invoke(NativeMethodAccessorImpl.java:77) ~[?:?]
	at jdk.internal.reflect.DelegatingMethodAccessorImpl.invoke(DelegatingMethodAccessorImpl.java:43) ~[?:?]
	at java.lang.reflect.Method.invoke(Method.java:569) ~[?:?]
	at org.springframework.beans.factory.support.SimpleInstantiationStrategy.instantiate(SimpleInstantiationStrategy.java:154) ~[spring-beans-5.2.7.RELEASE.jar:5.2.7.RELEASE]
	at org.springframework.beans.factory.support.ConstructorResolver.instantiate(ConstructorResolver.java:650) ~[spring-beans-5.2.7.RELEASE.jar:5.2.7.RELEASE]
	at org.springframework.beans.factory.support.ConstructorResolver.instantiateUsingFactoryMethod(ConstructorResolver.java:635) ~[spring-beans-5.2.7.RELEASE.jar:5.2.7.RELEASE]
	at org.springframework.beans.factory.support.AbstractAutowireCapableBeanFactory.instantiateUsingFactoryMethod(AbstractAutowireCapableBeanFactory.java:1338) ~[spring-beans-5.2.7.RELEASE.jar:5.2.7.RELEASE]
	at org.springframework.beans.factory.support.AbstractAutowireCapableBeanFactory.createBeanInstance(AbstractAutowireCapableBeanFactory.java:1177) ~[spring-beans-5.2.7.RELEASE.jar:5.2.7.RELEASE]
	at org.springframework.beans.factory.support.AbstractAutowireCapableBeanFactory.doCreateBean(AbstractAutowireCapableBeanFactory.java:557) ~[spring-beans-5.2.7.RELEASE.jar:5.2.7.RELEASE]
	at org.springframework.beans.factory.support.AbstractAutowireCapableBeanFactory.createBean(AbstractAutowireCapableBeanFactory.java:517) ~[spring-beans-5.2.7.RELEASE.jar:5.2.7.RELEASE]
	at org.springframework.beans.factory.support.AbstractBeanFactory.lambda$doGetBean$0(AbstractBeanFactory.java:323) ~[spring-beans-5.2.7.RELEASE.jar:5.2.7.RELEASE]
	at org.springframework.beans.factory.support.DefaultSingletonBeanRegistry.getSingleton(DefaultSingletonBeanRegistry.java:226) ~[spring-beans-5.2.7.RELEASE.jar:5.2.7.RELEASE]
	at org.springframework.beans.factory.support.AbstractBeanFactory.doGetBean(AbstractBeanFactory.java:321) ~[spring-beans-5.2.7.RELEASE.jar:5.2.7.RELEASE]
	at org.springframework.beans.factory.support.AbstractBeanFactory.getBean(AbstractBeanFactory.java:202) ~[spring-beans-5.2.7.RELEASE.jar:5.2.7.RELEASE]
	at org.springframework.beans.factory.config.DependencyDescriptor.resolveCandidate(DependencyDescriptor.java:276) ~[spring-beans-5.2.7.RELEASE.jar:5.2.7.RELEASE]
	at org.springframework.beans.factory.support.DefaultListableBeanFactory.doResolveDependency(DefaultListableBeanFactory.java:1304) ~[spring-beans-5.2.7.RELEASE.jar:5.2.7.RELEASE]
	at org.springframework.beans.factory.support.DefaultListableBeanFactory.resolveDependency(DefaultListableBeanFactory.java:1224) ~[spring-beans-5.2.7.RELEASE.jar:5.2.7.RELEASE]
	at org.springframework.beans.factory.support.AbstractAutowireCapableBeanFactory.autowireByType(AbstractAutowireCapableBeanFactory.java:1511) ~[spring-beans-5.2.7.RELEASE.jar:5.2.7.RELEASE]
	at org.springframework.beans.factory.support.AbstractAutowireCapableBeanFactory.populateBean(AbstractAutowireCapableBeanFactory.java:1406) ~[spring-beans-5.2.7.RELEASE.jar:5.2.7.RELEASE]
	at org.springframework.beans.factory.support.AbstractAutowireCapableBeanFactory.doCreateBean(AbstractAutowireCapableBeanFactory.java:594) ~[spring-beans-5.2.7.RELEASE.jar:5.2.7.RELEASE]
	at org.springframework.beans.factory.support.AbstractAutowireCapableBeanFactory.createBean(AbstractAutowireCapableBeanFactory.java:517) ~[spring-beans-5.2.7.RELEASE.jar:5.2.7.RELEASE]
	at org.springframework.beans.factory.support.AbstractBeanFactory.lambda$doGetBean$0(AbstractBeanFactory.java:323) ~[spring-beans-5.2.7.RELEASE.jar:5.2.7.RELEASE]
	at org.springframework.beans.factory.support.DefaultSingletonBeanRegistry.getSingleton(DefaultSingletonBeanRegistry.java:226) ~[spring-beans-5.2.7.RELEASE.jar:5.2.7.RELEASE]
	at org.springframework.beans.factory.support.AbstractBeanFactory.doGetBean(AbstractBeanFactory.java:321) ~[spring-beans-5.2.7.RELEASE.jar:5.2.7.RELEASE]
	at org.springframework.beans.factory.support.AbstractBeanFactory.getBean(AbstractBeanFactory.java:202) ~[spring-beans-5.2.7.RELEASE.jar:5.2.7.RELEASE]
	at org.springframework.beans.factory.config.DependencyDescriptor.resolveCandidate(DependencyDescriptor.java:276) ~[spring-beans-5.2.7.RELEASE.jar:5.2.7.RELEASE]
	at org.springframework.beans.factory.support.DefaultListableBeanFactory.doResolveDependency(DefaultListableBeanFactory.java:1304) ~[spring-beans-5.2.7.RELEASE.jar:5.2.7.RELEASE]
	at org.springframework.beans.factory.support.DefaultListableBeanFactory.resolveDependency(DefaultListableBeanFactory.java:1224) ~[spring-beans-5.2.7.RELEASE.jar:5.2.7.RELEASE]
	at org.springframework.beans.factory.annotation.AutowiredAnnotationBeanPostProcessor$AutowiredFieldElement.inject(AutowiredAnnotationBeanPostProcessor.java:640) ~[spring-beans-5.2.7.RELEASE.jar:5.2.7.RELEASE]
	at org.springframework.beans.factory.annotation.InjectionMetadata.inject(InjectionMetadata.java:130) ~[spring-beans-5.2.7.RELEASE.jar:5.2.7.RELEASE]
	at org.springframework.beans.factory.annotation.AutowiredAnnotationBeanPostProcessor.postProcessProperties(AutowiredAnnotationBeanPostProcessor.java:399) ~[spring-beans-5.2.7.RELEASE.jar:5.2.7.RELEASE]
	at org.springframework.beans.factory.support.AbstractAutowireCapableBeanFactory.populateBean(AbstractAutowireCapableBeanFactory.java:1422) ~[spring-beans-5.2.7.RELEASE.jar:5.2.7.RELEASE]
	at org.springframework.beans.factory.support.AbstractAutowireCapableBeanFactory.doCreateBean(AbstractAutowireCapableBeanFactory.java:594) ~[spring-beans-5.2.7.RELEASE.jar:5.2.7.RELEASE]
	at org.springframework.beans.factory.support.AbstractAutowireCapableBeanFactory.createBean(AbstractAutowireCapableBeanFactory.java:517) ~[spring-beans-5.2.7.RELEASE.jar:5.2.7.RELEASE]
	at org.springframework.beans.factory.support.AbstractBeanFactory.lambda$doGetBean$0(AbstractBeanFactory.java:323) ~[spring-beans-5.2.7.RELEASE.jar:5.2.7.RELEASE]
	at org.springframework.beans.factory.support.DefaultSingletonBeanRegistry.getSingleton(DefaultSingletonBeanRegistry.java:226) ~[spring-beans-5.2.7.RELEASE.jar:5.2.7.RELEASE]
	at org.springframework.beans.factory.support.AbstractBeanFactory.doGetBean(AbstractBeanFactory.java:321) ~[spring-beans-5.2.7.RELEASE.jar:5.2.7.RELEASE]
	at org.springframework.beans.factory.support.AbstractBeanFactory.getBean(AbstractBeanFactory.java:202) ~[spring-beans-5.2.7.RELEASE.jar:5.2.7.RELEASE]
	at org.springframework.beans.factory.config.DependencyDescriptor.resolveCandidate(DependencyDescriptor.java:276) ~[spring-beans-5.2.7.RELEASE.jar:5.2.7.RELEASE]
	at org.springframework.beans.factory.support.DefaultListableBeanFactory.doResolveDependency(DefaultListableBeanFactory.java:1304) ~[spring-beans-5.2.7.RELEASE.jar:5.2.7.RELEASE]
	at org.springframework.beans.factory.support.DefaultListableBeanFactory.resolveDependency(DefaultListableBeanFactory.java:1224) ~[spring-beans-5.2.7.RELEASE.jar:5.2.7.RELEASE]
	at org.springframework.beans.factory.annotation.AutowiredAnnotationBeanPostProcessor$AutowiredFieldElement.inject(AutowiredAnnotationBeanPostProcessor.java:640) ~[spring-beans-5.2.7.RELEASE.jar:5.2.7.RELEASE]
	at org.springframework.beans.factory.annotation.InjectionMetadata.inject(InjectionMetadata.java:130) ~[spring-beans-5.2.7.RELEASE.jar:5.2.7.RELEASE]
	at org.springframework.beans.factory.annotation.AutowiredAnnotationBeanPostProcessor.postProcessProperties(AutowiredAnnotationBeanPostProcessor.java:399) ~[spring-beans-5.2.7.RELEASE.jar:5.2.7.RELEASE]
	at org.springframework.beans.factory.support.AbstractAutowireCapableBeanFactory.populateBean(AbstractAutowireCapableBeanFactory.java:1422) ~[spring-beans-5.2.7.RELEASE.jar:5.2.7.RELEASE]
	at org.springframework.beans.factory.support.AbstractAutowireCapableBeanFactory.doCreateBean(AbstractAutowireCapableBeanFactory.java:594) ~[spring-beans-5.2.7.RELEASE.jar:5.2.7.RELEASE]
	at org.springframework.beans.factory.support.AbstractAutowireCapableBeanFactory.createBean(AbstractAutowireCapableBeanFactory.java:517) ~[spring-beans-5.2.7.RELEASE.jar:5.2.7.RELEASE]
	at org.springframework.beans.factory.support.AbstractBeanFactory.lambda$doGetBean$0(AbstractBeanFactory.java:323) ~[spring-beans-5.2.7.RELEASE.jar:5.2.7.RELEASE]
	at org.springframework.beans.factory.support.DefaultSingletonBeanRegistry.getSingleton(DefaultSingletonBeanRegistry.java:226) ~[spring-beans-5.2.7.RELEASE.jar:5.2.7.RELEASE]
	at org.springframework.beans.factory.support.AbstractBeanFactory.doGetBean(AbstractBeanFactory.java:321) ~[spring-beans-5.2.7.RELEASE.jar:5.2.7.RELEASE]
	at org.springframework.beans.factory.support.AbstractBeanFactory.getBean(AbstractBeanFactory.java:202) ~[spring-beans-5.2.7.RELEASE.jar:5.2.7.RELEASE]
	at org.springframework.beans.factory.support.DefaultListableBeanFactory.preInstantiateSingletons(DefaultListableBeanFactory.java:893) ~[spring-beans-5.2.7.RELEASE.jar:5.2.7.RELEASE]
	at org.springframework.context.support.AbstractApplicationContext.finishBeanFactoryInitialization(AbstractApplicationContext.java:879) ~[spring-context-5.2.7.RELEASE.jar:5.2.7.RELEASE]
	at org.springframework.context.support.AbstractApplicationContext.refresh(AbstractApplicationContext.java:551) ~[spring-context-5.2.7.RELEASE.jar:5.2.7.RELEASE]
	at org.springframework.boot.SpringApplication.refresh(SpringApplication.java:758) ~[spring-boot-2.3.1.RELEASE.jar:2.3.1.RELEASE]
	at org.springframework.boot.SpringApplication.refresh(SpringApplication.java:750) ~[spring-boot-2.3.1.RELEASE.jar:2.3.1.RELEASE]
	at org.springframework.boot.SpringApplication.refreshContext(SpringApplication.java:397) ~[spring-boot-2.3.1.RELEASE.jar:2.3.1.RELEASE]
	at org.springframework.boot.SpringApplication.run(SpringApplication.java:315) ~[spring-boot-2.3.1.RELEASE.jar:2.3.1.RELEASE]
	at org.springframework.boot.test.context.SpringBootContextLoader.loadContext(SpringBootContextLoader.java:120) ~[spring-boot-test-2.3.1.RELEASE.jar:2.3.1.RELEASE]
	at org.springframework.test.context.cache.DefaultCacheAwareContextLoaderDelegate.loadContextInternal(DefaultCacheAwareContextLoaderDelegate.java:99) ~[spring-test-5.2.7.RELEASE.jar:5.2.7.RELEASE]
	at org.springframework.test.context.cache.DefaultCacheAwareContextLoaderDelegate.loadContext(DefaultCacheAwareContextLoaderDelegate.java:124) ~[spring-test-5.2.7.RELEASE.jar:5.2.7.RELEASE]
	... 65 more
Caused by: org.apache.ibatis.builder.BuilderException: Error parsing Mapper XML. The XML location is 'file [C:\Users\13292\Desktop\claudel1\reposNew\task30\target\classes\mapper\BudgetMapper.xml]'. Cause: org.apache.ibatis.builder.BuilderException: Error resolving class. Cause: org.apache.ibatis.type.TypeException: Could not resolve type alias 'cn.jackbin.SimpleRecord.dto.BudgetExecutionDTO'.  Cause: java.lang.ClassNotFoundException: Cannot find class: cn.jackbin.SimpleRecord.dto.BudgetExecutionDTO
	at org.apache.ibatis.builder.xml.XMLMapperBuilder.configurationElement(XMLMapperBuilder.java:122) ~[mybatis-3.5.4.jar:3.5.4]
	at org.apache.ibatis.builder.xml.XMLMapperBuilder.parse(XMLMapperBuilder.java:94) ~[mybatis-3.5.4.jar:3.5.4]
	at com.baomidou.mybatisplus.extension.spring.MybatisSqlSessionFactoryBean.buildSqlSessionFactory(MybatisSqlSessionFactoryBean.java:591) ~[mybatis-plus-extension-3.3.2.jar:3.3.2]
	at com.baomidou.mybatisplus.extension.spring.MybatisSqlSessionFactoryBean.afterPropertiesSet(MybatisSqlSessionFactoryBean.java:429) ~[mybatis-plus-extension-3.3.2.jar:3.3.2]
	at com.baomidou.mybatisplus.extension.spring.MybatisSqlSessionFactoryBean.getObject(MybatisSqlSessionFactoryBean.java:626) ~[mybatis-plus-extension-3.3.2.jar:3.3.2]
	at com.baomidou.mybatisplus.autoconfigure.MybatisPlusAutoConfiguration.sqlSessionFactory(MybatisPlusAutoConfiguration.java:215) ~[mybatis-plus-boot-starter-3.3.2.jar:3.3.2]
	at com.baomidou.mybatisplus.autoconfigure.MybatisPlusAutoConfiguration$$EnhancerBySpringCGLIB$$f1427f39.CGLIB$sqlSessionFactory$1(<generated>) ~[mybatis-plus-boot-starter-3.3.2.jar:3.3.2]
	at com.baomidou.mybatisplus.autoconfigure.MybatisPlusAutoConfiguration$$EnhancerBySpringCGLIB$$f1427f39$$FastClassBySpringCGLIB$$38ba60c2.invoke(<generated>) ~[mybatis-plus-boot-starter-3.3.2.jar:3.3.2]
	at org.springframework.cglib.proxy.MethodProxy.invokeSuper(MethodProxy.java:244) ~[spring-core-5.2.7.RELEASE.jar:5.2.7.RELEASE]
	at org.springframework.context.annotation.ConfigurationClassEnhancer$BeanMethodInterceptor.intercept(ConfigurationClassEnhancer.java:331) ~[spring-context-5.2.7.RELEASE.jar:5.2.7.RELEASE]
	at com.baomidou.mybatisplus.autoconfigure.MybatisPlusAutoConfiguration$$EnhancerBySpringCGLIB$$f1427f39.sqlSessionFactory(<generated>) ~[mybatis-plus-boot-starter-3.3.2.jar:3.3.2]
	at jdk.internal.reflect.NativeMethodAccessorImpl.invoke0(Native Method) ~[?:?]
	at jdk.internal.reflect.NativeMethodAccessorImpl.invoke(NativeMethodAccessorImpl.java:77) ~[?:?]
	at jdk.internal.reflect.DelegatingMethodAccessorImpl.invoke(DelegatingMethodAccessorImpl.java:43) ~[?:?]
	at java.lang.reflect.Method.invoke(Method.java:569) ~[?:?]
	at org.springframework.beans.factory.support.SimpleInstantiationStrategy.instantiate(SimpleInstantiationStrategy.java:154) ~[spring-beans-5.2.7.RELEASE.jar:5.2.7.RELEASE]
	at org.springframework.beans.factory.support.ConstructorResolver.instantiate(ConstructorResolver.java:650) ~[spring-beans-5.2.7.RELEASE.jar:5.2.7.RELEASE]
	at org.springframework.beans.factory.support.ConstructorResolver.instantiateUsingFactoryMethod(ConstructorResolver.java:635) ~[spring-beans-5.2.7.RELEASE.jar:5.2.7.RELEASE]
	at org.springframework.beans.factory.support.AbstractAutowireCapableBeanFactory.instantiateUsingFactoryMethod(AbstractAutowireCapableBeanFactory.java:1338) ~[spring-beans-5.2.7.RELEASE.jar:5.2.7.RELEASE]
	at org.springframework.beans.factory.support.AbstractAutowireCapableBeanFactory.createBeanInstance(AbstractAutowireCapableBeanFactory.java:1177) ~[spring-beans-5.2.7.RELEASE.jar:5.2.7.RELEASE]
	at org.springframework.beans.factory.support.AbstractAutowireCapableBeanFactory.doCreateBean(AbstractAutowireCapableBeanFactory.java:557) ~[spring-beans-5.2.7.RELEASE.jar:5.2.7.RELEASE]
	at org.springframework.beans.factory.support.AbstractAutowireCapableBeanFactory.createBean(AbstractAutowireCapableBeanFactory.java:517) ~[spring-beans-5.2.7.RELEASE.jar:5.2.7.RELEASE]
	at org.springframework.beans.factory.support.AbstractBeanFactory.lambda$doGetBean$0(AbstractBeanFactory.java:323) ~[spring-beans-5.2.7.RELEASE.jar:5.2.7.RELEASE]
	at org.springframework.beans.factory.support.DefaultSingletonBeanRegistry.getSingleton(DefaultSingletonBeanRegistry.java:226) ~[spring-beans-5.2.7.RELEASE.jar:5.2.7.RELEASE]
	at org.springframework.beans.factory.support.AbstractBeanFactory.doGetBean(AbstractBeanFactory.java:321) ~[spring-beans-5.2.7.RELEASE.jar:5.2.7.RELEASE]
	at org.springframework.beans.factory.support.AbstractBeanFactory.getBean(AbstractBeanFactory.java:202) ~[spring-beans-5.2.7.RELEASE.jar:5.2.7.RELEASE]
	at org.springframework.beans.factory.config.DependencyDescriptor.resolveCandidate(DependencyDescriptor.java:276) ~[spring-beans-5.2.7.RELEASE.jar:5.2.7.RELEASE]
	at org.springframework.beans.factory.support.DefaultListableBeanFactory.doResolveDependency(DefaultListableBeanFactory.java:1304) ~[spring-beans-5.2.7.RELEASE.jar:5.2.7.RELEASE]
	at org.springframework.beans.factory.support.DefaultListableBeanFactory.resolveDependency(DefaultListableBeanFactory.java:1224) ~[spring-beans-5.2.7.RELEASE.jar:5.2.7.RELEASE]
	at org.springframework.beans.factory.support.AbstractAutowireCapableBeanFactory.autowireByType(AbstractAutowireCapableBeanFactory.java:1511) ~[spring-beans-5.2.7.RELEASE.jar:5.2.7.RELEASE]
	at org.springframework.beans.factory.support.AbstractAutowireCapableBeanFactory.populateBean(AbstractAutowireCapableBeanFactory.java:1406) ~[spring-beans-5.2.7.RELEASE.jar:5.2.7.RELEASE]
	at org.springframework.beans.factory.support.AbstractAutowireCapableBeanFactory.doCreateBean(AbstractAutowireCapableBeanFactory.java:594) ~[spring-beans-5.2.7.RELEASE.jar:5.2.7.RELEASE]
	at org.springframework.beans.factory.support.AbstractAutowireCapableBeanFactory.createBean(AbstractAutowireCapableBeanFactory.java:517) ~[spring-beans-5.2.7.RELEASE.jar:5.2.7.RELEASE]
	at org.springframework.beans.factory.support.AbstractBeanFactory.lambda$doGetBean$0(AbstractBeanFactory.java:323) ~[spring-beans-5.2.7.RELEASE.jar:5.2.7.RELEASE]
	at org.springframework.beans.factory.support.DefaultSingletonBeanRegistry.getSingleton(DefaultSingletonBeanRegistry.java:226) ~[spring-beans-5.2.7.RELEASE.jar:5.2.7.RELEASE]
	at org.springframework.beans.factory.support.AbstractBeanFactory.doGetBean(AbstractBeanFactory.java:321) ~[spring-beans-5.2.7.RELEASE.jar:5.2.7.RELEASE]
	at org.springframework.beans.factory.support.AbstractBeanFactory.getBean(AbstractBeanFactory.java:202) ~[spring-beans-5.2.7.RELEASE.jar:5.2.7.RELEASE]
	at org.springframework.beans.factory.config.DependencyDescriptor.resolveCandidate(DependencyDescriptor.java:276) ~[spring-beans-5.2.7.RELEASE.jar:5.2.7.RELEASE]
	at org.springframework.beans.factory.support.DefaultListableBeanFactory.doResolveDependency(DefaultListableBeanFactory.java:1304) ~[spring-beans-5.2.7.RELEASE.jar:5.2.7.RELEASE]
	at org.springframework.beans.factory.support.DefaultListableBeanFactory.resolveDependency(DefaultListableBeanFactory.java:1224) ~[spring-beans-5.2.7.RELEASE.jar:5.2.7.RELEASE]
	at org.springframework.beans.factory.annotation.AutowiredAnnotationBeanPostProcessor$AutowiredFieldElement.inject(AutowiredAnnotationBeanPostProcessor.java:640) ~[spring-beans-5.2.7.RELEASE.jar:5.2.7.RELEASE]
	at org.springframework.beans.factory.annotation.InjectionMetadata.inject(InjectionMetadata.java:130) ~[spring-beans-5.2.7.RELEASE.jar:5.2.7.RELEASE]
	at org.springframework.beans.factory.annotation.AutowiredAnnotationBeanPostProcessor.postProcessProperties(AutowiredAnnotationBeanPostProcessor.java:399) ~[spring-beans-5.2.7.RELEASE.jar:5.2.7.RELEASE]
	at org.springframework.beans.factory.support.AbstractAutowireCapableBeanFactory.populateBean(AbstractAutowireCapableBeanFactory.java:1422) ~[spring-beans-5.2.7.RELEASE.jar:5.2.7.RELEASE]
	at org.springframework.beans.factory.support.AbstractAutowireCapableBeanFactory.doCreateBean(AbstractAutowireCapableBeanFactory.java:594) ~[spring-beans-5.2.7.RELEASE.jar:5.2.7.RELEASE]
	at org.springframework.beans.factory.support.AbstractAutowireCapableBeanFactory.createBean(AbstractAutowireCapableBeanFactory.java:517) ~[spring-beans-5.2.7.RELEASE.jar:5.2.7.RELEASE]
	at org.springframework.beans.factory.support.AbstractBeanFactory.lambda$doGetBean$0(AbstractBeanFactory.java:323) ~[spring-beans-5.2.7.RELEASE.jar:5.2.7.RELEASE]
	at org.springframework.beans.factory.support.DefaultSingletonBeanRegistry.getSingleton(DefaultSingletonBeanRegistry.java:226) ~[spring-beans-5.2.7.RELEASE.jar:5.2.7.RELEASE]
	at org.springframework.beans.factory.support.AbstractBeanFactory.doGetBean(AbstractBeanFactory.java:321) ~[spring-beans-5.2.7.RELEASE.jar:5.2.7.RELEASE]
	at org.springframework.beans.factory.support.AbstractBeanFactory.getBean(AbstractBeanFactory.java:202) ~[spring-beans-5.2.7.RELEASE.jar:5.2.7.RELEASE]
	at org.springframework.beans.factory.config.DependencyDescriptor.resolveCandidate(DependencyDescriptor.java:276) ~[spring-beans-5.2.7.RELEASE.jar:5.2.7.RELEASE]
	at org.springframework.beans.factory.support.DefaultListableBeanFactory.doResolveDependency(DefaultListableBeanFactory.java:1304) ~[spring-beans-5.2.7.RELEASE.jar:5.2.7.RELEASE]
	at org.springframework.beans.factory.support.DefaultListableBeanFactory.resolveDependency(DefaultListableBeanFactory.java:1224) ~[spring-beans-5.2.7.RELEASE.jar:5.2.7.RELEASE]
	at org.springframework.beans.factory.annotation.AutowiredAnnotationBeanPostProcessor$AutowiredFieldElement.inject(AutowiredAnnotationBeanPostProcessor.java:640) ~[spring-beans-5.2.7.RELEASE.jar:5.2.7.RELEASE]
	at org.springframework.beans.factory.annotation.InjectionMetadata.inject(InjectionMetadata.java:130) ~[spring-beans-5.2.7.RELEASE.jar:5.2.7.RELEASE]
	at org.springframework.beans.factory.annotation.AutowiredAnnotationBeanPostProcessor.postProcessProperties(AutowiredAnnotationBeanPostProcessor.java:399) ~[spring-beans-5.2.7.RELEASE.jar:5.2.7.RELEASE]
	at org.springframework.beans.factory.support.AbstractAutowireCapableBeanFactory.populateBean(AbstractAutowireCapableBeanFactory.java:1422) ~[spring-beans-5.2.7.RELEASE.jar:5.2.7.RELEASE]
	at org.springframework.beans.factory.support.AbstractAutowireCapableBeanFactory.doCreateBean(AbstractAutowireCapableBeanFactory.java:594) ~[spring-beans-5.2.7.RELEASE.jar:5.2.7.RELEASE]
	at org.springframework.beans.factory.support.AbstractAutowireCapableBeanFactory.createBean(AbstractAutowireCapableBeanFactory.java:517) ~[spring-beans-5.2.7.RELEASE.jar:5.2.7.RELEASE]
	at org.springframework.beans.factory.support.AbstractBeanFactory.lambda$doGetBean$0(AbstractBeanFactory.java:323) ~[spring-beans-5.2.7.RELEASE.jar:5.2.7.RELEASE]
	at org.springframework.beans.factory.support.DefaultSingletonBeanRegistry.getSingleton(DefaultSingletonBeanRegistry.java:226) ~[spring-beans-5.2.7.RELEASE.jar:5.2.7.RELEASE]
	at org.springframework.beans.factory.support.AbstractBeanFactory.doGetBean(AbstractBeanFactory.java:321) ~[spring-beans-5.2.7.RELEASE.jar:5.2.7.RELEASE]
	at org.springframework.beans.factory.support.AbstractBeanFactory.getBean(AbstractBeanFactory.java:202) ~[spring-beans-5.2.7.RELEASE.jar:5.2.7.RELEASE]
	at org.springframework.beans.factory.support.DefaultListableBeanFactory.preInstantiateSingletons(DefaultListableBeanFactory.java:893) ~[spring-beans-5.2.7.RELEASE.jar:5.2.7.RELEASE]
	at org.springframework.context.support.AbstractApplicationContext.finishBeanFactoryInitialization(AbstractApplicationContext.java:879) ~[spring-context-5.2.7.RELEASE.jar:5.2.7.RELEASE]
	at org.springframework.context.support.AbstractApplicationContext.refresh(AbstractApplicationContext.java:551) ~[spring-context-5.2.7.RELEASE.jar:5.2.7.RELEASE]
	at org.springframework.boot.SpringApplication.refresh(SpringApplication.java:758) ~[spring-boot-2.3.1.RELEASE.jar:2.3.1.RELEASE]
	at org.springframework.boot.SpringApplication.refresh(SpringApplication.java:750) ~[spring-boot-2.3.1.RELEASE.jar:2.3.1.RELEASE]
	at org.springframework.boot.SpringApplication.refreshContext(SpringApplication.java:397) ~[spring-boot-2.3.1.RELEASE.jar:2.3.1.RELEASE]
	at org.springframework.boot.SpringApplication.run(SpringApplication.java:315) ~[spring-boot-2.3.1.RELEASE.jar:2.3.1.RELEASE]
	at org.springframework.boot.test.context.SpringBootContextLoader.loadContext(SpringBootContextLoader.java:120) ~[spring-boot-test-2.3.1.RELEASE.jar:2.3.1.RELEASE]
	at org.springframework.test.context.cache.DefaultCacheAwareContextLoaderDelegate.loadContextInternal(DefaultCacheAwareContextLoaderDelegate.java:99) ~[spring-test-5.2.7.RELEASE.jar:5.2.7.RELEASE]
	at org.springframework.test.context.cache.DefaultCacheAwareContextLoaderDelegate.loadContext(DefaultCacheAwareContextLoaderDelegate.java:124) ~[spring-test-5.2.7.RELEASE.jar:5.2.7.RELEASE]
	... 65 more
Caused by: org.apache.ibatis.builder.BuilderException: Error resolving class. Cause: org.apache.ibatis.type.TypeException: Could not resolve type alias 'cn.jackbin.SimpleRecord.dto.BudgetExecutionDTO'.  Cause: java.lang.ClassNotFoundException: Cannot find class: cn.jackbin.SimpleRecord.dto.BudgetExecutionDTO
	at org.apache.ibatis.builder.BaseBuilder.resolveClass(BaseBuilder.java:118) ~[mybatis-3.5.4.jar:3.5.4]
	at org.apache.ibatis.builder.xml.XMLStatementBuilder.parseStatementNode(XMLStatementBuilder.java:102) ~[mybatis-3.5.4.jar:3.5.4]
	at org.apache.ibatis.builder.xml.XMLMapperBuilder.buildStatementFromContext(XMLMapperBuilder.java:137) ~[mybatis-3.5.4.jar:3.5.4]
	at org.apache.ibatis.builder.xml.XMLMapperBuilder.buildStatementFromContext(XMLMapperBuilder.java:130) ~[mybatis-3.5.4.jar:3.5.4]
	at org.apache.ibatis.builder.xml.XMLMapperBuilder.configurationElement(XMLMapperBuilder.java:120) ~[mybatis-3.5.4.jar:3.5.4]
	at org.apache.ibatis.builder.xml.XMLMapperBuilder.parse(XMLMapperBuilder.java:94) ~[mybatis-3.5.4.jar:3.5.4]
	at com.baomidou.mybatisplus.extension.spring.MybatisSqlSessionFactoryBean.buildSqlSessionFactory(MybatisSqlSessionFactoryBean.java:591) ~[mybatis-plus-extension-3.3.2.jar:3.3.2]
	at com.baomidou.mybatisplus.extension.spring.MybatisSqlSessionFactoryBean.afterPropertiesSet(MybatisSqlSessionFactoryBean.java:429) ~[mybatis-plus-extension-3.3.2.jar:3.3.2]
	at com.baomidou.mybatisplus.extension.spring.MybatisSqlSessionFactoryBean.getObject(MybatisSqlSessionFactoryBean.java:626) ~[mybatis-plus-extension-3.3.2.jar:3.3.2]
	at com.baomidou.mybatisplus.autoconfigure.MybatisPlusAutoConfiguration.sqlSessionFactory(MybatisPlusAutoConfiguration.java:215) ~[mybatis-plus-boot-starter-3.3.2.jar:3.3.2]
	at com.baomidou.mybatisplus.autoconfigure.MybatisPlusAutoConfiguration$$EnhancerBySpringCGLIB$$f1427f39.CGLIB$sqlSessionFactory$1(<generated>) ~[mybatis-plus-boot-starter-3.3.2.jar:3.3.2]
	at com.baomidou.mybatisplus.autoconfigure.MybatisPlusAutoConfiguration$$EnhancerBySpringCGLIB$$f1427f39$$FastClassBySpringCGLIB$$38ba60c2.invoke(<generated>) ~[mybatis-plus-boot-starter-3.3.2.jar:3.3.2]
	at org.springframework.cglib.proxy.MethodProxy.invokeSuper(MethodProxy.java:244) ~[spring-core-5.2.7.RELEASE.jar:5.2.7.RELEASE]
	at org.springframework.context.annotation.ConfigurationClassEnhancer$BeanMethodInterceptor.intercept(ConfigurationClassEnhancer.java:331) ~[spring-context-5.2.7.RELEASE.jar:5.2.7.RELEASE]
	at com.baomidou.mybatisplus.autoconfigure.MybatisPlusAutoConfiguration$$EnhancerBySpringCGLIB$$f1427f39.sqlSessionFactory(<generated>) ~[mybatis-plus-boot-starter-3.3.2.jar:3.3.2]
	at jdk.internal.reflect.NativeMethodAccessorImpl.invoke0(Native Method) ~[?:?]
	at jdk.internal.reflect.NativeMethodAccessorImpl.invoke(NativeMethodAccessorImpl.java:77) ~[?:?]
	at jdk.internal.reflect.DelegatingMethodAccessorImpl.invoke(DelegatingMethodAccessorImpl.java:43) ~[?:?]
	at java.lang.reflect.Method.invoke(Method.java:569) ~[?:?]
	at org.springframework.beans.factory.support.SimpleInstantiationStrategy.instantiate(SimpleInstantiationStrategy.java:154) ~[spring-beans-5.2.7.RELEASE.jar:5.2.7.RELEASE]
	at org.springframework.beans.factory.support.ConstructorResolver.instantiate(ConstructorResolver.java:650) ~[spring-beans-5.2.7.RELEASE.jar:5.2.7.RELEASE]
	at org.springframework.beans.factory.support.ConstructorResolver.instantiateUsingFactoryMethod(ConstructorResolver.java:635) ~[spring-beans-5.2.7.RELEASE.jar:5.2.7.RELEASE]
	at org.springframework.beans.factory.support.AbstractAutowireCapableBeanFactory.instantiateUsingFactoryMethod(AbstractAutowireCapableBeanFactory.java:1338) ~[spring-beans-5.2.7.RELEASE.jar:5.2.7.RELEASE]
	at org.springframework.beans.factory.support.AbstractAutowireCapableBeanFactory.createBeanInstance(AbstractAutowireCapableBeanFactory.java:1177) ~[spring-beans-5.2.7.RELEASE.jar:5.2.7.RELEASE]
	at org.springframework.beans.factory.support.AbstractAutowireCapableBeanFactory.doCreateBean(AbstractAutowireCapableBeanFactory.java:557) ~[spring-beans-5.2.7.RELEASE.jar:5.2.7.RELEASE]
	at org.springframework.beans.factory.support.AbstractAutowireCapableBeanFactory.createBean(AbstractAutowireCapableBeanFactory.java:517) ~[spring-beans-5.2.7.RELEASE.jar:5.2.7.RELEASE]
	at org.springframework.beans.factory.support.AbstractBeanFactory.lambda$doGetBean$0(AbstractBeanFactory.java:323) ~[spring-beans-5.2.7.RELEASE.jar:5.2.7.RELEASE]
	at org.springframework.beans.factory.support.DefaultSingletonBeanRegistry.getSingleton(DefaultSingletonBeanRegistry.java:226) ~[spring-beans-5.2.7.RELEASE.jar:5.2.7.RELEASE]
	at org.springframework.beans.factory.support.AbstractBeanFactory.doGetBean(AbstractBeanFactory.java:321) ~[spring-beans-5.2.7.RELEASE.jar:5.2.7.RELEASE]
	at org.springframework.beans.factory.support.AbstractBeanFactory.getBean(AbstractBeanFactory.java:202) ~[spring-beans-5.2.7.RELEASE.jar:5.2.7.RELEASE]
	at org.springframework.beans.factory.config.DependencyDescriptor.resolveCandidate(DependencyDescriptor.java:276) ~[spring-beans-5.2.7.RELEASE.jar:5.2.7.RELEASE]
	at org.springframework.beans.factory.support.DefaultListableBeanFactory.doResolveDependency(DefaultListableBeanFactory.java:1304) ~[spring-beans-5.2.7.RELEASE.jar:5.2.7.RELEASE]
	at org.springframework.beans.factory.support.DefaultListableBeanFactory.resolveDependency(DefaultListableBeanFactory.java:1224) ~[spring-beans-5.2.7.RELEASE.jar:5.2.7.RELEASE]
	at org.springframework.beans.factory.support.AbstractAutowireCapableBeanFactory.autowireByType(AbstractAutowireCapableBeanFactory.java:1511) ~[spring-beans-5.2.7.RELEASE.jar:5.2.7.RELEASE]
	at org.springframework.beans.factory.support.AbstractAutowireCapableBeanFactory.populateBean(AbstractAutowireCapableBeanFactory.java:1406) ~[spring-beans-5.2.7.RELEASE.jar:5.2.7.RELEASE]
	at org.springframework.beans.factory.support.AbstractAutowireCapableBeanFactory.doCreateBean(AbstractAutowireCapableBeanFactory.java:594) ~[spring-beans-5.2.7.RELEASE.jar:5.2.7.RELEASE]
	at org.springframework.beans.factory.support.AbstractAutowireCapableBeanFactory.createBean(AbstractAutowireCapableBeanFactory.java:517) ~[spring-beans-5.2.7.RELEASE.jar:5.2.7.RELEASE]
	at org.springframework.beans.factory.support.AbstractBeanFactory.lambda$doGetBean$0(AbstractBeanFactory.java:323) ~[spring-beans-5.2.7.RELEASE.jar:5.2.7.RELEASE]
	at org.springframework.beans.factory.support.DefaultSingletonBeanRegistry.getSingleton(DefaultSingletonBeanRegistry.java:226) ~[spring-beans-5.2.7.RELEASE.jar:5.2.7.RELEASE]
	at org.springframework.beans.factory.support.AbstractBeanFactory.doGetBean(AbstractBeanFactory.java:321) ~[spring-beans-5.2.7.RELEASE.jar:5.2.7.RELEASE]
	at org.springframework.beans.factory.support.AbstractBeanFactory.getBean(AbstractBeanFactory.java:202) ~[spring-beans-5.2.7.RELEASE.jar:5.2.7.RELEASE]
	at org.springframework.beans.factory.config.DependencyDescriptor.resolveCandidate(DependencyDescriptor.java:276) ~[spring-beans-5.2.7.RELEASE.jar:5.2.7.RELEASE]
	at org.springframework.beans.factory.support.DefaultListableBeanFactory.doResolveDependency(DefaultListableBeanFactory.java:1304) ~[spring-beans-5.2.7.RELEASE.jar:5.2.7.RELEASE]
	at org.springframework.beans.factory.support.DefaultListableBeanFactory.resolveDependency(DefaultListableBeanFactory.java:1224) ~[spring-beans-5.2.7.RELEASE.jar:5.2.7.RELEASE]
	at org.springframework.beans.factory.annotation.AutowiredAnnotationBeanPostProcessor$AutowiredFieldElement.inject(AutowiredAnnotationBeanPostProcessor.java:640) ~[spring-beans-5.2.7.RELEASE.jar:5.2.7.RELEASE]
	at org.springframework.beans.factory.annotation.InjectionMetadata.inject(InjectionMetadata.java:130) ~[spring-beans-5.2.7.RELEASE.jar:5.2.7.RELEASE]
	at org.springframework.beans.factory.annotation.AutowiredAnnotationBeanPostProcessor.postProcessProperties(AutowiredAnnotationBeanPostProcessor.java:399) ~[spring-beans-5.2.7.RELEASE.jar:5.2.7.RELEASE]
	at org.springframework.beans.factory.support.AbstractAutowireCapableBeanFactory.populateBean(AbstractAutowireCapableBeanFactory.java:1422) ~[spring-beans-5.2.7.RELEASE.jar:5.2.7.RELEASE]
	at org.springframework.beans.factory.support.AbstractAutowireCapableBeanFactory.doCreateBean(AbstractAutowireCapableBeanFactory.java:594) ~[spring-beans-5.2.7.RELEASE.jar:5.2.7.RELEASE]
	at org.springframework.beans.factory.support.AbstractAutowireCapableBeanFactory.createBean(AbstractAutowireCapableBeanFactory.java:517) ~[spring-beans-5.2.7.RELEASE.jar:5.2.7.RELEASE]
	at org.springframework.beans.factory.support.AbstractBeanFactory.lambda$doGetBean$0(AbstractBeanFactory.java:323) ~[spring-beans-5.2.7.RELEASE.jar:5.2.7.RELEASE]
	at org.springframework.beans.factory.support.DefaultSingletonBeanRegistry.getSingleton(DefaultSingletonBeanRegistry.java:226) ~[spring-beans-5.2.7.RELEASE.jar:5.2.7.RELEASE]
	at org.springframework.beans.factory.support.AbstractBeanFactory.doGetBean(AbstractBeanFactory.java:321) ~[spring-beans-5.2.7.RELEASE.jar:5.2.7.RELEASE]
	at org.springframework.beans.factory.support.AbstractBeanFactory.getBean(AbstractBeanFactory.java:202) ~[spring-beans-5.2.7.RELEASE.jar:5.2.7.RELEASE]
	at org.springframework.beans.factory.config.DependencyDescriptor.resolveCandidate(DependencyDescriptor.java:276) ~[spring-beans-5.2.7.RELEASE.jar:5.2.7.RELEASE]
	at org.springframework.beans.factory.support.DefaultListableBeanFactory.doResolveDependency(DefaultListableBeanFactory.java:1304) ~[spring-beans-5.2.7.RELEASE.jar:5.2.7.RELEASE]
	at org.springframework.beans.factory.support.DefaultListableBeanFactory.resolveDependency(DefaultListableBeanFactory.java:1224) ~[spring-beans-5.2.7.RELEASE.jar:5.2.7.RELEASE]
	at org.springframework.beans.factory.annotation.AutowiredAnnotationBeanPostProcessor$AutowiredFieldElement.inject(AutowiredAnnotationBeanPostProcessor.java:640) ~[spring-beans-5.2.7.RELEASE.jar:5.2.7.RELEASE]
	at org.springframework.beans.factory.annotation.InjectionMetadata.inject(InjectionMetadata.java:130) ~[spring-beans-5.2.7.RELEASE.jar:5.2.7.RELEASE]
	at org.springframework.beans.factory.annotation.AutowiredAnnotationBeanPostProcessor.postProcessProperties(AutowiredAnnotationBeanPostProcessor.java:399) ~[spring-beans-5.2.7.RELEASE.jar:5.2.7.RELEASE]
	at org.springframework.beans.factory.support.AbstractAutowireCapableBeanFactory.populateBean(AbstractAutowireCapableBeanFactory.java:1422) ~[spring-beans-5.2.7.RELEASE.jar:5.2.7.RELEASE]
	at org.springframework.beans.factory.support.AbstractAutowireCapableBeanFactory.doCreateBean(AbstractAutowireCapableBeanFactory.java:594) ~[spring-beans-5.2.7.RELEASE.jar:5.2.7.RELEASE]
	at org.springframework.beans.factory.support.AbstractAutowireCapableBeanFactory.createBean(AbstractAutowireCapableBeanFactory.java:517) ~[spring-beans-5.2.7.RELEASE.jar:5.2.7.RELEASE]
	at org.springframework.beans.factory.support.AbstractBeanFactory.lambda$doGetBean$0(AbstractBeanFactory.java:323) ~[spring-beans-5.2.7.RELEASE.jar:5.2.7.RELEASE]
	at org.springframework.beans.factory.support.DefaultSingletonBeanRegistry.getSingleton(DefaultSingletonBeanRegistry.java:226) ~[spring-beans-5.2.7.RELEASE.jar:5.2.7.RELEASE]
	at org.springframework.beans.factory.support.AbstractBeanFactory.doGetBean(AbstractBeanFactory.java:321) ~[spring-beans-5.2.7.RELEASE.jar:5.2.7.RELEASE]
	at org.springframework.beans.factory.support.AbstractBeanFactory.getBean(AbstractBeanFactory.java:202) ~[spring-beans-5.2.7.RELEASE.jar:5.2.7.RELEASE]
	at org.springframework.beans.factory.support.DefaultListableBeanFactory.preInstantiateSingletons(DefaultListableBeanFactory.java:893) ~[spring-beans-5.2.7.RELEASE.jar:5.2.7.RELEASE]
	at org.springframework.context.support.AbstractApplicationContext.finishBeanFactoryInitialization(AbstractApplicationContext.java:879) ~[spring-context-5.2.7.RELEASE.jar:5.2.7.RELEASE]
	at org.springframework.context.support.AbstractApplicationContext.refresh(AbstractApplicationContext.java:551) ~[spring-context-5.2.7.RELEASE.jar:5.2.7.RELEASE]
	at org.springframework.boot.SpringApplication.refresh(SpringApplication.java:758) ~[spring-boot-2.3.1.RELEASE.jar:2.3.1.RELEASE]
	at org.springframework.boot.SpringApplication.refresh(SpringApplication.java:750) ~[spring-boot-2.3.1.RELEASE.jar:2.3.1.RELEASE]
	at org.springframework.boot.SpringApplication.refreshContext(SpringApplication.java:397) ~[spring-boot-2.3.1.RELEASE.jar:2.3.1.RELEASE]
	at org.springframework.boot.SpringApplication.run(SpringApplication.java:315) ~[spring-boot-2.3.1.RELEASE.jar:2.3.1.RELEASE]
	at org.springframework.boot.test.context.SpringBootContextLoader.loadContext(SpringBootContextLoader.java:120) ~[spring-boot-test-2.3.1.RELEASE.jar:2.3.1.RELEASE]
	at org.springframework.test.context.cache.DefaultCacheAwareContextLoaderDelegate.loadContextInternal(DefaultCacheAwareContextLoaderDelegate.java:99) ~[spring-test-5.2.7.RELEASE.jar:5.2.7.RELEASE]
	at org.springframework.test.context.cache.DefaultCacheAwareContextLoaderDelegate.loadContext(DefaultCacheAwareContextLoaderDelegate.java:124) ~[spring-test-5.2.7.RELEASE.jar:5.2.7.RELEASE]
	... 65 more
Caused by: org.apache.ibatis.type.TypeException: Could not resolve type alias 'cn.jackbin.SimpleRecord.dto.BudgetExecutionDTO'.  Cause: java.lang.ClassNotFoundException: Cannot find class: cn.jackbin.SimpleRecord.dto.BudgetExecutionDTO
	at org.apache.ibatis.type.TypeAliasRegistry.resolveAlias(TypeAliasRegistry.java:120) ~[mybatis-3.5.4.jar:3.5.4]
	at org.apache.ibatis.builder.BaseBuilder.resolveAlias(BaseBuilder.java:149) ~[mybatis-3.5.4.jar:3.5.4]
	at org.apache.ibatis.builder.BaseBuilder.resolveClass(BaseBuilder.java:116) ~[mybatis-3.5.4.jar:3.5.4]
	at org.apache.ibatis.builder.xml.XMLStatementBuilder.parseStatementNode(XMLStatementBuilder.java:102) ~[mybatis-3.5.4.jar:3.5.4]
	at org.apache.ibatis.builder.xml.XMLMapperBuilder.buildStatementFromContext(XMLMapperBuilder.java:137) ~[mybatis-3.5.4.jar:3.5.4]
	at org.apache.ibatis.builder.xml.XMLMapperBuilder.buildStatementFromContext(XMLMapperBuilder.java:130) ~[mybatis-3.5.4.jar:3.5.4]
	at org.apache.ibatis.builder.xml.XMLMapperBuilder.configurationElement(XMLMapperBuilder.java:120) ~[mybatis-3.5.4.jar:3.5.4]
	at org.apache.ibatis.builder.xml.XMLMapperBuilder.parse(XMLMapperBuilder.java:94) ~[mybatis-3.5.4.jar:3.5.4]
	at com.baomidou.mybatisplus.extension.spring.MybatisSqlSessionFactoryBean.buildSqlSessionFactory(MybatisSqlSessionFactoryBean.java:591) ~[mybatis-plus-extension-3.3.2.jar:3.3.2]
	at com.baomidou.mybatisplus.extension.spring.MybatisSqlSessionFactoryBean.afterPropertiesSet(MybatisSqlSessionFactoryBean.java:429) ~[mybatis-plus-extension-3.3.2.jar:3.3.2]
	at com.baomidou.mybatisplus.extension.spring.MybatisSqlSessionFactoryBean.getObject(MybatisSqlSessionFactoryBean.java:626) ~[mybatis-plus-extension-3.3.2.jar:3.3.2]
	at com.baomidou.mybatisplus.autoconfigure.MybatisPlusAutoConfiguration.sqlSessionFactory(MybatisPlusAutoConfiguration.java:215) ~[mybatis-plus-boot-starter-3.3.2.jar:3.3.2]
	at com.baomidou.mybatisplus.autoconfigure.MybatisPlusAutoConfiguration$$EnhancerBySpringCGLIB$$f1427f39.CGLIB$sqlSessionFactory$1(<generated>) ~[mybatis-plus-boot-starter-3.3.2.jar:3.3.2]
	at com.baomidou.mybatisplus.autoconfigure.MybatisPlusAutoConfiguration$$EnhancerBySpringCGLIB$$f1427f39$$FastClassBySpringCGLIB$$38ba60c2.invoke(<generated>) ~[mybatis-plus-boot-starter-3.3.2.jar:3.3.2]
	at org.springframework.cglib.proxy.MethodProxy.invokeSuper(MethodProxy.java:244) ~[spring-core-5.2.7.RELEASE.jar:5.2.7.RELEASE]
	at org.springframework.context.annotation.ConfigurationClassEnhancer$BeanMethodInterceptor.intercept(ConfigurationClassEnhancer.java:331) ~[spring-context-5.2.7.RELEASE.jar:5.2.7.RELEASE]
	at com.baomidou.mybatisplus.autoconfigure.MybatisPlusAutoConfiguration$$EnhancerBySpringCGLIB$$f1427f39.sqlSessionFactory(<generated>) ~[mybatis-plus-boot-starter-3.3.2.jar:3.3.2]
	at jdk.internal.reflect.NativeMethodAccessorImpl.invoke0(Native Method) ~[?:?]
	at jdk.internal.reflect.NativeMethodAccessorImpl.invoke(NativeMethodAccessorImpl.java:77) ~[?:?]
	at jdk.internal.reflect.DelegatingMethodAccessorImpl.invoke(DelegatingMethodAccessorImpl.java:43) ~[?:?]
	at java.lang.reflect.Method.invoke(Method.java:569) ~[?:?]
	at org.springframework.beans.factory.support.SimpleInstantiationStrategy.instantiate(SimpleInstantiationStrategy.java:154) ~[spring-beans-5.2.7.RELEASE.jar:5.2.7.RELEASE]
	at org.springframework.beans.factory.support.ConstructorResolver.instantiate(ConstructorResolver.java:650) ~[spring-beans-5.2.7.RELEASE.jar:5.2.7.RELEASE]
	at org.springframework.beans.factory.support.ConstructorResolver.instantiateUsingFactoryMethod(ConstructorResolver.java:635) ~[spring-beans-5.2.7.RELEASE.jar:5.2.7.RELEASE]
	at org.springframework.beans.factory.support.AbstractAutowireCapableBeanFactory.instantiateUsingFactoryMethod(AbstractAutowireCapableBeanFactory.java:1338) ~[spring-beans-5.2.7.RELEASE.jar:5.2.7.RELEASE]
	at org.springframework.beans.factory.support.AbstractAutowireCapableBeanFactory.createBeanInstance(AbstractAutowireCapableBeanFactory.java:1177) ~[spring-beans-5.2.7.RELEASE.jar:5.2.7.RELEASE]
	at org.springframework.beans.factory.support.AbstractAutowireCapableBeanFactory.doCreateBean(AbstractAutowireCapableBeanFactory.java:557) ~[spring-beans-5.2.7.RELEASE.jar:5.2.7.RELEASE]
	at org.springframework.beans.factory.support.AbstractAutowireCapableBeanFactory.createBean(AbstractAutowireCapableBeanFactory.java:517) ~[spring-beans-5.2.7.RELEASE.jar:5.2.7.RELEASE]
	at org.springframework.beans.factory.support.AbstractBeanFactory.lambda$doGetBean$0(AbstractBeanFactory.java:323) ~[spring-beans-5.2.7.RELEASE.jar:5.2.7.RELEASE]
	at org.springframework.beans.factory.support.DefaultSingletonBeanRegistry.getSingleton(DefaultSingletonBeanRegistry.java:226) ~[spring-beans-5.2.7.RELEASE.jar:5.2.7.RELEASE]
	at org.springframework.beans.factory.support.AbstractBeanFactory.doGetBean(AbstractBeanFactory.java:321) ~[spring-beans-5.2.7.RELEASE.jar:5.2.7.RELEASE]
	at org.springframework.beans.factory.support.AbstractBeanFactory.getBean(AbstractBeanFactory.java:202) ~[spring-beans-5.2.7.RELEASE.jar:5.2.7.RELEASE]
	at org.springframework.beans.factory.config.DependencyDescriptor.resolveCandidate(DependencyDescriptor.java:276) ~[spring-beans-5.2.7.RELEASE.jar:5.2.7.RELEASE]
	at org.springframework.beans.factory.support.DefaultListableBeanFactory.doResolveDependency(DefaultListableBeanFactory.java:1304) ~[spring-beans-5.2.7.RELEASE.jar:5.2.7.RELEASE]
	at org.springframework.beans.factory.support.DefaultListableBeanFactory.resolveDependency(DefaultListableBeanFactory.java:1224) ~[spring-beans-5.2.7.RELEASE.jar:5.2.7.RELEASE]
	at org.springframework.beans.factory.support.AbstractAutowireCapableBeanFactory.autowireByType(AbstractAutowireCapableBeanFactory.java:1511) ~[spring-beans-5.2.7.RELEASE.jar:5.2.7.RELEASE]
	at org.springframework.beans.factory.support.AbstractAutowireCapableBeanFactory.populateBean(AbstractAutowireCapableBeanFactory.java:1406) ~[spring-beans-5.2.7.RELEASE.jar:5.2.7.RELEASE]
	at org.springframework.beans.factory.support.AbstractAutowireCapableBeanFactory.doCreateBean(AbstractAutowireCapableBeanFactory.java:594) ~[spring-beans-5.2.7.RELEASE.jar:5.2.7.RELEASE]
	at org.springframework.beans.factory.support.AbstractAutowireCapableBeanFactory.createBean(AbstractAutowireCapableBeanFactory.java:517) ~[spring-beans-5.2.7.RELEASE.jar:5.2.7.RELEASE]
	at org.springframework.beans.factory.support.AbstractBeanFactory.lambda$doGetBean$0(AbstractBeanFactory.java:323) ~[spring-beans-5.2.7.RELEASE.jar:5.2.7.RELEASE]
	at org.springframework.beans.factory.support.DefaultSingletonBeanRegistry.getSingleton(DefaultSingletonBeanRegistry.java:226) ~[spring-beans-5.2.7.RELEASE.jar:5.2.7.RELEASE]
	at org.springframework.beans.factory.support.AbstractBeanFactory.doGetBean(AbstractBeanFactory.java:321) ~[spring-beans-5.2.7.RELEASE.jar:5.2.7.RELEASE]
	at org.springframework.beans.factory.support.AbstractBeanFactory.getBean(AbstractBeanFactory.java:202) ~[spring-beans-5.2.7.RELEASE.jar:5.2.7.RELEASE]
	at org.springframework.beans.factory.config.DependencyDescriptor.resolveCandidate(DependencyDescriptor.java:276) ~[spring-beans-5.2.7.RELEASE.jar:5.2.7.RELEASE]
	at org.springframework.beans.factory.support.DefaultListableBeanFactory.doResolveDependency(DefaultListableBeanFactory.java:1304) ~[spring-beans-5.2.7.RELEASE.jar:5.2.7.RELEASE]
	at org.springframework.beans.factory.support.DefaultListableBeanFactory.resolveDependency(DefaultListableBeanFactory.java:1224) ~[spring-beans-5.2.7.RELEASE.jar:5.2.7.RELEASE]
	at org.springframework.beans.factory.annotation.AutowiredAnnotationBeanPostProcessor$AutowiredFieldElement.inject(AutowiredAnnotationBeanPostProcessor.java:640) ~[spring-beans-5.2.7.RELEASE.jar:5.2.7.RELEASE]
	at org.springframework.beans.factory.annotation.InjectionMetadata.inject(InjectionMetadata.java:130) ~[spring-beans-5.2.7.RELEASE.jar:5.2.7.RELEASE]
	at org.springframework.beans.factory.annotation.AutowiredAnnotationBeanPostProcessor.postProcessProperties(AutowiredAnnotationBeanPostProcessor.java:399) ~[spring-beans-5.2.7.RELEASE.jar:5.2.7.RELEASE]
	at org.springframework.beans.factory.support.AbstractAutowireCapableBeanFactory.populateBean(AbstractAutowireCapableBeanFactory.java:1422) ~[spring-beans-5.2.7.RELEASE.jar:5.2.7.RELEASE]
	at org.springframework.beans.factory.support.AbstractAutowireCapableBeanFactory.doCreateBean(AbstractAutowireCapableBeanFactory.java:594) ~[spring-beans-5.2.7.RELEASE.jar:5.2.7.RELEASE]
	at org.springframework.beans.factory.support.AbstractAutowireCapableBeanFactory.createBean(AbstractAutowireCapableBeanFactory.java:517) ~[spring-beans-5.2.7.RELEASE.jar:5.2.7.RELEASE]
	at org.springframework.beans.factory.support.AbstractBeanFactory.lambda$doGetBean$0(AbstractBeanFactory.java:323) ~[spring-beans-5.2.7.RELEASE.jar:5.2.7.RELEASE]
	at org.springframework.beans.factory.support.DefaultSingletonBeanRegistry.getSingleton(DefaultSingletonBeanRegistry.java:226) ~[spring-beans-5.2.7.RELEASE.jar:5.2.7.RELEASE]
	at org.springframework.beans.factory.support.AbstractBeanFactory.doGetBean(AbstractBeanFactory.java:321) ~[spring-beans-5.2.7.RELEASE.jar:5.2.7.RELEASE]
	at org.springframework.beans.factory.support.AbstractBeanFactory.getBean(AbstractBeanFactory.java:202) ~[spring-beans-5.2.7.RELEASE.jar:5.2.7.RELEASE]
	at org.springframework.beans.factory.config.DependencyDescriptor.resolveCandidate(DependencyDescriptor.java:276) ~[spring-beans-5.2.7.RELEASE.jar:5.2.7.RELEASE]
	at org.springframework.beans.factory.support.DefaultListableBeanFactory.doResolveDependency(DefaultListableBeanFactory.java:1304) ~[spring-beans-5.2.7.RELEASE.jar:5.2.7.RELEASE]
	at org.springframework.beans.factory.support.DefaultListableBeanFactory.resolveDependency(DefaultListableBeanFactory.java:1224) ~[spring-beans-5.2.7.RELEASE.jar:5.2.7.RELEASE]
	at org.springframework.beans.factory.annotation.AutowiredAnnotationBeanPostProcessor$AutowiredFieldElement.inject(AutowiredAnnotationBeanPostProcessor.java:640) ~[spring-beans-5.2.7.RELEASE.jar:5.2.7.RELEASE]
	at org.springframework.beans.factory.annotation.InjectionMetadata.inject(InjectionMetadata.java:130) ~[spring-beans-5.2.7.RELEASE.jar:5.2.7.RELEASE]
	at org.springframework.beans.factory.annotation.AutowiredAnnotationBeanPostProcessor.postProcessProperties(AutowiredAnnotationBeanPostProcessor.java:399) ~[spring-beans-5.2.7.RELEASE.jar:5.2.7.RELEASE]
	at org.springframework.beans.factory.support.AbstractAutowireCapableBeanFactory.populateBean(AbstractAutowireCapableBeanFactory.java:1422) ~[spring-beans-5.2.7.RELEASE.jar:5.2.7.RELEASE]
	at org.springframework.beans.factory.support.AbstractAutowireCapableBeanFactory.doCreateBean(AbstractAutowireCapableBeanFactory.java:594) ~[spring-beans-5.2.7.RELEASE.jar:5.2.7.RELEASE]
	at org.springframework.beans.factory.support.AbstractAutowireCapableBeanFactory.createBean(AbstractAutowireCapableBeanFactory.java:517) ~[spring-beans-5.2.7.RELEASE.jar:5.2.7.RELEASE]
	at org.springframework.beans.factory.support.AbstractBeanFactory.lambda$doGetBean$0(AbstractBeanFactory.java:323) ~[spring-beans-5.2.7.RELEASE.jar:5.2.7.RELEASE]
	at org.springframework.beans.factory.support.DefaultSingletonBeanRegistry.getSingleton(DefaultSingletonBeanRegistry.java:226) ~[spring-beans-5.2.7.RELEASE.jar:5.2.7.RELEASE]
	at org.springframework.beans.factory.support.AbstractBeanFactory.doGetBean(AbstractBeanFactory.java:321) ~[spring-beans-5.2.7.RELEASE.jar:5.2.7.RELEASE]
	at org.springframework.beans.factory.support.AbstractBeanFactory.getBean(AbstractBeanFactory.java:202) ~[spring-beans-5.2.7.RELEASE.jar:5.2.7.RELEASE]
	at org.springframework.beans.factory.support.DefaultListableBeanFactory.preInstantiateSingletons(DefaultListableBeanFactory.java:893) ~[spring-beans-5.2.7.RELEASE.jar:5.2.7.RELEASE]
	at org.springframework.context.support.AbstractApplicationContext.finishBeanFactoryInitialization(AbstractApplicationContext.java:879) ~[spring-context-5.2.7.RELEASE.jar:5.2.7.RELEASE]
	at org.springframework.context.support.AbstractApplicationContext.refresh(AbstractApplicationContext.java:551) ~[spring-context-5.2.7.RELEASE.jar:5.2.7.RELEASE]
	at org.springframework.boot.SpringApplication.refresh(SpringApplication.java:758) ~[spring-boot-2.3.1.RELEASE.jar:2.3.1.RELEASE]
	at org.springframework.boot.SpringApplication.refresh(SpringApplication.java:750) ~[spring-boot-2.3.1.RELEASE.jar:2.3.1.RELEASE]
	at org.springframework.boot.SpringApplication.refreshContext(SpringApplication.java:397) ~[spring-boot-2.3.1.RELEASE.jar:2.3.1.RELEASE]
	at org.springframework.boot.SpringApplication.run(SpringApplication.java:315) ~[spring-boot-2.3.1.RELEASE.jar:2.3.1.RELEASE]
	at org.springframework.boot.test.context.SpringBootContextLoader.loadContext(SpringBootContextLoader.java:120) ~[spring-boot-test-2.3.1.RELEASE.jar:2.3.1.RELEASE]
	at org.springframework.test.context.cache.DefaultCacheAwareContextLoaderDelegate.loadContextInternal(DefaultCacheAwareContextLoaderDelegate.java:99) ~[spring-test-5.2.7.RELEASE.jar:5.2.7.RELEASE]
	at org.springframework.test.context.cache.DefaultCacheAwareContextLoaderDelegate.loadContext(DefaultCacheAwareContextLoaderDelegate.java:124) ~[spring-test-5.2.7.RELEASE.jar:5.2.7.RELEASE]
	... 65 more
Caused by: java.lang.ClassNotFoundException: Cannot find class: cn.jackbin.SimpleRecord.dto.BudgetExecutionDTO
	at org.apache.ibatis.io.ClassLoaderWrapper.classForName(ClassLoaderWrapper.java:200) ~[mybatis-3.5.4.jar:3.5.4]
	at org.apache.ibatis.io.ClassLoaderWrapper.classForName(ClassLoaderWrapper.java:89) ~[mybatis-3.5.4.jar:3.5.4]
	at org.apache.ibatis.io.Resources.classForName(Resources.java:261) ~[mybatis-3.5.4.jar:3.5.4]
	at org.apache.ibatis.type.TypeAliasRegistry.resolveAlias(TypeAliasRegistry.java:116) ~[mybatis-3.5.4.jar:3.5.4]
	at org.apache.ibatis.builder.BaseBuilder.resolveAlias(BaseBuilder.java:149) ~[mybatis-3.5.4.jar:3.5.4]
	at org.apache.ibatis.builder.BaseBuilder.resolveClass(BaseBuilder.java:116) ~[mybatis-3.5.4.jar:3.5.4]
	at org.apache.ibatis.builder.xml.XMLStatementBuilder.parseStatementNode(XMLStatementBuilder.java:102) ~[mybatis-3.5.4.jar:3.5.4]
	at org.apache.ibatis.builder.xml.XMLMapperBuilder.buildStatementFromContext(XMLMapperBuilder.java:137) ~[mybatis-3.5.4.jar:3.5.4]
	at org.apache.ibatis.builder.xml.XMLMapperBuilder.buildStatementFromContext(XMLMapperBuilder.java:130) ~[mybatis-3.5.4.jar:3.5.4]
	at org.apache.ibatis.builder.xml.XMLMapperBuilder.configurationElement(XMLMapperBuilder.java:120) ~[mybatis-3.5.4.jar:3.5.4]
	at org.apache.ibatis.builder.xml.XMLMapperBuilder.parse(XMLMapperBuilder.java:94) ~[mybatis-3.5.4.jar:3.5.4]
	at com.baomidou.mybatisplus.extension.spring.MybatisSqlSessionFactoryBean.buildSqlSessionFactory(MybatisSqlSessionFactoryBean.java:591) ~[mybatis-plus-extension-3.3.2.jar:3.3.2]
	at com.baomidou.mybatisplus.extension.spring.MybatisSqlSessionFactoryBean.afterPropertiesSet(MybatisSqlSessionFactoryBean.java:429) ~[mybatis-plus-extension-3.3.2.jar:3.3.2]
	at com.baomidou.mybatisplus.extension.spring.MybatisSqlSessionFactoryBean.getObject(MybatisSqlSessionFactoryBean.java:626) ~[mybatis-plus-extension-3.3.2.jar:3.3.2]
	at com.baomidou.mybatisplus.autoconfigure.MybatisPlusAutoConfiguration.sqlSessionFactory(MybatisPlusAutoConfiguration.java:215) ~[mybatis-plus-boot-starter-3.3.2.jar:3.3.2]
	at com.baomidou.mybatisplus.autoconfigure.MybatisPlusAutoConfiguration$$EnhancerBySpringCGLIB$$f1427f39.CGLIB$sqlSessionFactory$1(<generated>) ~[mybatis-plus-boot-starter-3.3.2.jar:3.3.2]
	at com.baomidou.mybatisplus.autoconfigure.MybatisPlusAutoConfiguration$$EnhancerBySpringCGLIB$$f1427f39$$FastClassBySpringCGLIB$$38ba60c2.invoke(<generated>) ~[mybatis-plus-boot-starter-3.3.2.jar:3.3.2]
	at org.springframework.cglib.proxy.MethodProxy.invokeSuper(MethodProxy.java:244) ~[spring-core-5.2.7.RELEASE.jar:5.2.7.RELEASE]
	at org.springframework.context.annotation.ConfigurationClassEnhancer$BeanMethodInterceptor.intercept(ConfigurationClassEnhancer.java:331) ~[spring-context-5.2.7.RELEASE.jar:5.2.7.RELEASE]
	at com.baomidou.mybatisplus.autoconfigure.MybatisPlusAutoConfiguration$$EnhancerBySpringCGLIB$$f1427f39.sqlSessionFactory(<generated>) ~[mybatis-plus-boot-starter-3.3.2.jar:3.3.2]
	at jdk.internal.reflect.NativeMethodAccessorImpl.invoke0(Native Method) ~[?:?]
	at jdk.internal.reflect.NativeMethodAccessorImpl.invoke(NativeMethodAccessorImpl.java:77) ~[?:?]
	at jdk.internal.reflect.DelegatingMethodAccessorImpl.invoke(DelegatingMethodAccessorImpl.java:43) ~[?:?]
	at java.lang.reflect.Method.invoke(Method.java:569) ~[?:?]
	at org.springframework.beans.factory.support.SimpleInstantiationStrategy.instantiate(SimpleInstantiationStrategy.java:154) ~[spring-beans-5.2.7.RELEASE.jar:5.2.7.RELEASE]
	at org.springframework.beans.factory.support.ConstructorResolver.instantiate(ConstructorResolver.java:650) ~[spring-beans-5.2.7.RELEASE.jar:5.2.7.RELEASE]
	at org.springframework.beans.factory.support.ConstructorResolver.instantiateUsingFactoryMethod(ConstructorResolver.java:635) ~[spring-beans-5.2.7.RELEASE.jar:5.2.7.RELEASE]
	at org.springframework.beans.factory.support.AbstractAutowireCapableBeanFactory.instantiateUsingFactoryMethod(AbstractAutowireCapableBeanFactory.java:1338) ~[spring-beans-5.2.7.RELEASE.jar:5.2.7.RELEASE]
	at org.springframework.beans.factory.support.AbstractAutowireCapableBeanFactory.createBeanInstance(AbstractAutowireCapableBeanFactory.java:1177) ~[spring-beans-5.2.7.RELEASE.jar:5.2.7.RELEASE]
	at org.springframework.beans.factory.support.AbstractAutowireCapableBeanFactory.doCreateBean(AbstractAutowireCapableBeanFactory.java:557) ~[spring-beans-5.2.7.RELEASE.jar:5.2.7.RELEASE]
	at org.springframework.beans.factory.support.AbstractAutowireCapableBeanFactory.createBean(AbstractAutowireCapableBeanFactory.java:517) ~[spring-beans-5.2.7.RELEASE.jar:5.2.7.RELEASE]
	at org.springframework.beans.factory.support.AbstractBeanFactory.lambda$doGetBean$0(AbstractBeanFactory.java:323) ~[spring-beans-5.2.7.RELEASE.jar:5.2.7.RELEASE]
	at org.springframework.beans.factory.support.DefaultSingletonBeanRegistry.getSingleton(DefaultSingletonBeanRegistry.java:226) ~[spring-beans-5.2.7.RELEASE.jar:5.2.7.RELEASE]
	at org.springframework.beans.factory.support.AbstractBeanFactory.doGetBean(AbstractBeanFactory.java:321) ~[spring-beans-5.2.7.RELEASE.jar:5.2.7.RELEASE]
	at org.springframework.beans.factory.support.AbstractBeanFactory.getBean(AbstractBeanFactory.java:202) ~[spring-beans-5.2.7.RELEASE.jar:5.2.7.RELEASE]
	at org.springframework.beans.factory.config.DependencyDescriptor.resolveCandidate(DependencyDescriptor.java:276) ~[spring-beans-5.2.7.RELEASE.jar:5.2.7.RELEASE]
	at org.springframework.beans.factory.support.DefaultListableBeanFactory.doResolveDependency(DefaultListableBeanFactory.java:1304) ~[spring-beans-5.2.7.RELEASE.jar:5.2.7.RELEASE]
	at org.springframework.beans.factory.support.DefaultListableBeanFactory.resolveDependency(DefaultListableBeanFactory.java:1224) ~[spring-beans-5.2.7.RELEASE.jar:5.2.7.RELEASE]
	at org.springframework.beans.factory.support.AbstractAutowireCapableBeanFactory.autowireByType(AbstractAutowireCapableBeanFactory.java:1511) ~[spring-beans-5.2.7.RELEASE.jar:5.2.7.RELEASE]
	at org.springframework.beans.factory.support.AbstractAutowireCapableBeanFactory.populateBean(AbstractAutowireCapableBeanFactory.java:1406) ~[spring-beans-5.2.7.RELEASE.jar:5.2.7.RELEASE]
	at org.springframework.beans.factory.support.AbstractAutowireCapableBeanFactory.doCreateBean(AbstractAutowireCapableBeanFactory.java:594) ~[spring-beans-5.2.7.RELEASE.jar:5.2.7.RELEASE]
	at org.springframework.beans.factory.support.AbstractAutowireCapableBeanFactory.createBean(AbstractAutowireCapableBeanFactory.java:517) ~[spring-beans-5.2.7.RELEASE.jar:5.2.7.RELEASE]
	at org.springframework.beans.factory.support.AbstractBeanFactory.lambda$doGetBean$0(AbstractBeanFactory.java:323) ~[spring-beans-5.2.7.RELEASE.jar:5.2.7.RELEASE]
	at org.springframework.beans.factory.support.DefaultSingletonBeanRegistry.getSingleton(DefaultSingletonBeanRegistry.java:226) ~[spring-beans-5.2.7.RELEASE.jar:5.2.7.RELEASE]
	at org.springframework.beans.factory.support.AbstractBeanFactory.doGetBean(AbstractBeanFactory.java:321) ~[spring-beans-5.2.7.RELEASE.jar:5.2.7.RELEASE]
	at org.springframework.beans.factory.support.AbstractBeanFactory.getBean(AbstractBeanFactory.java:202) ~[spring-beans-5.2.7.RELEASE.jar:5.2.7.RELEASE]
	at org.springframework.beans.factory.config.DependencyDescriptor.resolveCandidate(DependencyDescriptor.java:276) ~[spring-beans-5.2.7.RELEASE.jar:5.2.7.RELEASE]
	at org.springframework.beans.factory.support.DefaultListableBeanFactory.doResolveDependency(DefaultListableBeanFactory.java:1304) ~[spring-beans-5.2.7.RELEASE.jar:5.2.7.RELEASE]
	at org.springframework.beans.factory.support.DefaultListableBeanFactory.resolveDependency(DefaultListableBeanFactory.java:1224) ~[spring-beans-5.2.7.RELEASE.jar:5.2.7.RELEASE]
	at org.springframework.beans.factory.annotation.AutowiredAnnotationBeanPostProcessor$AutowiredFieldElement.inject(AutowiredAnnotationBeanPostProcessor.java:640) ~[spring-beans-5.2.7.RELEASE.jar:5.2.7.RELEASE]
	at org.springframework.beans.factory.annotation.InjectionMetadata.inject(InjectionMetadata.java:130) ~[spring-beans-5.2.7.RELEASE.jar:5.2.7.RELEASE]
	at org.springframework.beans.factory.annotation.AutowiredAnnotationBeanPostProcessor.postProcessProperties(AutowiredAnnotationBeanPostProcessor.java:399) ~[spring-beans-5.2.7.RELEASE.jar:5.2.7.RELEASE]
	at org.springframework.beans.factory.support.AbstractAutowireCapableBeanFactory.populateBean(AbstractAutowireCapableBeanFactory.java:1422) ~[spring-beans-5.2.7.RELEASE.jar:5.2.7.RELEASE]
	at org.springframework.beans.factory.support.AbstractAutowireCapableBeanFactory.doCreateBean(AbstractAutowireCapableBeanFactory.java:594) ~[spring-beans-5.2.7.RELEASE.jar:5.2.7.RELEASE]
	at org.springframework.beans.factory.support.AbstractAutowireCapableBeanFactory.createBean(AbstractAutowireCapableBeanFactory.java:517) ~[spring-beans-5.2.7.RELEASE.jar:5.2.7.RELEASE]
	at org.springframework.beans.factory.support.AbstractBeanFactory.lambda$doGetBean$0(AbstractBeanFactory.java:323) ~[spring-beans-5.2.7.RELEASE.jar:5.2.7.RELEASE]
	at org.springframework.beans.factory.support.DefaultSingletonBeanRegistry.getSingleton(DefaultSingletonBeanRegistry.java:226) ~[spring-beans-5.2.7.RELEASE.jar:5.2.7.RELEASE]
	at org.springframework.beans.factory.support.AbstractBeanFactory.doGetBean(AbstractBeanFactory.java:321) ~[spring-beans-5.2.7.RELEASE.jar:5.2.7.RELEASE]
	at org.springframework.beans.factory.support.AbstractBeanFactory.getBean(AbstractBeanFactory.java:202) ~[spring-beans-5.2.7.RELEASE.jar:5.2.7.RELEASE]
	at org.springframework.beans.factory.config.DependencyDescriptor.resolveCandidate(DependencyDescriptor.java:276) ~[spring-beans-5.2.7.RELEASE.jar:5.2.7.RELEASE]
	at org.springframework.beans.factory.support.DefaultListableBeanFactory.doResolveDependency(DefaultListableBeanFactory.java:1304) ~[spring-beans-5.2.7.RELEASE.jar:5.2.7.RELEASE]
	at org.springframework.beans.factory.support.DefaultListableBeanFactory.resolveDependency(DefaultListableBeanFactory.java:1224) ~[spring-beans-5.2.7.RELEASE.jar:5.2.7.RELEASE]
	at org.springframework.beans.factory.annotation.AutowiredAnnotationBeanPostProcessor$AutowiredFieldElement.inject(AutowiredAnnotationBeanPostProcessor.java:640) ~[spring-beans-5.2.7.RELEASE.jar:5.2.7.RELEASE]
	at org.springframework.beans.factory.annotation.InjectionMetadata.inject(InjectionMetadata.java:130) ~[spring-beans-5.2.7.RELEASE.jar:5.2.7.RELEASE]
	at org.springframework.beans.factory.annotation.AutowiredAnnotationBeanPostProcessor.postProcessProperties(AutowiredAnnotationBeanPostProcessor.java:399) ~[spring-beans-5.2.7.RELEASE.jar:5.2.7.RELEASE]
	at org.springframework.beans.factory.support.AbstractAutowireCapableBeanFactory.populateBean(AbstractAutowireCapableBeanFactory.java:1422) ~[spring-beans-5.2.7.RELEASE.jar:5.2.7.RELEASE]
	at org.springframework.beans.factory.support.AbstractAutowireCapableBeanFactory.doCreateBean(AbstractAutowireCapableBeanFactory.java:594) ~[spring-beans-5.2.7.RELEASE.jar:5.2.7.RELEASE]
	at org.springframework.beans.factory.support.AbstractAutowireCapableBeanFactory.createBean(AbstractAutowireCapableBeanFactory.java:517) ~[spring-beans-5.2.7.RELEASE.jar:5.2.7.RELEASE]
	at org.springframework.beans.factory.support.AbstractBeanFactory.lambda$doGetBean$0(AbstractBeanFactory.java:323) ~[spring-beans-5.2.7.RELEASE.jar:5.2.7.RELEASE]
	at org.springframework.beans.factory.support.DefaultSingletonBeanRegistry.getSingleton(DefaultSingletonBeanRegistry.java:226) ~[spring-beans-5.2.7.RELEASE.jar:5.2.7.RELEASE]
	at org.springframework.beans.factory.support.AbstractBeanFactory.doGetBean(AbstractBeanFactory.java:321) ~[spring-beans-5.2.7.RELEASE.jar:5.2.7.RELEASE]
	at org.springframework.beans.factory.support.AbstractBeanFactory.getBean(AbstractBeanFactory.java:202) ~[spring-beans-5.2.7.RELEASE.jar:5.2.7.RELEASE]
	at org.springframework.beans.factory.support.DefaultListableBeanFactory.preInstantiateSingletons(DefaultListableBeanFactory.java:893) ~[spring-beans-5.2.7.RELEASE.jar:5.2.7.RELEASE]
	at org.springframework.context.support.AbstractApplicationContext.finishBeanFactoryInitialization(AbstractApplicationContext.java:879) ~[spring-context-5.2.7.RELEASE.jar:5.2.7.RELEASE]
	at org.springframework.context.support.AbstractApplicationContext.refresh(AbstractApplicationContext.java:551) ~[spring-context-5.2.7.RELEASE.jar:5.2.7.RELEASE]
	at org.springframework.boot.SpringApplication.refresh(SpringApplication.java:758) ~[spring-boot-2.3.1.RELEASE.jar:2.3.1.RELEASE]
	at org.springframework.boot.SpringApplication.refresh(SpringApplication.java:750) ~[spring-boot-2.3.1.RELEASE.jar:2.3.1.RELEASE]
	at org.springframework.boot.SpringApplication.refreshContext(SpringApplication.java:397) ~[spring-boot-2.3.1.RELEASE.jar:2.3.1.RELEASE]
	at org.springframework.boot.SpringApplication.run(SpringApplication.java:315) ~[spring-boot-2.3.1.RELEASE.jar:2.3.1.RELEASE]
	at org.springframework.boot.test.context.SpringBootContextLoader.loadContext(SpringBootContextLoader.java:120) ~[spring-boot-test-2.3.1.RELEASE.jar:2.3.1.RELEASE]
	at org.springframework.test.context.cache.DefaultCacheAwareContextLoaderDelegate.loadContextInternal(DefaultCacheAwareContextLoaderDelegate.java:99) ~[spring-test-5.2.7.RELEASE.jar:5.2.7.RELEASE]
	at org.springframework.test.context.cache.DefaultCacheAwareContextLoaderDelegate.loadContext(DefaultCacheAwareContextLoaderDelegate.java:124) ~[spring-test-5.2.7.RELEASE.jar:5.2.7.RELEASE]
	... 65 more
[2026-06-11 21:39:47:997] [INFO] - org.springframework.boot.StartupInfoLogger.logStarting(StartupInfoLogger.java:55) - Starting PermissionMapperTest on LAPTOP-4P0OPOK9 with PID 29616 (started by 13292 in C:\Users\13292\Desktop\claudel1\reposNew\task30)
[2026-06-11 21:39:47:999] [INFO] - org.springframework.boot.SpringApplication.logStartupProfileInfo(SpringApplication.java:655) - The following profiles are active: dev
[2026-06-11 21:39:48:577] [INFO] - org.springframework.data.repository.config.RepositoryConfigurationDelegate.multipleStoresDetected(RepositoryConfigurationDelegate.java:249) - Multiple Spring Data modules found, entering strict repository configuration mode!
[2026-06-11 21:39:48:577] [INFO] - org.springframework.data.repository.config.RepositoryConfigurationDelegate.registerRepositoriesIn(RepositoryConfigurationDelegate.java:127) - Bootstrapping Spring Data Redis repositories in DEFAULT mode.
[2026-06-11 21:39:48:651] [INFO] - org.springframework.data.repository.config.RepositoryConfigurationDelegate.registerRepositoriesIn(RepositoryConfigurationDelegate.java:187) - Finished Spring Data repository scanning in 71ms. Found 0 Redis repository interfaces.
[2026-06-11 21:39:48:801] [INFO] - org.springframework.context.support.PostProcessorRegistrationDelegate$BeanPostProcessorChecker.postProcessAfterInitialization(PostProcessorRegistrationDelegate.java:335) - Bean 'org.springframework.security.access.expression.method.DefaultMethodSecurityExpressionHandler@35abfeba' of type [org.springframework.security.access.expression.method.DefaultMethodSecurityExpressionHandler] is not eligible for getting processed by all BeanPostProcessors (for example: not eligible for auto-proxying)
[2026-06-11 21:39:48:811] [INFO] - org.springframework.context.support.PostProcessorRegistrationDelegate$BeanPostProcessorChecker.postProcessAfterInitialization(PostProcessorRegistrationDelegate.java:335) - Bean 'methodSecurityMetadataSource' of type [org.springframework.security.access.method.DelegatingMethodSecurityMetadataSource] is not eligible for getting processed by all BeanPostProcessors (for example: not eligible for auto-proxying)
[2026-06-11 21:39:49:127] [WARN] - org.springframework.context.support.AbstractApplicationContext.refresh(AbstractApplicationContext.java:559) - Exception encountered during context initialization - cancelling refresh attempt: org.springframework.beans.factory.UnsatisfiedDependencyException: Error creating bean with name 'sharedBookPermissionChecker': Unsatisfied dependency expressed through field 'sharedBookService'; nested exception is org.springframework.beans.factory.UnsatisfiedDependencyException: Error creating bean with name 'sharedBookServiceImpl': Unsatisfied dependency expressed through field 'baseMapper'; nested exception is org.springframework.beans.factory.UnsatisfiedDependencyException: Error creating bean with name 'sharedBookMemberMapper' defined in file [C:\Users\13292\Desktop\claudel1\reposNew\task30\target\classes\cn\jackbin\SimpleRecord\mapper\SharedBookMemberMapper.class]: Unsatisfied dependency expressed through bean property 'sqlSessionFactory'; nested exception is org.springframework.beans.factory.BeanCreationException: Error creating bean with name 'sqlSessionFactory' defined in class path resource [com/baomidou/mybatisplus/autoconfigure/MybatisPlusAutoConfiguration.class]: Bean instantiation via factory method failed; nested exception is org.springframework.beans.BeanInstantiationException: Failed to instantiate [org.apache.ibatis.session.SqlSessionFactory]: Factory method 'sqlSessionFactory' threw exception; nested exception is org.springframework.core.NestedIOException: Failed to parse mapping resource: 'file [C:\Users\13292\Desktop\claudel1\reposNew\task30\target\classes\mapper\BudgetMapper.xml]'; nested exception is org.apache.ibatis.builder.BuilderException: Error parsing Mapper XML. The XML location is 'file [C:\Users\13292\Desktop\claudel1\reposNew\task30\target\classes\mapper\BudgetMapper.xml]'. Cause: org.apache.ibatis.builder.BuilderException: Error resolving class. Cause: org.apache.ibatis.type.TypeException: Could not resolve type alias 'cn.jackbin.SimpleRecord.dto.BudgetExecutionDTO'.  Cause: java.lang.ClassNotFoundException: Cannot find class: cn.jackbin.SimpleRecord.dto.BudgetExecutionDTO
[2026-06-11 21:39:49:133] [ERROR] - org.springframework.boot.SpringApplication.reportFailure(SpringApplication.java:837) - Application run failed
org.springframework.beans.factory.UnsatisfiedDependencyException: Error creating bean with name 'sharedBookPermissionChecker': Unsatisfied dependency expressed through field 'sharedBookService'; nested exception is org.springframework.beans.factory.UnsatisfiedDependencyException: Error creating bean with name 'sharedBookServiceImpl': Unsatisfied dependency expressed through field 'baseMapper'; nested exception is org.springframework.beans.factory.UnsatisfiedDependencyException: Error creating bean with name 'sharedBookMemberMapper' defined in file [C:\Users\13292\Desktop\claudel1\reposNew\task30\target\classes\cn\jackbin\SimpleRecord\mapper\SharedBookMemberMapper.class]: Unsatisfied dependency expressed through bean property 'sqlSessionFactory'; nested exception is org.springframework.beans.factory.BeanCreationException: Error creating bean with name 'sqlSessionFactory' defined in class path resource [com/baomidou/mybatisplus/autoconfigure/MybatisPlusAutoConfiguration.class]: Bean instantiation via factory method failed; nested exception is org.springframework.beans.BeanInstantiationException: Failed to instantiate [org.apache.ibatis.session.SqlSessionFactory]: Factory method 'sqlSessionFactory' threw exception; nested exception is org.springframework.core.NestedIOException: Failed to parse mapping resource: 'file [C:\Users\13292\Desktop\claudel1\reposNew\task30\target\classes\mapper\BudgetMapper.xml]'; nested exception is org.apache.ibatis.builder.BuilderException: Error parsing Mapper XML. The XML location is 'file [C:\Users\13292\Desktop\claudel1\reposNew\task30\target\classes\mapper\BudgetMapper.xml]'. Cause: org.apache.ibatis.builder.BuilderException: Error resolving class. Cause: org.apache.ibatis.type.TypeException: Could not resolve type alias 'cn.jackbin.SimpleRecord.dto.BudgetExecutionDTO'.  Cause: java.lang.ClassNotFoundException: Cannot find class: cn.jackbin.SimpleRecord.dto.BudgetExecutionDTO
	at org.springframework.beans.factory.annotation.AutowiredAnnotationBeanPostProcessor$AutowiredFieldElement.inject(AutowiredAnnotationBeanPostProcessor.java:643) ~[spring-beans-5.2.7.RELEASE.jar:5.2.7.RELEASE]
	at org.springframework.beans.factory.annotation.InjectionMetadata.inject(InjectionMetadata.java:130) ~[spring-beans-5.2.7.RELEASE.jar:5.2.7.RELEASE]
	at org.springframework.beans.factory.annotation.AutowiredAnnotationBeanPostProcessor.postProcessProperties(AutowiredAnnotationBeanPostProcessor.java:399) ~[spring-beans-5.2.7.RELEASE.jar:5.2.7.RELEASE]
	at org.springframework.beans.factory.support.AbstractAutowireCapableBeanFactory.populateBean(AbstractAutowireCapableBeanFactory.java:1422) ~[spring-beans-5.2.7.RELEASE.jar:5.2.7.RELEASE]
	at org.springframework.beans.factory.support.AbstractAutowireCapableBeanFactory.doCreateBean(AbstractAutowireCapableBeanFactory.java:594) ~[spring-beans-5.2.7.RELEASE.jar:5.2.7.RELEASE]
	at org.springframework.beans.factory.support.AbstractAutowireCapableBeanFactory.createBean(AbstractAutowireCapableBeanFactory.java:517) ~[spring-beans-5.2.7.RELEASE.jar:5.2.7.RELEASE]
	at org.springframework.beans.factory.support.AbstractBeanFactory.lambda$doGetBean$0(AbstractBeanFactory.java:323) ~[spring-beans-5.2.7.RELEASE.jar:5.2.7.RELEASE]
	at org.springframework.beans.factory.support.DefaultSingletonBeanRegistry.getSingleton(DefaultSingletonBeanRegistry.java:226) ~[spring-beans-5.2.7.RELEASE.jar:5.2.7.RELEASE]
	at org.springframework.beans.factory.support.AbstractBeanFactory.doGetBean(AbstractBeanFactory.java:321) ~[spring-beans-5.2.7.RELEASE.jar:5.2.7.RELEASE]
	at org.springframework.beans.factory.support.AbstractBeanFactory.getBean(AbstractBeanFactory.java:202) ~[spring-beans-5.2.7.RELEASE.jar:5.2.7.RELEASE]
	at org.springframework.beans.factory.support.DefaultListableBeanFactory.preInstantiateSingletons(DefaultListableBeanFactory.java:893) ~[spring-beans-5.2.7.RELEASE.jar:5.2.7.RELEASE]
	at org.springframework.context.support.AbstractApplicationContext.finishBeanFactoryInitialization(AbstractApplicationContext.java:879) ~[spring-context-5.2.7.RELEASE.jar:5.2.7.RELEASE]
	at org.springframework.context.support.AbstractApplicationContext.refresh(AbstractApplicationContext.java:551) ~[spring-context-5.2.7.RELEASE.jar:5.2.7.RELEASE]
	at org.springframework.boot.SpringApplication.refresh(SpringApplication.java:758) ~[spring-boot-2.3.1.RELEASE.jar:2.3.1.RELEASE]
	at org.springframework.boot.SpringApplication.refresh(SpringApplication.java:750) ~[spring-boot-2.3.1.RELEASE.jar:2.3.1.RELEASE]
	at org.springframework.boot.SpringApplication.refreshContext(SpringApplication.java:397) ~[spring-boot-2.3.1.RELEASE.jar:2.3.1.RELEASE]
	at org.springframework.boot.SpringApplication.run(SpringApplication.java:315) ~[spring-boot-2.3.1.RELEASE.jar:2.3.1.RELEASE]
	at org.springframework.boot.test.context.SpringBootContextLoader.loadContext(SpringBootContextLoader.java:120) ~[spring-boot-test-2.3.1.RELEASE.jar:2.3.1.RELEASE]
	at org.springframework.test.context.cache.DefaultCacheAwareContextLoaderDelegate.loadContextInternal(DefaultCacheAwareContextLoaderDelegate.java:99) ~[spring-test-5.2.7.RELEASE.jar:5.2.7.RELEASE]
	at org.springframework.test.context.cache.DefaultCacheAwareContextLoaderDelegate.loadContext(DefaultCacheAwareContextLoaderDelegate.java:124) ~[spring-test-5.2.7.RELEASE.jar:5.2.7.RELEASE]
	at org.springframework.test.context.support.DefaultTestContext.getApplicationContext(DefaultTestContext.java:123) ~[spring-test-5.2.7.RELEASE.jar:5.2.7.RELEASE]
	at org.springframework.test.context.web.ServletTestExecutionListener.setUpRequestContextIfNecessary(ServletTestExecutionListener.java:190) ~[spring-test-5.2.7.RELEASE.jar:5.2.7.RELEASE]
	at org.springframework.test.context.web.ServletTestExecutionListener.prepareTestInstance(ServletTestExecutionListener.java:132) ~[spring-test-5.2.7.RELEASE.jar:5.2.7.RELEASE]
	at org.springframework.test.context.TestContextManager.prepareTestInstance(TestContextManager.java:244) ~[spring-test-5.2.7.RELEASE.jar:5.2.7.RELEASE]
	at org.springframework.test.context.junit4.SpringJUnit4ClassRunner.createTest(SpringJUnit4ClassRunner.java:227) ~[spring-test-5.2.7.RELEASE.jar:5.2.7.RELEASE]
	at org.springframework.test.context.junit4.SpringJUnit4ClassRunner$1.runReflectiveCall(SpringJUnit4ClassRunner.java:289) ~[spring-test-5.2.7.RELEASE.jar:5.2.7.RELEASE]
	at org.junit.internal.runners.model.ReflectiveCallable.run(ReflectiveCallable.java:12) ~[junit-4.13.jar:4.13]
	at org.springframework.test.context.junit4.SpringJUnit4ClassRunner.methodBlock(SpringJUnit4ClassRunner.java:291) ~[spring-test-5.2.7.RELEASE.jar:5.2.7.RELEASE]
	at org.springframework.test.context.junit4.SpringJUnit4ClassRunner.runChild(SpringJUnit4ClassRunner.java:246) ~[spring-test-5.2.7.RELEASE.jar:5.2.7.RELEASE]
	at org.springframework.test.context.junit4.SpringJUnit4ClassRunner.runChild(SpringJUnit4ClassRunner.java:97) ~[spring-test-5.2.7.RELEASE.jar:5.2.7.RELEASE]
	at org.junit.runners.ParentRunner$4.run(ParentRunner.java:331) ~[junit-4.13.jar:4.13]
	at org.junit.runners.ParentRunner$1.schedule(ParentRunner.java:79) ~[junit-4.13.jar:4.13]
	at org.junit.runners.ParentRunner.runChildren(ParentRunner.java:329) ~[junit-4.13.jar:4.13]
	at org.junit.runners.ParentRunner.access$100(ParentRunner.java:66) ~[junit-4.13.jar:4.13]
	at org.junit.runners.ParentRunner$2.evaluate(ParentRunner.java:293) ~[junit-4.13.jar:4.13]
	at org.springframework.test.context.junit4.statements.RunBeforeTestClassCallbacks.evaluate(RunBeforeTestClassCallbacks.java:61) ~[spring-test-5.2.7.RELEASE.jar:5.2.7.RELEASE]
	at org.springframework.test.context.junit4.statements.RunAfterTestClassCallbacks.evaluate(RunAfterTestClassCallbacks.java:70) ~[spring-test-5.2.7.RELEASE.jar:5.2.7.RELEASE]
	at org.junit.runners.ParentRunner$3.evaluate(ParentRunner.java:306) ~[junit-4.13.jar:4.13]
	at org.junit.runners.ParentRunner.run(ParentRunner.java:413) ~[junit-4.13.jar:4.13]
	at org.springframework.test.context.junit4.SpringJUnit4ClassRunner.run(SpringJUnit4ClassRunner.java:190) ~[spring-test-5.2.7.RELEASE.jar:5.2.7.RELEASE]
	at org.junit.runner.JUnitCore.run(JUnitCore.java:137) ~[junit-4.13.jar:4.13]
	at org.junit.runner.JUnitCore.run(JUnitCore.java:115) ~[junit-4.13.jar:4.13]
	at org.junit.vintage.engine.execution.RunnerExecutor.execute(RunnerExecutor.java:43) ~[junit-vintage-engine-5.6.2.jar:5.6.2]
	at java.util.stream.ForEachOps$ForEachOp$OfRef.accept(ForEachOps.java:183) ~[?:?]
	at java.util.stream.ReferencePipeline$3$1.accept(ReferencePipeline.java:197) ~[?:?]
	at java.util.Iterator.forEachRemaining(Iterator.java:133) ~[?:?]
	at java.util.Spliterators$IteratorSpliterator.forEachRemaining(Spliterators.java:1845) ~[?:?]
	at java.util.stream.AbstractPipeline.copyInto(AbstractPipeline.java:509) ~[?:?]
	at java.util.stream.AbstractPipeline.wrapAndCopyInto(AbstractPipeline.java:499) ~[?:?]
	at java.util.stream.ForEachOps$ForEachOp.evaluateSequential(ForEachOps.java:150) ~[?:?]
	at java.util.stream.ForEachOps$ForEachOp$OfRef.evaluateSequential(ForEachOps.java:173) ~[?:?]
	at java.util.stream.AbstractPipeline.evaluate(AbstractPipeline.java:234) ~[?:?]
	at java.util.stream.ReferencePipeline.forEach(ReferencePipeline.java:596) ~[?:?]
	at org.junit.vintage.engine.VintageTestEngine.executeAllChildren(VintageTestEngine.java:82) ~[junit-vintage-engine-5.6.2.jar:5.6.2]
	at org.junit.vintage.engine.VintageTestEngine.execute(VintageTestEngine.java:73) ~[junit-vintage-engine-5.6.2.jar:5.6.2]
	at org.junit.platform.launcher.core.DefaultLauncher.execute(DefaultLauncher.java:220) ~[junit-platform-launcher-1.3.1.jar:1.3.1]
	at org.junit.platform.launcher.core.DefaultLauncher.lambda$execute$6(DefaultLauncher.java:188) ~[junit-platform-launcher-1.3.1.jar:1.3.1]
	at org.junit.platform.launcher.core.DefaultLauncher.withInterceptedStreams(DefaultLauncher.java:202) [junit-platform-launcher-1.3.1.jar:1.3.1]
	at org.junit.platform.launcher.core.DefaultLauncher.execute(DefaultLauncher.java:181) [junit-platform-launcher-1.3.1.jar:1.3.1]
	at org.junit.platform.launcher.core.DefaultLauncher.execute(DefaultLauncher.java:128) [junit-platform-launcher-1.3.1.jar:1.3.1]
	at org.apache.maven.surefire.junitplatform.JUnitPlatformProvider.invokeAllTests(JUnitPlatformProvider.java:150) [surefire-junit-platform-2.22.2.jar:2.22.2]
	at org.apache.maven.surefire.junitplatform.JUnitPlatformProvider.invoke(JUnitPlatformProvider.java:124) [surefire-junit-platform-2.22.2.jar:2.22.2]
	at org.apache.maven.surefire.booter.ForkedBooter.invokeProviderInSameClassLoader(ForkedBooter.java:384) [surefire-booter-2.22.2.jar:2.22.2]
	at org.apache.maven.surefire.booter.ForkedBooter.runSuitesInProcess(ForkedBooter.java:345) [surefire-booter-2.22.2.jar:2.22.2]
	at org.apache.maven.surefire.booter.ForkedBooter.execute(ForkedBooter.java:126) [surefire-booter-2.22.2.jar:2.22.2]
	at org.apache.maven.surefire.booter.ForkedBooter.main(ForkedBooter.java:418) [surefire-booter-2.22.2.jar:2.22.2]
Caused by: org.springframework.beans.factory.UnsatisfiedDependencyException: Error creating bean with name 'sharedBookServiceImpl': Unsatisfied dependency expressed through field 'baseMapper'; nested exception is org.springframework.beans.factory.UnsatisfiedDependencyException: Error creating bean with name 'sharedBookMemberMapper' defined in file [C:\Users\13292\Desktop\claudel1\reposNew\task30\target\classes\cn\jackbin\SimpleRecord\mapper\SharedBookMemberMapper.class]: Unsatisfied dependency expressed through bean property 'sqlSessionFactory'; nested exception is org.springframework.beans.factory.BeanCreationException: Error creating bean with name 'sqlSessionFactory' defined in class path resource [com/baomidou/mybatisplus/autoconfigure/MybatisPlusAutoConfiguration.class]: Bean instantiation via factory method failed; nested exception is org.springframework.beans.BeanInstantiationException: Failed to instantiate [org.apache.ibatis.session.SqlSessionFactory]: Factory method 'sqlSessionFactory' threw exception; nested exception is org.springframework.core.NestedIOException: Failed to parse mapping resource: 'file [C:\Users\13292\Desktop\claudel1\reposNew\task30\target\classes\mapper\BudgetMapper.xml]'; nested exception is org.apache.ibatis.builder.BuilderException: Error parsing Mapper XML. The XML location is 'file [C:\Users\13292\Desktop\claudel1\reposNew\task30\target\classes\mapper\BudgetMapper.xml]'. Cause: org.apache.ibatis.builder.BuilderException: Error resolving class. Cause: org.apache.ibatis.type.TypeException: Could not resolve type alias 'cn.jackbin.SimpleRecord.dto.BudgetExecutionDTO'.  Cause: java.lang.ClassNotFoundException: Cannot find class: cn.jackbin.SimpleRecord.dto.BudgetExecutionDTO
	at org.springframework.beans.factory.annotation.AutowiredAnnotationBeanPostProcessor$AutowiredFieldElement.inject(AutowiredAnnotationBeanPostProcessor.java:643) ~[spring-beans-5.2.7.RELEASE.jar:5.2.7.RELEASE]
	at org.springframework.beans.factory.annotation.InjectionMetadata.inject(InjectionMetadata.java:130) ~[spring-beans-5.2.7.RELEASE.jar:5.2.7.RELEASE]
	at org.springframework.beans.factory.annotation.AutowiredAnnotationBeanPostProcessor.postProcessProperties(AutowiredAnnotationBeanPostProcessor.java:399) ~[spring-beans-5.2.7.RELEASE.jar:5.2.7.RELEASE]
	at org.springframework.beans.factory.support.AbstractAutowireCapableBeanFactory.populateBean(AbstractAutowireCapableBeanFactory.java:1422) ~[spring-beans-5.2.7.RELEASE.jar:5.2.7.RELEASE]
	at org.springframework.beans.factory.support.AbstractAutowireCapableBeanFactory.doCreateBean(AbstractAutowireCapableBeanFactory.java:594) ~[spring-beans-5.2.7.RELEASE.jar:5.2.7.RELEASE]
	at org.springframework.beans.factory.support.AbstractAutowireCapableBeanFactory.createBean(AbstractAutowireCapableBeanFactory.java:517) ~[spring-beans-5.2.7.RELEASE.jar:5.2.7.RELEASE]
	at org.springframework.beans.factory.support.AbstractBeanFactory.lambda$doGetBean$0(AbstractBeanFactory.java:323) ~[spring-beans-5.2.7.RELEASE.jar:5.2.7.RELEASE]
	at org.springframework.beans.factory.support.DefaultSingletonBeanRegistry.getSingleton(DefaultSingletonBeanRegistry.java:226) ~[spring-beans-5.2.7.RELEASE.jar:5.2.7.RELEASE]
	at org.springframework.beans.factory.support.AbstractBeanFactory.doGetBean(AbstractBeanFactory.java:321) ~[spring-beans-5.2.7.RELEASE.jar:5.2.7.RELEASE]
	at org.springframework.beans.factory.support.AbstractBeanFactory.getBean(AbstractBeanFactory.java:202) ~[spring-beans-5.2.7.RELEASE.jar:5.2.7.RELEASE]
	at org.springframework.beans.factory.config.DependencyDescriptor.resolveCandidate(DependencyDescriptor.java:276) ~[spring-beans-5.2.7.RELEASE.jar:5.2.7.RELEASE]
	at org.springframework.beans.factory.support.DefaultListableBeanFactory.doResolveDependency(DefaultListableBeanFactory.java:1304) ~[spring-beans-5.2.7.RELEASE.jar:5.2.7.RELEASE]
	at org.springframework.beans.factory.support.DefaultListableBeanFactory.resolveDependency(DefaultListableBeanFactory.java:1224) ~[spring-beans-5.2.7.RELEASE.jar:5.2.7.RELEASE]
	at org.springframework.beans.factory.annotation.AutowiredAnnotationBeanPostProcessor$AutowiredFieldElement.inject(AutowiredAnnotationBeanPostProcessor.java:640) ~[spring-beans-5.2.7.RELEASE.jar:5.2.7.RELEASE]
	... 65 more
Caused by: org.springframework.beans.factory.UnsatisfiedDependencyException: Error creating bean with name 'sharedBookMemberMapper' defined in file [C:\Users\13292\Desktop\claudel1\reposNew\task30\target\classes\cn\jackbin\SimpleRecord\mapper\SharedBookMemberMapper.class]: Unsatisfied dependency expressed through bean property 'sqlSessionFactory'; nested exception is org.springframework.beans.factory.BeanCreationException: Error creating bean with name 'sqlSessionFactory' defined in class path resource [com/baomidou/mybatisplus/autoconfigure/MybatisPlusAutoConfiguration.class]: Bean instantiation via factory method failed; nested exception is org.springframework.beans.BeanInstantiationException: Failed to instantiate [org.apache.ibatis.session.SqlSessionFactory]: Factory method 'sqlSessionFactory' threw exception; nested exception is org.springframework.core.NestedIOException: Failed to parse mapping resource: 'file [C:\Users\13292\Desktop\claudel1\reposNew\task30\target\classes\mapper\BudgetMapper.xml]'; nested exception is org.apache.ibatis.builder.BuilderException: Error parsing Mapper XML. The XML location is 'file [C:\Users\13292\Desktop\claudel1\reposNew\task30\target\classes\mapper\BudgetMapper.xml]'. Cause: org.apache.ibatis.builder.BuilderException: Error resolving class. Cause: org.apache.ibatis.type.TypeException: Could not resolve type alias 'cn.jackbin.SimpleRecord.dto.BudgetExecutionDTO'.  Cause: java.lang.ClassNotFoundException: Cannot find class: cn.jackbin.SimpleRecord.dto.BudgetExecutionDTO
	at org.springframework.beans.factory.support.AbstractAutowireCapableBeanFactory.autowireByType(AbstractAutowireCapableBeanFactory.java:1526) ~[spring-beans-5.2.7.RELEASE.jar:5.2.7.RELEASE]
	at org.springframework.beans.factory.support.AbstractAutowireCapableBeanFactory.populateBean(AbstractAutowireCapableBeanFactory.java:1406) ~[spring-beans-5.2.7.RELEASE.jar:5.2.7.RELEASE]
	at org.springframework.beans.factory.support.AbstractAutowireCapableBeanFactory.doCreateBean(AbstractAutowireCapableBeanFactory.java:594) ~[spring-beans-5.2.7.RELEASE.jar:5.2.7.RELEASE]
	at org.springframework.beans.factory.support.AbstractAutowireCapableBeanFactory.createBean(AbstractAutowireCapableBeanFactory.java:517) ~[spring-beans-5.2.7.RELEASE.jar:5.2.7.RELEASE]
	at org.springframework.beans.factory.support.AbstractBeanFactory.lambda$doGetBean$0(AbstractBeanFactory.java:323) ~[spring-beans-5.2.7.RELEASE.jar:5.2.7.RELEASE]
	at org.springframework.beans.factory.support.DefaultSingletonBeanRegistry.getSingleton(DefaultSingletonBeanRegistry.java:226) ~[spring-beans-5.2.7.RELEASE.jar:5.2.7.RELEASE]
	at org.springframework.beans.factory.support.AbstractBeanFactory.doGetBean(AbstractBeanFactory.java:321) ~[spring-beans-5.2.7.RELEASE.jar:5.2.7.RELEASE]
	at org.springframework.beans.factory.support.AbstractBeanFactory.getBean(AbstractBeanFactory.java:202) ~[spring-beans-5.2.7.RELEASE.jar:5.2.7.RELEASE]
	at org.springframework.beans.factory.config.DependencyDescriptor.resolveCandidate(DependencyDescriptor.java:276) ~[spring-beans-5.2.7.RELEASE.jar:5.2.7.RELEASE]
	at org.springframework.beans.factory.support.DefaultListableBeanFactory.doResolveDependency(DefaultListableBeanFactory.java:1304) ~[spring-beans-5.2.7.RELEASE.jar:5.2.7.RELEASE]
	at org.springframework.beans.factory.support.DefaultListableBeanFactory.resolveDependency(DefaultListableBeanFactory.java:1224) ~[spring-beans-5.2.7.RELEASE.jar:5.2.7.RELEASE]
	at org.springframework.beans.factory.annotation.AutowiredAnnotationBeanPostProcessor$AutowiredFieldElement.inject(AutowiredAnnotationBeanPostProcessor.java:640) ~[spring-beans-5.2.7.RELEASE.jar:5.2.7.RELEASE]
	at org.springframework.beans.factory.annotation.InjectionMetadata.inject(InjectionMetadata.java:130) ~[spring-beans-5.2.7.RELEASE.jar:5.2.7.RELEASE]
	at org.springframework.beans.factory.annotation.AutowiredAnnotationBeanPostProcessor.postProcessProperties(AutowiredAnnotationBeanPostProcessor.java:399) ~[spring-beans-5.2.7.RELEASE.jar:5.2.7.RELEASE]
	at org.springframework.beans.factory.support.AbstractAutowireCapableBeanFactory.populateBean(AbstractAutowireCapableBeanFactory.java:1422) ~[spring-beans-5.2.7.RELEASE.jar:5.2.7.RELEASE]
	at org.springframework.beans.factory.support.AbstractAutowireCapableBeanFactory.doCreateBean(AbstractAutowireCapableBeanFactory.java:594) ~[spring-beans-5.2.7.RELEASE.jar:5.2.7.RELEASE]
	at org.springframework.beans.factory.support.AbstractAutowireCapableBeanFactory.createBean(AbstractAutowireCapableBeanFactory.java:517) ~[spring-beans-5.2.7.RELEASE.jar:5.2.7.RELEASE]
	at org.springframework.beans.factory.support.AbstractBeanFactory.lambda$doGetBean$0(AbstractBeanFactory.java:323) ~[spring-beans-5.2.7.RELEASE.jar:5.2.7.RELEASE]
	at org.springframework.beans.factory.support.DefaultSingletonBeanRegistry.getSingleton(DefaultSingletonBeanRegistry.java:226) ~[spring-beans-5.2.7.RELEASE.jar:5.2.7.RELEASE]
	at org.springframework.beans.factory.support.AbstractBeanFactory.doGetBean(AbstractBeanFactory.java:321) ~[spring-beans-5.2.7.RELEASE.jar:5.2.7.RELEASE]
	at org.springframework.beans.factory.support.AbstractBeanFactory.getBean(AbstractBeanFactory.java:202) ~[spring-beans-5.2.7.RELEASE.jar:5.2.7.RELEASE]
	at org.springframework.beans.factory.config.DependencyDescriptor.resolveCandidate(DependencyDescriptor.java:276) ~[spring-beans-5.2.7.RELEASE.jar:5.2.7.RELEASE]
	at org.springframework.beans.factory.support.DefaultListableBeanFactory.doResolveDependency(DefaultListableBeanFactory.java:1304) ~[spring-beans-5.2.7.RELEASE.jar:5.2.7.RELEASE]
	at org.springframework.beans.factory.support.DefaultListableBeanFactory.resolveDependency(DefaultListableBeanFactory.java:1224) ~[spring-beans-5.2.7.RELEASE.jar:5.2.7.RELEASE]
	at org.springframework.beans.factory.annotation.AutowiredAnnotationBeanPostProcessor$AutowiredFieldElement.inject(AutowiredAnnotationBeanPostProcessor.java:640) ~[spring-beans-5.2.7.RELEASE.jar:5.2.7.RELEASE]
	... 65 more
Caused by: org.springframework.beans.factory.BeanCreationException: Error creating bean with name 'sqlSessionFactory' defined in class path resource [com/baomidou/mybatisplus/autoconfigure/MybatisPlusAutoConfiguration.class]: Bean instantiation via factory method failed; nested exception is org.springframework.beans.BeanInstantiationException: Failed to instantiate [org.apache.ibatis.session.SqlSessionFactory]: Factory method 'sqlSessionFactory' threw exception; nested exception is org.springframework.core.NestedIOException: Failed to parse mapping resource: 'file [C:\Users\13292\Desktop\claudel1\reposNew\task30\target\classes\mapper\BudgetMapper.xml]'; nested exception is org.apache.ibatis.builder.BuilderException: Error parsing Mapper XML. The XML location is 'file [C:\Users\13292\Desktop\claudel1\reposNew\task30\target\classes\mapper\BudgetMapper.xml]'. Cause: org.apache.ibatis.builder.BuilderException: Error resolving class. Cause: org.apache.ibatis.type.TypeException: Could not resolve type alias 'cn.jackbin.SimpleRecord.dto.BudgetExecutionDTO'.  Cause: java.lang.ClassNotFoundException: Cannot find class: cn.jackbin.SimpleRecord.dto.BudgetExecutionDTO
	at org.springframework.beans.factory.support.ConstructorResolver.instantiate(ConstructorResolver.java:655) ~[spring-beans-5.2.7.RELEASE.jar:5.2.7.RELEASE]
	at org.springframework.beans.factory.support.ConstructorResolver.instantiateUsingFactoryMethod(ConstructorResolver.java:635) ~[spring-beans-5.2.7.RELEASE.jar:5.2.7.RELEASE]
	at org.springframework.beans.factory.support.AbstractAutowireCapableBeanFactory.instantiateUsingFactoryMethod(AbstractAutowireCapableBeanFactory.java:1338) ~[spring-beans-5.2.7.RELEASE.jar:5.2.7.RELEASE]
	at org.springframework.beans.factory.support.AbstractAutowireCapableBeanFactory.createBeanInstance(AbstractAutowireCapableBeanFactory.java:1177) ~[spring-beans-5.2.7.RELEASE.jar:5.2.7.RELEASE]
	at org.springframework.beans.factory.support.AbstractAutowireCapableBeanFactory.doCreateBean(AbstractAutowireCapableBeanFactory.java:557) ~[spring-beans-5.2.7.RELEASE.jar:5.2.7.RELEASE]
	at org.springframework.beans.factory.support.AbstractAutowireCapableBeanFactory.createBean(AbstractAutowireCapableBeanFactory.java:517) ~[spring-beans-5.2.7.RELEASE.jar:5.2.7.RELEASE]
	at org.springframework.beans.factory.support.AbstractBeanFactory.lambda$doGetBean$0(AbstractBeanFactory.java:323) ~[spring-beans-5.2.7.RELEASE.jar:5.2.7.RELEASE]
	at org.springframework.beans.factory.support.DefaultSingletonBeanRegistry.getSingleton(DefaultSingletonBeanRegistry.java:226) ~[spring-beans-5.2.7.RELEASE.jar:5.2.7.RELEASE]
	at org.springframework.beans.factory.support.AbstractBeanFactory.doGetBean(AbstractBeanFactory.java:321) ~[spring-beans-5.2.7.RELEASE.jar:5.2.7.RELEASE]
	at org.springframework.beans.factory.support.AbstractBeanFactory.getBean(AbstractBeanFactory.java:202) ~[spring-beans-5.2.7.RELEASE.jar:5.2.7.RELEASE]
	at org.springframework.beans.factory.config.DependencyDescriptor.resolveCandidate(DependencyDescriptor.java:276) ~[spring-beans-5.2.7.RELEASE.jar:5.2.7.RELEASE]
	at org.springframework.beans.factory.support.DefaultListableBeanFactory.doResolveDependency(DefaultListableBeanFactory.java:1304) ~[spring-beans-5.2.7.RELEASE.jar:5.2.7.RELEASE]
	at org.springframework.beans.factory.support.DefaultListableBeanFactory.resolveDependency(DefaultListableBeanFactory.java:1224) ~[spring-beans-5.2.7.RELEASE.jar:5.2.7.RELEASE]
	at org.springframework.beans.factory.support.AbstractAutowireCapableBeanFactory.autowireByType(AbstractAutowireCapableBeanFactory.java:1511) ~[spring-beans-5.2.7.RELEASE.jar:5.2.7.RELEASE]
	at org.springframework.beans.factory.support.AbstractAutowireCapableBeanFactory.populateBean(AbstractAutowireCapableBeanFactory.java:1406) ~[spring-beans-5.2.7.RELEASE.jar:5.2.7.RELEASE]
	at org.springframework.beans.factory.support.AbstractAutowireCapableBeanFactory.doCreateBean(AbstractAutowireCapableBeanFactory.java:594) ~[spring-beans-5.2.7.RELEASE.jar:5.2.7.RELEASE]
	at org.springframework.beans.factory.support.AbstractAutowireCapableBeanFactory.createBean(AbstractAutowireCapableBeanFactory.java:517) ~[spring-beans-5.2.7.RELEASE.jar:5.2.7.RELEASE]
	at org.springframework.beans.factory.support.AbstractBeanFactory.lambda$doGetBean$0(AbstractBeanFactory.java:323) ~[spring-beans-5.2.7.RELEASE.jar:5.2.7.RELEASE]
	at org.springframework.beans.factory.support.DefaultSingletonBeanRegistry.getSingleton(DefaultSingletonBeanRegistry.java:226) ~[spring-beans-5.2.7.RELEASE.jar:5.2.7.RELEASE]
	at org.springframework.beans.factory.support.AbstractBeanFactory.doGetBean(AbstractBeanFactory.java:321) ~[spring-beans-5.2.7.RELEASE.jar:5.2.7.RELEASE]
	at org.springframework.beans.factory.support.AbstractBeanFactory.getBean(AbstractBeanFactory.java:202) ~[spring-beans-5.2.7.RELEASE.jar:5.2.7.RELEASE]
	at org.springframework.beans.factory.config.DependencyDescriptor.resolveCandidate(DependencyDescriptor.java:276) ~[spring-beans-5.2.7.RELEASE.jar:5.2.7.RELEASE]
	at org.springframework.beans.factory.support.DefaultListableBeanFactory.doResolveDependency(DefaultListableBeanFactory.java:1304) ~[spring-beans-5.2.7.RELEASE.jar:5.2.7.RELEASE]
	at org.springframework.beans.factory.support.DefaultListableBeanFactory.resolveDependency(DefaultListableBeanFactory.java:1224) ~[spring-beans-5.2.7.RELEASE.jar:5.2.7.RELEASE]
	at org.springframework.beans.factory.annotation.AutowiredAnnotationBeanPostProcessor$AutowiredFieldElement.inject(AutowiredAnnotationBeanPostProcessor.java:640) ~[spring-beans-5.2.7.RELEASE.jar:5.2.7.RELEASE]
	at org.springframework.beans.factory.annotation.InjectionMetadata.inject(InjectionMetadata.java:130) ~[spring-beans-5.2.7.RELEASE.jar:5.2.7.RELEASE]
	at org.springframework.beans.factory.annotation.AutowiredAnnotationBeanPostProcessor.postProcessProperties(AutowiredAnnotationBeanPostProcessor.java:399) ~[spring-beans-5.2.7.RELEASE.jar:5.2.7.RELEASE]
	at org.springframework.beans.factory.support.AbstractAutowireCapableBeanFactory.populateBean(AbstractAutowireCapableBeanFactory.java:1422) ~[spring-beans-5.2.7.RELEASE.jar:5.2.7.RELEASE]
	at org.springframework.beans.factory.support.AbstractAutowireCapableBeanFactory.doCreateBean(AbstractAutowireCapableBeanFactory.java:594) ~[spring-beans-5.2.7.RELEASE.jar:5.2.7.RELEASE]
	at org.springframework.beans.factory.support.AbstractAutowireCapableBeanFactory.createBean(AbstractAutowireCapableBeanFactory.java:517) ~[spring-beans-5.2.7.RELEASE.jar:5.2.7.RELEASE]
	at org.springframework.beans.factory.support.AbstractBeanFactory.lambda$doGetBean$0(AbstractBeanFactory.java:323) ~[spring-beans-5.2.7.RELEASE.jar:5.2.7.RELEASE]
	at org.springframework.beans.factory.support.DefaultSingletonBeanRegistry.getSingleton(DefaultSingletonBeanRegistry.java:226) ~[spring-beans-5.2.7.RELEASE.jar:5.2.7.RELEASE]
	at org.springframework.beans.factory.support.AbstractBeanFactory.doGetBean(AbstractBeanFactory.java:321) ~[spring-beans-5.2.7.RELEASE.jar:5.2.7.RELEASE]
	at org.springframework.beans.factory.support.AbstractBeanFactory.getBean(AbstractBeanFactory.java:202) ~[spring-beans-5.2.7.RELEASE.jar:5.2.7.RELEASE]
	at org.springframework.beans.factory.config.DependencyDescriptor.resolveCandidate(DependencyDescriptor.java:276) ~[spring-beans-5.2.7.RELEASE.jar:5.2.7.RELEASE]
	at org.springframework.beans.factory.support.DefaultListableBeanFactory.doResolveDependency(DefaultListableBeanFactory.java:1304) ~[spring-beans-5.2.7.RELEASE.jar:5.2.7.RELEASE]
	at org.springframework.beans.factory.support.DefaultListableBeanFactory.resolveDependency(DefaultListableBeanFactory.java:1224) ~[spring-beans-5.2.7.RELEASE.jar:5.2.7.RELEASE]
	at org.springframework.beans.factory.annotation.AutowiredAnnotationBeanPostProcessor$AutowiredFieldElement.inject(AutowiredAnnotationBeanPostProcessor.java:640) ~[spring-beans-5.2.7.RELEASE.jar:5.2.7.RELEASE]
	... 65 more
Caused by: org.springframework.beans.BeanInstantiationException: Failed to instantiate [org.apache.ibatis.session.SqlSessionFactory]: Factory method 'sqlSessionFactory' threw exception; nested exception is org.springframework.core.NestedIOException: Failed to parse mapping resource: 'file [C:\Users\13292\Desktop\claudel1\reposNew\task30\target\classes\mapper\BudgetMapper.xml]'; nested exception is org.apache.ibatis.builder.BuilderException: Error parsing Mapper XML. The XML location is 'file [C:\Users\13292\Desktop\claudel1\reposNew\task30\target\classes\mapper\BudgetMapper.xml]'. Cause: org.apache.ibatis.builder.BuilderException: Error resolving class. Cause: org.apache.ibatis.type.TypeException: Could not resolve type alias 'cn.jackbin.SimpleRecord.dto.BudgetExecutionDTO'.  Cause: java.lang.ClassNotFoundException: Cannot find class: cn.jackbin.SimpleRecord.dto.BudgetExecutionDTO
	at org.springframework.beans.factory.support.SimpleInstantiationStrategy.instantiate(SimpleInstantiationStrategy.java:185) ~[spring-beans-5.2.7.RELEASE.jar:5.2.7.RELEASE]
	at org.springframework.beans.factory.support.ConstructorResolver.instantiate(ConstructorResolver.java:650) ~[spring-beans-5.2.7.RELEASE.jar:5.2.7.RELEASE]
	at org.springframework.beans.factory.support.ConstructorResolver.instantiateUsingFactoryMethod(ConstructorResolver.java:635) ~[spring-beans-5.2.7.RELEASE.jar:5.2.7.RELEASE]
	at org.springframework.beans.factory.support.AbstractAutowireCapableBeanFactory.instantiateUsingFactoryMethod(AbstractAutowireCapableBeanFactory.java:1338) ~[spring-beans-5.2.7.RELEASE.jar:5.2.7.RELEASE]
	at org.springframework.beans.factory.support.AbstractAutowireCapableBeanFactory.createBeanInstance(AbstractAutowireCapableBeanFactory.java:1177) ~[spring-beans-5.2.7.RELEASE.jar:5.2.7.RELEASE]
	at org.springframework.beans.factory.support.AbstractAutowireCapableBeanFactory.doCreateBean(AbstractAutowireCapableBeanFactory.java:557) ~[spring-beans-5.2.7.RELEASE.jar:5.2.7.RELEASE]
	at org.springframework.beans.factory.support.AbstractAutowireCapableBeanFactory.createBean(AbstractAutowireCapableBeanFactory.java:517) ~[spring-beans-5.2.7.RELEASE.jar:5.2.7.RELEASE]
	at org.springframework.beans.factory.support.AbstractBeanFactory.lambda$doGetBean$0(AbstractBeanFactory.java:323) ~[spring-beans-5.2.7.RELEASE.jar:5.2.7.RELEASE]
	at org.springframework.beans.factory.support.DefaultSingletonBeanRegistry.getSingleton(DefaultSingletonBeanRegistry.java:226) ~[spring-beans-5.2.7.RELEASE.jar:5.2.7.RELEASE]
	at org.springframework.beans.factory.support.AbstractBeanFactory.doGetBean(AbstractBeanFactory.java:321) ~[spring-beans-5.2.7.RELEASE.jar:5.2.7.RELEASE]
	at org.springframework.beans.factory.support.AbstractBeanFactory.getBean(AbstractBeanFactory.java:202) ~[spring-beans-5.2.7.RELEASE.jar:5.2.7.RELEASE]
	at org.springframework.beans.factory.config.DependencyDescriptor.resolveCandidate(DependencyDescriptor.java:276) ~[spring-beans-5.2.7.RELEASE.jar:5.2.7.RELEASE]
	at org.springframework.beans.factory.support.DefaultListableBeanFactory.doResolveDependency(DefaultListableBeanFactory.java:1304) ~[spring-beans-5.2.7.RELEASE.jar:5.2.7.RELEASE]
	at org.springframework.beans.factory.support.DefaultListableBeanFactory.resolveDependency(DefaultListableBeanFactory.java:1224) ~[spring-beans-5.2.7.RELEASE.jar:5.2.7.RELEASE]
	at org.springframework.beans.factory.support.AbstractAutowireCapableBeanFactory.autowireByType(AbstractAutowireCapableBeanFactory.java:1511) ~[spring-beans-5.2.7.RELEASE.jar:5.2.7.RELEASE]
	at org.springframework.beans.factory.support.AbstractAutowireCapableBeanFactory.populateBean(AbstractAutowireCapableBeanFactory.java:1406) ~[spring-beans-5.2.7.RELEASE.jar:5.2.7.RELEASE]
	at org.springframework.beans.factory.support.AbstractAutowireCapableBeanFactory.doCreateBean(AbstractAutowireCapableBeanFactory.java:594) ~[spring-beans-5.2.7.RELEASE.jar:5.2.7.RELEASE]
	at org.springframework.beans.factory.support.AbstractAutowireCapableBeanFactory.createBean(AbstractAutowireCapableBeanFactory.java:517) ~[spring-beans-5.2.7.RELEASE.jar:5.2.7.RELEASE]
	at org.springframework.beans.factory.support.AbstractBeanFactory.lambda$doGetBean$0(AbstractBeanFactory.java:323) ~[spring-beans-5.2.7.RELEASE.jar:5.2.7.RELEASE]
	at org.springframework.beans.factory.support.DefaultSingletonBeanRegistry.getSingleton(DefaultSingletonBeanRegistry.java:226) ~[spring-beans-5.2.7.RELEASE.jar:5.2.7.RELEASE]
	at org.springframework.beans.factory.support.AbstractBeanFactory.doGetBean(AbstractBeanFactory.java:321) ~[spring-beans-5.2.7.RELEASE.jar:5.2.7.RELEASE]
	at org.springframework.beans.factory.support.AbstractBeanFactory.getBean(AbstractBeanFactory.java:202) ~[spring-beans-5.2.7.RELEASE.jar:5.2.7.RELEASE]
	at org.springframework.beans.factory.config.DependencyDescriptor.resolveCandidate(DependencyDescriptor.java:276) ~[spring-beans-5.2.7.RELEASE.jar:5.2.7.RELEASE]
	at org.springframework.beans.factory.support.DefaultListableBeanFactory.doResolveDependency(DefaultListableBeanFactory.java:1304) ~[spring-beans-5.2.7.RELEASE.jar:5.2.7.RELEASE]
	at org.springframework.beans.factory.support.DefaultListableBeanFactory.resolveDependency(DefaultListableBeanFactory.java:1224) ~[spring-beans-5.2.7.RELEASE.jar:5.2.7.RELEASE]
	at org.springframework.beans.factory.annotation.AutowiredAnnotationBeanPostProcessor$AutowiredFieldElement.inject(AutowiredAnnotationBeanPostProcessor.java:640) ~[spring-beans-5.2.7.RELEASE.jar:5.2.7.RELEASE]
	at org.springframework.beans.factory.annotation.InjectionMetadata.inject(InjectionMetadata.java:130) ~[spring-beans-5.2.7.RELEASE.jar:5.2.7.RELEASE]
	at org.springframework.beans.factory.annotation.AutowiredAnnotationBeanPostProcessor.postProcessProperties(AutowiredAnnotationBeanPostProcessor.java:399) ~[spring-beans-5.2.7.RELEASE.jar:5.2.7.RELEASE]
	at org.springframework.beans.factory.support.AbstractAutowireCapableBeanFactory.populateBean(AbstractAutowireCapableBeanFactory.java:1422) ~[spring-beans-5.2.7.RELEASE.jar:5.2.7.RELEASE]
	at org.springframework.beans.factory.support.AbstractAutowireCapableBeanFactory.doCreateBean(AbstractAutowireCapableBeanFactory.java:594) ~[spring-beans-5.2.7.RELEASE.jar:5.2.7.RELEASE]
	at org.springframework.beans.factory.support.AbstractAutowireCapableBeanFactory.createBean(AbstractAutowireCapableBeanFactory.java:517) ~[spring-beans-5.2.7.RELEASE.jar:5.2.7.RELEASE]
	at org.springframework.beans.factory.support.AbstractBeanFactory.lambda$doGetBean$0(AbstractBeanFactory.java:323) ~[spring-beans-5.2.7.RELEASE.jar:5.2.7.RELEASE]
	at org.springframework.beans.factory.support.DefaultSingletonBeanRegistry.getSingleton(DefaultSingletonBeanRegistry.java:226) ~[spring-beans-5.2.7.RELEASE.jar:5.2.7.RELEASE]
	at org.springframework.beans.factory.support.AbstractBeanFactory.doGetBean(AbstractBeanFactory.java:321) ~[spring-beans-5.2.7.RELEASE.jar:5.2.7.RELEASE]
	at org.springframework.beans.factory.support.AbstractBeanFactory.getBean(AbstractBeanFactory.java:202) ~[spring-beans-5.2.7.RELEASE.jar:5.2.7.RELEASE]
	at org.springframework.beans.factory.config.DependencyDescriptor.resolveCandidate(DependencyDescriptor.java:276) ~[spring-beans-5.2.7.RELEASE.jar:5.2.7.RELEASE]
	at org.springframework.beans.factory.support.DefaultListableBeanFactory.doResolveDependency(DefaultListableBeanFactory.java:1304) ~[spring-beans-5.2.7.RELEASE.jar:5.2.7.RELEASE]
	at org.springframework.beans.factory.support.DefaultListableBeanFactory.resolveDependency(DefaultListableBeanFactory.java:1224) ~[spring-beans-5.2.7.RELEASE.jar:5.2.7.RELEASE]
	at org.springframework.beans.factory.annotation.AutowiredAnnotationBeanPostProcessor$AutowiredFieldElement.inject(AutowiredAnnotationBeanPostProcessor.java:640) ~[spring-beans-5.2.7.RELEASE.jar:5.2.7.RELEASE]
	... 65 more
Caused by: org.springframework.core.NestedIOException: Failed to parse mapping resource: 'file [C:\Users\13292\Desktop\claudel1\reposNew\task30\target\classes\mapper\BudgetMapper.xml]'; nested exception is org.apache.ibatis.builder.BuilderException: Error parsing Mapper XML. The XML location is 'file [C:\Users\13292\Desktop\claudel1\reposNew\task30\target\classes\mapper\BudgetMapper.xml]'. Cause: org.apache.ibatis.builder.BuilderException: Error resolving class. Cause: org.apache.ibatis.type.TypeException: Could not resolve type alias 'cn.jackbin.SimpleRecord.dto.BudgetExecutionDTO'.  Cause: java.lang.ClassNotFoundException: Cannot find class: cn.jackbin.SimpleRecord.dto.BudgetExecutionDTO
	at com.baomidou.mybatisplus.extension.spring.MybatisSqlSessionFactoryBean.buildSqlSessionFactory(MybatisSqlSessionFactoryBean.java:593) ~[mybatis-plus-extension-3.3.2.jar:3.3.2]
	at com.baomidou.mybatisplus.extension.spring.MybatisSqlSessionFactoryBean.afterPropertiesSet(MybatisSqlSessionFactoryBean.java:429) ~[mybatis-plus-extension-3.3.2.jar:3.3.2]
	at com.baomidou.mybatisplus.extension.spring.MybatisSqlSessionFactoryBean.getObject(MybatisSqlSessionFactoryBean.java:626) ~[mybatis-plus-extension-3.3.2.jar:3.3.2]
	at com.baomidou.mybatisplus.autoconfigure.MybatisPlusAutoConfiguration.sqlSessionFactory(MybatisPlusAutoConfiguration.java:215) ~[mybatis-plus-boot-starter-3.3.2.jar:3.3.2]
	at com.baomidou.mybatisplus.autoconfigure.MybatisPlusAutoConfiguration$$EnhancerBySpringCGLIB$$f1427f39.CGLIB$sqlSessionFactory$1(<generated>) ~[mybatis-plus-boot-starter-3.3.2.jar:3.3.2]
	at com.baomidou.mybatisplus.autoconfigure.MybatisPlusAutoConfiguration$$EnhancerBySpringCGLIB$$f1427f39$$FastClassBySpringCGLIB$$38ba60c2.invoke(<generated>) ~[mybatis-plus-boot-starter-3.3.2.jar:3.3.2]
	at org.springframework.cglib.proxy.MethodProxy.invokeSuper(MethodProxy.java:244) ~[spring-core-5.2.7.RELEASE.jar:5.2.7.RELEASE]
	at org.springframework.context.annotation.ConfigurationClassEnhancer$BeanMethodInterceptor.intercept(ConfigurationClassEnhancer.java:331) ~[spring-context-5.2.7.RELEASE.jar:5.2.7.RELEASE]
	at com.baomidou.mybatisplus.autoconfigure.MybatisPlusAutoConfiguration$$EnhancerBySpringCGLIB$$f1427f39.sqlSessionFactory(<generated>) ~[mybatis-plus-boot-starter-3.3.2.jar:3.3.2]
	at jdk.internal.reflect.NativeMethodAccessorImpl.invoke0(Native Method) ~[?:?]
	at jdk.internal.reflect.NativeMethodAccessorImpl.invoke(NativeMethodAccessorImpl.java:77) ~[?:?]
	at jdk.internal.reflect.DelegatingMethodAccessorImpl.invoke(DelegatingMethodAccessorImpl.java:43) ~[?:?]
	at java.lang.reflect.Method.invoke(Method.java:569) ~[?:?]
	at org.springframework.beans.factory.support.SimpleInstantiationStrategy.instantiate(SimpleInstantiationStrategy.java:154) ~[spring-beans-5.2.7.RELEASE.jar:5.2.7.RELEASE]
	at org.springframework.beans.factory.support.ConstructorResolver.instantiate(ConstructorResolver.java:650) ~[spring-beans-5.2.7.RELEASE.jar:5.2.7.RELEASE]
	at org.springframework.beans.factory.support.ConstructorResolver.instantiateUsingFactoryMethod(ConstructorResolver.java:635) ~[spring-beans-5.2.7.RELEASE.jar:5.2.7.RELEASE]
	at org.springframework.beans.factory.support.AbstractAutowireCapableBeanFactory.instantiateUsingFactoryMethod(AbstractAutowireCapableBeanFactory.java:1338) ~[spring-beans-5.2.7.RELEASE.jar:5.2.7.RELEASE]
	at org.springframework.beans.factory.support.AbstractAutowireCapableBeanFactory.createBeanInstance(AbstractAutowireCapableBeanFactory.java:1177) ~[spring-beans-5.2.7.RELEASE.jar:5.2.7.RELEASE]
	at org.springframework.beans.factory.support.AbstractAutowireCapableBeanFactory.doCreateBean(AbstractAutowireCapableBeanFactory.java:557) ~[spring-beans-5.2.7.RELEASE.jar:5.2.7.RELEASE]
	at org.springframework.beans.factory.support.AbstractAutowireCapableBeanFactory.createBean(AbstractAutowireCapableBeanFactory.java:517) ~[spring-beans-5.2.7.RELEASE.jar:5.2.7.RELEASE]
	at org.springframework.beans.factory.support.AbstractBeanFactory.lambda$doGetBean$0(AbstractBeanFactory.java:323) ~[spring-beans-5.2.7.RELEASE.jar:5.2.7.RELEASE]
	at org.springframework.beans.factory.support.DefaultSingletonBeanRegistry.getSingleton(DefaultSingletonBeanRegistry.java:226) ~[spring-beans-5.2.7.RELEASE.jar:5.2.7.RELEASE]
	at org.springframework.beans.factory.support.AbstractBeanFactory.doGetBean(AbstractBeanFactory.java:321) ~[spring-beans-5.2.7.RELEASE.jar:5.2.7.RELEASE]
	at org.springframework.beans.factory.support.AbstractBeanFactory.getBean(AbstractBeanFactory.java:202) ~[spring-beans-5.2.7.RELEASE.jar:5.2.7.RELEASE]
	at org.springframework.beans.factory.config.DependencyDescriptor.resolveCandidate(DependencyDescriptor.java:276) ~[spring-beans-5.2.7.RELEASE.jar:5.2.7.RELEASE]
	at org.springframework.beans.factory.support.DefaultListableBeanFactory.doResolveDependency(DefaultListableBeanFactory.java:1304) ~[spring-beans-5.2.7.RELEASE.jar:5.2.7.RELEASE]
	at org.springframework.beans.factory.support.DefaultListableBeanFactory.resolveDependency(DefaultListableBeanFactory.java:1224) ~[spring-beans-5.2.7.RELEASE.jar:5.2.7.RELEASE]
	at org.springframework.beans.factory.support.AbstractAutowireCapableBeanFactory.autowireByType(AbstractAutowireCapableBeanFactory.java:1511) ~[spring-beans-5.2.7.RELEASE.jar:5.2.7.RELEASE]
	at org.springframework.beans.factory.support.AbstractAutowireCapableBeanFactory.populateBean(AbstractAutowireCapableBeanFactory.java:1406) ~[spring-beans-5.2.7.RELEASE.jar:5.2.7.RELEASE]
	at org.springframework.beans.factory.support.AbstractAutowireCapableBeanFactory.doCreateBean(AbstractAutowireCapableBeanFactory.java:594) ~[spring-beans-5.2.7.RELEASE.jar:5.2.7.RELEASE]
	at org.springframework.beans.factory.support.AbstractAutowireCapableBeanFactory.createBean(AbstractAutowireCapableBeanFactory.java:517) ~[spring-beans-5.2.7.RELEASE.jar:5.2.7.RELEASE]
	at org.springframework.beans.factory.support.AbstractBeanFactory.lambda$doGetBean$0(AbstractBeanFactory.java:323) ~[spring-beans-5.2.7.RELEASE.jar:5.2.7.RELEASE]
	at org.springframework.beans.factory.support.DefaultSingletonBeanRegistry.getSingleton(DefaultSingletonBeanRegistry.java:226) ~[spring-beans-5.2.7.RELEASE.jar:5.2.7.RELEASE]
	at org.springframework.beans.factory.support.AbstractBeanFactory.doGetBean(AbstractBeanFactory.java:321) ~[spring-beans-5.2.7.RELEASE.jar:5.2.7.RELEASE]
	at org.springframework.beans.factory.support.AbstractBeanFactory.getBean(AbstractBeanFactory.java:202) ~[spring-beans-5.2.7.RELEASE.jar:5.2.7.RELEASE]
	at org.springframework.beans.factory.config.DependencyDescriptor.resolveCandidate(DependencyDescriptor.java:276) ~[spring-beans-5.2.7.RELEASE.jar:5.2.7.RELEASE]
	at org.springframework.beans.factory.support.DefaultListableBeanFactory.doResolveDependency(DefaultListableBeanFactory.java:1304) ~[spring-beans-5.2.7.RELEASE.jar:5.2.7.RELEASE]
	at org.springframework.beans.factory.support.DefaultListableBeanFactory.resolveDependency(DefaultListableBeanFactory.java:1224) ~[spring-beans-5.2.7.RELEASE.jar:5.2.7.RELEASE]
	at org.springframework.beans.factory.annotation.AutowiredAnnotationBeanPostProcessor$AutowiredFieldElement.inject(AutowiredAnnotationBeanPostProcessor.java:640) ~[spring-beans-5.2.7.RELEASE.jar:5.2.7.RELEASE]
	at org.springframework.beans.factory.annotation.InjectionMetadata.inject(InjectionMetadata.java:130) ~[spring-beans-5.2.7.RELEASE.jar:5.2.7.RELEASE]
	at org.springframework.beans.factory.annotation.AutowiredAnnotationBeanPostProcessor.postProcessProperties(AutowiredAnnotationBeanPostProcessor.java:399) ~[spring-beans-5.2.7.RELEASE.jar:5.2.7.RELEASE]
	at org.springframework.beans.factory.support.AbstractAutowireCapableBeanFactory.populateBean(AbstractAutowireCapableBeanFactory.java:1422) ~[spring-beans-5.2.7.RELEASE.jar:5.2.7.RELEASE]
	at org.springframework.beans.factory.support.AbstractAutowireCapableBeanFactory.doCreateBean(AbstractAutowireCapableBeanFactory.java:594) ~[spring-beans-5.2.7.RELEASE.jar:5.2.7.RELEASE]
	at org.springframework.beans.factory.support.AbstractAutowireCapableBeanFactory.createBean(AbstractAutowireCapableBeanFactory.java:517) ~[spring-beans-5.2.7.RELEASE.jar:5.2.7.RELEASE]
	at org.springframework.beans.factory.support.AbstractBeanFactory.lambda$doGetBean$0(AbstractBeanFactory.java:323) ~[spring-beans-5.2.7.RELEASE.jar:5.2.7.RELEASE]
	at org.springframework.beans.factory.support.DefaultSingletonBeanRegistry.getSingleton(DefaultSingletonBeanRegistry.java:226) ~[spring-beans-5.2.7.RELEASE.jar:5.2.7.RELEASE]
	at org.springframework.beans.factory.support.AbstractBeanFactory.doGetBean(AbstractBeanFactory.java:321) ~[spring-beans-5.2.7.RELEASE.jar:5.2.7.RELEASE]
	at org.springframework.beans.factory.support.AbstractBeanFactory.getBean(AbstractBeanFactory.java:202) ~[spring-beans-5.2.7.RELEASE.jar:5.2.7.RELEASE]
	at org.springframework.beans.factory.config.DependencyDescriptor.resolveCandidate(DependencyDescriptor.java:276) ~[spring-beans-5.2.7.RELEASE.jar:5.2.7.RELEASE]
	at org.springframework.beans.factory.support.DefaultListableBeanFactory.doResolveDependency(DefaultListableBeanFactory.java:1304) ~[spring-beans-5.2.7.RELEASE.jar:5.2.7.RELEASE]
	at org.springframework.beans.factory.support.DefaultListableBeanFactory.resolveDependency(DefaultListableBeanFactory.java:1224) ~[spring-beans-5.2.7.RELEASE.jar:5.2.7.RELEASE]
	at org.springframework.beans.factory.annotation.AutowiredAnnotationBeanPostProcessor$AutowiredFieldElement.inject(AutowiredAnnotationBeanPostProcessor.java:640) ~[spring-beans-5.2.7.RELEASE.jar:5.2.7.RELEASE]
	... 65 more
Caused by: org.apache.ibatis.builder.BuilderException: Error parsing Mapper XML. The XML location is 'file [C:\Users\13292\Desktop\claudel1\reposNew\task30\target\classes\mapper\BudgetMapper.xml]'. Cause: org.apache.ibatis.builder.BuilderException: Error resolving class. Cause: org.apache.ibatis.type.TypeException: Could not resolve type alias 'cn.jackbin.SimpleRecord.dto.BudgetExecutionDTO'.  Cause: java.lang.ClassNotFoundException: Cannot find class: cn.jackbin.SimpleRecord.dto.BudgetExecutionDTO
	at org.apache.ibatis.builder.xml.XMLMapperBuilder.configurationElement(XMLMapperBuilder.java:122) ~[mybatis-3.5.4.jar:3.5.4]
	at org.apache.ibatis.builder.xml.XMLMapperBuilder.parse(XMLMapperBuilder.java:94) ~[mybatis-3.5.4.jar:3.5.4]
	at com.baomidou.mybatisplus.extension.spring.MybatisSqlSessionFactoryBean.buildSqlSessionFactory(MybatisSqlSessionFactoryBean.java:591) ~[mybatis-plus-extension-3.3.2.jar:3.3.2]
	at com.baomidou.mybatisplus.extension.spring.MybatisSqlSessionFactoryBean.afterPropertiesSet(MybatisSqlSessionFactoryBean.java:429) ~[mybatis-plus-extension-3.3.2.jar:3.3.2]
	at com.baomidou.mybatisplus.extension.spring.MybatisSqlSessionFactoryBean.getObject(MybatisSqlSessionFactoryBean.java:626) ~[mybatis-plus-extension-3.3.2.jar:3.3.2]
	at com.baomidou.mybatisplus.autoconfigure.MybatisPlusAutoConfiguration.sqlSessionFactory(MybatisPlusAutoConfiguration.java:215) ~[mybatis-plus-boot-starter-3.3.2.jar:3.3.2]
	at com.baomidou.mybatisplus.autoconfigure.MybatisPlusAutoConfiguration$$EnhancerBySpringCGLIB$$f1427f39.CGLIB$sqlSessionFactory$1(<generated>) ~[mybatis-plus-boot-starter-3.3.2.jar:3.3.2]
	at com.baomidou.mybatisplus.autoconfigure.MybatisPlusAutoConfiguration$$EnhancerBySpringCGLIB$$f1427f39$$FastClassBySpringCGLIB$$38ba60c2.invoke(<generated>) ~[mybatis-plus-boot-starter-3.3.2.jar:3.3.2]
	at org.springframework.cglib.proxy.MethodProxy.invokeSuper(MethodProxy.java:244) ~[spring-core-5.2.7.RELEASE.jar:5.2.7.RELEASE]
	at org.springframework.context.annotation.ConfigurationClassEnhancer$BeanMethodInterceptor.intercept(ConfigurationClassEnhancer.java:331) ~[spring-context-5.2.7.RELEASE.jar:5.2.7.RELEASE]
	at com.baomidou.mybatisplus.autoconfigure.MybatisPlusAutoConfiguration$$EnhancerBySpringCGLIB$$f1427f39.sqlSessionFactory(<generated>) ~[mybatis-plus-boot-starter-3.3.2.jar:3.3.2]
	at jdk.internal.reflect.NativeMethodAccessorImpl.invoke0(Native Method) ~[?:?]
	at jdk.internal.reflect.NativeMethodAccessorImpl.invoke(NativeMethodAccessorImpl.java:77) ~[?:?]
	at jdk.internal.reflect.DelegatingMethodAccessorImpl.invoke(DelegatingMethodAccessorImpl.java:43) ~[?:?]
	at java.lang.reflect.Method.invoke(Method.java:569) ~[?:?]
	at org.springframework.beans.factory.support.SimpleInstantiationStrategy.instantiate(SimpleInstantiationStrategy.java:154) ~[spring-beans-5.2.7.RELEASE.jar:5.2.7.RELEASE]
	at org.springframework.beans.factory.support.ConstructorResolver.instantiate(ConstructorResolver.java:650) ~[spring-beans-5.2.7.RELEASE.jar:5.2.7.RELEASE]
	at org.springframework.beans.factory.support.ConstructorResolver.instantiateUsingFactoryMethod(ConstructorResolver.java:635) ~[spring-beans-5.2.7.RELEASE.jar:5.2.7.RELEASE]
	at org.springframework.beans.factory.support.AbstractAutowireCapableBeanFactory.instantiateUsingFactoryMethod(AbstractAutowireCapableBeanFactory.java:1338) ~[spring-beans-5.2.7.RELEASE.jar:5.2.7.RELEASE]
	at org.springframework.beans.factory.support.AbstractAutowireCapableBeanFactory.createBeanInstance(AbstractAutowireCapableBeanFactory.java:1177) ~[spring-beans-5.2.7.RELEASE.jar:5.2.7.RELEASE]
	at org.springframework.beans.factory.support.AbstractAutowireCapableBeanFactory.doCreateBean(AbstractAutowireCapableBeanFactory.java:557) ~[spring-beans-5.2.7.RELEASE.jar:5.2.7.RELEASE]
	at org.springframework.beans.factory.support.AbstractAutowireCapableBeanFactory.createBean(AbstractAutowireCapableBeanFactory.java:517) ~[spring-beans-5.2.7.RELEASE.jar:5.2.7.RELEASE]
	at org.springframework.beans.factory.support.AbstractBeanFactory.lambda$doGetBean$0(AbstractBeanFactory.java:323) ~[spring-beans-5.2.7.RELEASE.jar:5.2.7.RELEASE]
	at org.springframework.beans.factory.support.DefaultSingletonBeanRegistry.getSingleton(DefaultSingletonBeanRegistry.java:226) ~[spring-beans-5.2.7.RELEASE.jar:5.2.7.RELEASE]
	at org.springframework.beans.factory.support.AbstractBeanFactory.doGetBean(AbstractBeanFactory.java:321) ~[spring-beans-5.2.7.RELEASE.jar:5.2.7.RELEASE]
	at org.springframework.beans.factory.support.AbstractBeanFactory.getBean(AbstractBeanFactory.java:202) ~[spring-beans-5.2.7.RELEASE.jar:5.2.7.RELEASE]
	at org.springframework.beans.factory.config.DependencyDescriptor.resolveCandidate(DependencyDescriptor.java:276) ~[spring-beans-5.2.7.RELEASE.jar:5.2.7.RELEASE]
	at org.springframework.beans.factory.support.DefaultListableBeanFactory.doResolveDependency(DefaultListableBeanFactory.java:1304) ~[spring-beans-5.2.7.RELEASE.jar:5.2.7.RELEASE]
	at org.springframework.beans.factory.support.DefaultListableBeanFactory.resolveDependency(DefaultListableBeanFactory.java:1224) ~[spring-beans-5.2.7.RELEASE.jar:5.2.7.RELEASE]
	at org.springframework.beans.factory.support.AbstractAutowireCapableBeanFactory.autowireByType(AbstractAutowireCapableBeanFactory.java:1511) ~[spring-beans-5.2.7.RELEASE.jar:5.2.7.RELEASE]
	at org.springframework.beans.factory.support.AbstractAutowireCapableBeanFactory.populateBean(AbstractAutowireCapableBeanFactory.java:1406) ~[spring-beans-5.2.7.RELEASE.jar:5.2.7.RELEASE]
	at org.springframework.beans.factory.support.AbstractAutowireCapableBeanFactory.doCreateBean(AbstractAutowireCapableBeanFactory.java:594) ~[spring-beans-5.2.7.RELEASE.jar:5.2.7.RELEASE]
	at org.springframework.beans.factory.support.AbstractAutowireCapableBeanFactory.createBean(AbstractAutowireCapableBeanFactory.java:517) ~[spring-beans-5.2.7.RELEASE.jar:5.2.7.RELEASE]
	at org.springframework.beans.factory.support.AbstractBeanFactory.lambda$doGetBean$0(AbstractBeanFactory.java:323) ~[spring-beans-5.2.7.RELEASE.jar:5.2.7.RELEASE]
	at org.springframework.beans.factory.support.DefaultSingletonBeanRegistry.getSingleton(DefaultSingletonBeanRegistry.java:226) ~[spring-beans-5.2.7.RELEASE.jar:5.2.7.RELEASE]
	at org.springframework.beans.factory.support.AbstractBeanFactory.doGetBean(AbstractBeanFactory.java:321) ~[spring-beans-5.2.7.RELEASE.jar:5.2.7.RELEASE]
	at org.springframework.beans.factory.support.AbstractBeanFactory.getBean(AbstractBeanFactory.java:202) ~[spring-beans-5.2.7.RELEASE.jar:5.2.7.RELEASE]
	at org.springframework.beans.factory.config.DependencyDescriptor.resolveCandidate(DependencyDescriptor.java:276) ~[spring-beans-5.2.7.RELEASE.jar:5.2.7.RELEASE]
	at org.springframework.beans.factory.support.DefaultListableBeanFactory.doResolveDependency(DefaultListableBeanFactory.java:1304) ~[spring-beans-5.2.7.RELEASE.jar:5.2.7.RELEASE]
	at org.springframework.beans.factory.support.DefaultListableBeanFactory.resolveDependency(DefaultListableBeanFactory.java:1224) ~[spring-beans-5.2.7.RELEASE.jar:5.2.7.RELEASE]
	at org.springframework.beans.factory.annotation.AutowiredAnnotationBeanPostProcessor$AutowiredFieldElement.inject(AutowiredAnnotationBeanPostProcessor.java:640) ~[spring-beans-5.2.7.RELEASE.jar:5.2.7.RELEASE]
	at org.springframework.beans.factory.annotation.InjectionMetadata.inject(InjectionMetadata.java:130) ~[spring-beans-5.2.7.RELEASE.jar:5.2.7.RELEASE]
	at org.springframework.beans.factory.annotation.AutowiredAnnotationBeanPostProcessor.postProcessProperties(AutowiredAnnotationBeanPostProcessor.java:399) ~[spring-beans-5.2.7.RELEASE.jar:5.2.7.RELEASE]
	at org.springframework.beans.factory.support.AbstractAutowireCapableBeanFactory.populateBean(AbstractAutowireCapableBeanFactory.java:1422) ~[spring-beans-5.2.7.RELEASE.jar:5.2.7.RELEASE]
	at org.springframework.beans.factory.support.AbstractAutowireCapableBeanFactory.doCreateBean(AbstractAutowireCapableBeanFactory.java:594) ~[spring-beans-5.2.7.RELEASE.jar:5.2.7.RELEASE]
	at org.springframework.beans.factory.support.AbstractAutowireCapableBeanFactory.createBean(AbstractAutowireCapableBeanFactory.java:517) ~[spring-beans-5.2.7.RELEASE.jar:5.2.7.RELEASE]
	at org.springframework.beans.factory.support.AbstractBeanFactory.lambda$doGetBean$0(AbstractBeanFactory.java:323) ~[spring-beans-5.2.7.RELEASE.jar:5.2.7.RELEASE]
	at org.springframework.beans.factory.support.DefaultSingletonBeanRegistry.getSingleton(DefaultSingletonBeanRegistry.java:226) ~[spring-beans-5.2.7.RELEASE.jar:5.2.7.RELEASE]
	at org.springframework.beans.factory.support.AbstractBeanFactory.doGetBean(AbstractBeanFactory.java:321) ~[spring-beans-5.2.7.RELEASE.jar:5.2.7.RELEASE]
	at org.springframework.beans.factory.support.AbstractBeanFactory.getBean(AbstractBeanFactory.java:202) ~[spring-beans-5.2.7.RELEASE.jar:5.2.7.RELEASE]
	at org.springframework.beans.factory.config.DependencyDescriptor.resolveCandidate(DependencyDescriptor.java:276) ~[spring-beans-5.2.7.RELEASE.jar:5.2.7.RELEASE]
	at org.springframework.beans.factory.support.DefaultListableBeanFactory.doResolveDependency(DefaultListableBeanFactory.java:1304) ~[spring-beans-5.2.7.RELEASE.jar:5.2.7.RELEASE]
	at org.springframework.beans.factory.support.DefaultListableBeanFactory.resolveDependency(DefaultListableBeanFactory.java:1224) ~[spring-beans-5.2.7.RELEASE.jar:5.2.7.RELEASE]
	at org.springframework.beans.factory.annotation.AutowiredAnnotationBeanPostProcessor$AutowiredFieldElement.inject(AutowiredAnnotationBeanPostProcessor.java:640) ~[spring-beans-5.2.7.RELEASE.jar:5.2.7.RELEASE]
	... 65 more
Caused by: org.apache.ibatis.builder.BuilderException: Error resolving class. Cause: org.apache.ibatis.type.TypeException: Could not resolve type alias 'cn.jackbin.SimpleRecord.dto.BudgetExecutionDTO'.  Cause: java.lang.ClassNotFoundException: Cannot find class: cn.jackbin.SimpleRecord.dto.BudgetExecutionDTO
	at org.apache.ibatis.builder.BaseBuilder.resolveClass(BaseBuilder.java:118) ~[mybatis-3.5.4.jar:3.5.4]
	at org.apache.ibatis.builder.xml.XMLStatementBuilder.parseStatementNode(XMLStatementBuilder.java:102) ~[mybatis-3.5.4.jar:3.5.4]
	at org.apache.ibatis.builder.xml.XMLMapperBuilder.buildStatementFromContext(XMLMapperBuilder.java:137) ~[mybatis-3.5.4.jar:3.5.4]
	at org.apache.ibatis.builder.xml.XMLMapperBuilder.buildStatementFromContext(XMLMapperBuilder.java:130) ~[mybatis-3.5.4.jar:3.5.4]
	at org.apache.ibatis.builder.xml.XMLMapperBuilder.configurationElement(XMLMapperBuilder.java:120) ~[mybatis-3.5.4.jar:3.5.4]
	at org.apache.ibatis.builder.xml.XMLMapperBuilder.parse(XMLMapperBuilder.java:94) ~[mybatis-3.5.4.jar:3.5.4]
	at com.baomidou.mybatisplus.extension.spring.MybatisSqlSessionFactoryBean.buildSqlSessionFactory(MybatisSqlSessionFactoryBean.java:591) ~[mybatis-plus-extension-3.3.2.jar:3.3.2]
	at com.baomidou.mybatisplus.extension.spring.MybatisSqlSessionFactoryBean.afterPropertiesSet(MybatisSqlSessionFactoryBean.java:429) ~[mybatis-plus-extension-3.3.2.jar:3.3.2]
	at com.baomidou.mybatisplus.extension.spring.MybatisSqlSessionFactoryBean.getObject(MybatisSqlSessionFactoryBean.java:626) ~[mybatis-plus-extension-3.3.2.jar:3.3.2]
	at com.baomidou.mybatisplus.autoconfigure.MybatisPlusAutoConfiguration.sqlSessionFactory(MybatisPlusAutoConfiguration.java:215) ~[mybatis-plus-boot-starter-3.3.2.jar:3.3.2]
	at com.baomidou.mybatisplus.autoconfigure.MybatisPlusAutoConfiguration$$EnhancerBySpringCGLIB$$f1427f39.CGLIB$sqlSessionFactory$1(<generated>) ~[mybatis-plus-boot-starter-3.3.2.jar:3.3.2]
	at com.baomidou.mybatisplus.autoconfigure.MybatisPlusAutoConfiguration$$EnhancerBySpringCGLIB$$f1427f39$$FastClassBySpringCGLIB$$38ba60c2.invoke(<generated>) ~[mybatis-plus-boot-starter-3.3.2.jar:3.3.2]
	at org.springframework.cglib.proxy.MethodProxy.invokeSuper(MethodProxy.java:244) ~[spring-core-5.2.7.RELEASE.jar:5.2.7.RELEASE]
	at org.springframework.context.annotation.ConfigurationClassEnhancer$BeanMethodInterceptor.intercept(ConfigurationClassEnhancer.java:331) ~[spring-context-5.2.7.RELEASE.jar:5.2.7.RELEASE]
	at com.baomidou.mybatisplus.autoconfigure.MybatisPlusAutoConfiguration$$EnhancerBySpringCGLIB$$f1427f39.sqlSessionFactory(<generated>) ~[mybatis-plus-boot-starter-3.3.2.jar:3.3.2]
	at jdk.internal.reflect.NativeMethodAccessorImpl.invoke0(Native Method) ~[?:?]
	at jdk.internal.reflect.NativeMethodAccessorImpl.invoke(NativeMethodAccessorImpl.java:77) ~[?:?]
	at jdk.internal.reflect.DelegatingMethodAccessorImpl.invoke(DelegatingMethodAccessorImpl.java:43) ~[?:?]
	at java.lang.reflect.Method.invoke(Method.java:569) ~[?:?]
	at org.springframework.beans.factory.support.SimpleInstantiationStrategy.instantiate(SimpleInstantiationStrategy.java:154) ~[spring-beans-5.2.7.RELEASE.jar:5.2.7.RELEASE]
	at org.springframework.beans.factory.support.ConstructorResolver.instantiate(ConstructorResolver.java:650) ~[spring-beans-5.2.7.RELEASE.jar:5.2.7.RELEASE]
	at org.springframework.beans.factory.support.ConstructorResolver.instantiateUsingFactoryMethod(ConstructorResolver.java:635) ~[spring-beans-5.2.7.RELEASE.jar:5.2.7.RELEASE]
	at org.springframework.beans.factory.support.AbstractAutowireCapableBeanFactory.instantiateUsingFactoryMethod(AbstractAutowireCapableBeanFactory.java:1338) ~[spring-beans-5.2.7.RELEASE.jar:5.2.7.RELEASE]
	at org.springframework.beans.factory.support.AbstractAutowireCapableBeanFactory.createBeanInstance(AbstractAutowireCapableBeanFactory.java:1177) ~[spring-beans-5.2.7.RELEASE.jar:5.2.7.RELEASE]
	at org.springframework.beans.factory.support.AbstractAutowireCapableBeanFactory.doCreateBean(AbstractAutowireCapableBeanFactory.java:557) ~[spring-beans-5.2.7.RELEASE.jar:5.2.7.RELEASE]
	at org.springframework.beans.factory.support.AbstractAutowireCapableBeanFactory.createBean(AbstractAutowireCapableBeanFactory.java:517) ~[spring-beans-5.2.7.RELEASE.jar:5.2.7.RELEASE]
	at org.springframework.beans.factory.support.AbstractBeanFactory.lambda$doGetBean$0(AbstractBeanFactory.java:323) ~[spring-beans-5.2.7.RELEASE.jar:5.2.7.RELEASE]
	at org.springframework.beans.factory.support.DefaultSingletonBeanRegistry.getSingleton(DefaultSingletonBeanRegistry.java:226) ~[spring-beans-5.2.7.RELEASE.jar:5.2.7.RELEASE]
	at org.springframework.beans.factory.support.AbstractBeanFactory.doGetBean(AbstractBeanFactory.java:321) ~[spring-beans-5.2.7.RELEASE.jar:5.2.7.RELEASE]
	at org.springframework.beans.factory.support.AbstractBeanFactory.getBean(AbstractBeanFactory.java:202) ~[spring-beans-5.2.7.RELEASE.jar:5.2.7.RELEASE]
	at org.springframework.beans.factory.config.DependencyDescriptor.resolveCandidate(DependencyDescriptor.java:276) ~[spring-beans-5.2.7.RELEASE.jar:5.2.7.RELEASE]
	at org.springframework.beans.factory.support.DefaultListableBeanFactory.doResolveDependency(DefaultListableBeanFactory.java:1304) ~[spring-beans-5.2.7.RELEASE.jar:5.2.7.RELEASE]
	at org.springframework.beans.factory.support.DefaultListableBeanFactory.resolveDependency(DefaultListableBeanFactory.java:1224) ~[spring-beans-5.2.7.RELEASE.jar:5.2.7.RELEASE]
	at org.springframework.beans.factory.support.AbstractAutowireCapableBeanFactory.autowireByType(AbstractAutowireCapableBeanFactory.java:1511) ~[spring-beans-5.2.7.RELEASE.jar:5.2.7.RELEASE]
	at org.springframework.beans.factory.support.AbstractAutowireCapableBeanFactory.populateBean(AbstractAutowireCapableBeanFactory.java:1406) ~[spring-beans-5.2.7.RELEASE.jar:5.2.7.RELEASE]
	at org.springframework.beans.factory.support.AbstractAutowireCapableBeanFactory.doCreateBean(AbstractAutowireCapableBeanFactory.java:594) ~[spring-beans-5.2.7.RELEASE.jar:5.2.7.RELEASE]
	at org.springframework.beans.factory.support.AbstractAutowireCapableBeanFactory.createBean(AbstractAutowireCapableBeanFactory.java:517) ~[spring-beans-5.2.7.RELEASE.jar:5.2.7.RELEASE]
	at org.springframework.beans.factory.support.AbstractBeanFactory.lambda$doGetBean$0(AbstractBeanFactory.java:323) ~[spring-beans-5.2.7.RELEASE.jar:5.2.7.RELEASE]
	at org.springframework.beans.factory.support.DefaultSingletonBeanRegistry.getSingleton(DefaultSingletonBeanRegistry.java:226) ~[spring-beans-5.2.7.RELEASE.jar:5.2.7.RELEASE]
	at org.springframework.beans.factory.support.AbstractBeanFactory.doGetBean(AbstractBeanFactory.java:321) ~[spring-beans-5.2.7.RELEASE.jar:5.2.7.RELEASE]
	at org.springframework.beans.factory.support.AbstractBeanFactory.getBean(AbstractBeanFactory.java:202) ~[spring-beans-5.2.7.RELEASE.jar:5.2.7.RELEASE]
	at org.springframework.beans.factory.config.DependencyDescriptor.resolveCandidate(DependencyDescriptor.java:276) ~[spring-beans-5.2.7.RELEASE.jar:5.2.7.RELEASE]
	at org.springframework.beans.factory.support.DefaultListableBeanFactory.doResolveDependency(DefaultListableBeanFactory.java:1304) ~[spring-beans-5.2.7.RELEASE.jar:5.2.7.RELEASE]
	at org.springframework.beans.factory.support.DefaultListableBeanFactory.resolveDependency(DefaultListableBeanFactory.java:1224) ~[spring-beans-5.2.7.RELEASE.jar:5.2.7.RELEASE]
	at org.springframework.beans.factory.annotation.AutowiredAnnotationBeanPostProcessor$AutowiredFieldElement.inject(AutowiredAnnotationBeanPostProcessor.java:640) ~[spring-beans-5.2.7.RELEASE.jar:5.2.7.RELEASE]
	at org.springframework.beans.factory.annotation.InjectionMetadata.inject(InjectionMetadata.java:130) ~[spring-beans-5.2.7.RELEASE.jar:5.2.7.RELEASE]
	at org.springframework.beans.factory.annotation.AutowiredAnnotationBeanPostProcessor.postProcessProperties(AutowiredAnnotationBeanPostProcessor.java:399) ~[spring-beans-5.2.7.RELEASE.jar:5.2.7.RELEASE]
	at org.springframework.beans.factory.support.AbstractAutowireCapableBeanFactory.populateBean(AbstractAutowireCapableBeanFactory.java:1422) ~[spring-beans-5.2.7.RELEASE.jar:5.2.7.RELEASE]
	at org.springframework.beans.factory.support.AbstractAutowireCapableBeanFactory.doCreateBean(AbstractAutowireCapableBeanFactory.java:594) ~[spring-beans-5.2.7.RELEASE.jar:5.2.7.RELEASE]
	at org.springframework.beans.factory.support.AbstractAutowireCapableBeanFactory.createBean(AbstractAutowireCapableBeanFactory.java:517) ~[spring-beans-5.2.7.RELEASE.jar:5.2.7.RELEASE]
	at org.springframework.beans.factory.support.AbstractBeanFactory.lambda$doGetBean$0(AbstractBeanFactory.java:323) ~[spring-beans-5.2.7.RELEASE.jar:5.2.7.RELEASE]
	at org.springframework.beans.factory.support.DefaultSingletonBeanRegistry.getSingleton(DefaultSingletonBeanRegistry.java:226) ~[spring-beans-5.2.7.RELEASE.jar:5.2.7.RELEASE]
	at org.springframework.beans.factory.support.AbstractBeanFactory.doGetBean(AbstractBeanFactory.java:321) ~[spring-beans-5.2.7.RELEASE.jar:5.2.7.RELEASE]
	at org.springframework.beans.factory.support.AbstractBeanFactory.getBean(AbstractBeanFactory.java:202) ~[spring-beans-5.2.7.RELEASE.jar:5.2.7.RELEASE]
	at org.springframework.beans.factory.config.DependencyDescriptor.resolveCandidate(DependencyDescriptor.java:276) ~[spring-beans-5.2.7.RELEASE.jar:5.2.7.RELEASE]
	at org.springframework.beans.factory.support.DefaultListableBeanFactory.doResolveDependency(DefaultListableBeanFactory.java:1304) ~[spring-beans-5.2.7.RELEASE.jar:5.2.7.RELEASE]
	at org.springframework.beans.factory.support.DefaultListableBeanFactory.resolveDependency(DefaultListableBeanFactory.java:1224) ~[spring-beans-5.2.7.RELEASE.jar:5.2.7.RELEASE]
	at org.springframework.beans.factory.annotation.AutowiredAnnotationBeanPostProcessor$AutowiredFieldElement.inject(AutowiredAnnotationBeanPostProcessor.java:640) ~[spring-beans-5.2.7.RELEASE.jar:5.2.7.RELEASE]
	... 65 more
Caused by: org.apache.ibatis.type.TypeException: Could not resolve type alias 'cn.jackbin.SimpleRecord.dto.BudgetExecutionDTO'.  Cause: java.lang.ClassNotFoundException: Cannot find class: cn.jackbin.SimpleRecord.dto.BudgetExecutionDTO
	at org.apache.ibatis.type.TypeAliasRegistry.resolveAlias(TypeAliasRegistry.java:120) ~[mybatis-3.5.4.jar:3.5.4]
	at org.apache.ibatis.builder.BaseBuilder.resolveAlias(BaseBuilder.java:149) ~[mybatis-3.5.4.jar:3.5.4]
	at org.apache.ibatis.builder.BaseBuilder.resolveClass(BaseBuilder.java:116) ~[mybatis-3.5.4.jar:3.5.4]
	at org.apache.ibatis.builder.xml.XMLStatementBuilder.parseStatementNode(XMLStatementBuilder.java:102) ~[mybatis-3.5.4.jar:3.5.4]
	at org.apache.ibatis.builder.xml.XMLMapperBuilder.buildStatementFromContext(XMLMapperBuilder.java:137) ~[mybatis-3.5.4.jar:3.5.4]
	at org.apache.ibatis.builder.xml.XMLMapperBuilder.buildStatementFromContext(XMLMapperBuilder.java:130) ~[mybatis-3.5.4.jar:3.5.4]
	at org.apache.ibatis.builder.xml.XMLMapperBuilder.configurationElement(XMLMapperBuilder.java:120) ~[mybatis-3.5.4.jar:3.5.4]
	at org.apache.ibatis.builder.xml.XMLMapperBuilder.parse(XMLMapperBuilder.java:94) ~[mybatis-3.5.4.jar:3.5.4]
	at com.baomidou.mybatisplus.extension.spring.MybatisSqlSessionFactoryBean.buildSqlSessionFactory(MybatisSqlSessionFactoryBean.java:591) ~[mybatis-plus-extension-3.3.2.jar:3.3.2]
	at com.baomidou.mybatisplus.extension.spring.MybatisSqlSessionFactoryBean.afterPropertiesSet(MybatisSqlSessionFactoryBean.java:429) ~[mybatis-plus-extension-3.3.2.jar:3.3.2]
	at com.baomidou.mybatisplus.extension.spring.MybatisSqlSessionFactoryBean.getObject(MybatisSqlSessionFactoryBean.java:626) ~[mybatis-plus-extension-3.3.2.jar:3.3.2]
	at com.baomidou.mybatisplus.autoconfigure.MybatisPlusAutoConfiguration.sqlSessionFactory(MybatisPlusAutoConfiguration.java:215) ~[mybatis-plus-boot-starter-3.3.2.jar:3.3.2]
	at com.baomidou.mybatisplus.autoconfigure.MybatisPlusAutoConfiguration$$EnhancerBySpringCGLIB$$f1427f39.CGLIB$sqlSessionFactory$1(<generated>) ~[mybatis-plus-boot-starter-3.3.2.jar:3.3.2]
	at com.baomidou.mybatisplus.autoconfigure.MybatisPlusAutoConfiguration$$EnhancerBySpringCGLIB$$f1427f39$$FastClassBySpringCGLIB$$38ba60c2.invoke(<generated>) ~[mybatis-plus-boot-starter-3.3.2.jar:3.3.2]
	at org.springframework.cglib.proxy.MethodProxy.invokeSuper(MethodProxy.java:244) ~[spring-core-5.2.7.RELEASE.jar:5.2.7.RELEASE]
	at org.springframework.context.annotation.ConfigurationClassEnhancer$BeanMethodInterceptor.intercept(ConfigurationClassEnhancer.java:331) ~[spring-context-5.2.7.RELEASE.jar:5.2.7.RELEASE]
	at com.baomidou.mybatisplus.autoconfigure.MybatisPlusAutoConfiguration$$EnhancerBySpringCGLIB$$f1427f39.sqlSessionFactory(<generated>) ~[mybatis-plus-boot-starter-3.3.2.jar:3.3.2]
	at jdk.internal.reflect.NativeMethodAccessorImpl.invoke0(Native Method) ~[?:?]
	at jdk.internal.reflect.NativeMethodAccessorImpl.invoke(NativeMethodAccessorImpl.java:77) ~[?:?]
	at jdk.internal.reflect.DelegatingMethodAccessorImpl.invoke(DelegatingMethodAccessorImpl.java:43) ~[?:?]
	at java.lang.reflect.Method.invoke(Method.java:569) ~[?:?]
	at org.springframework.beans.factory.support.SimpleInstantiationStrategy.instantiate(SimpleInstantiationStrategy.java:154) ~[spring-beans-5.2.7.RELEASE.jar:5.2.7.RELEASE]
	at org.springframework.beans.factory.support.ConstructorResolver.instantiate(ConstructorResolver.java:650) ~[spring-beans-5.2.7.RELEASE.jar:5.2.7.RELEASE]
	at org.springframework.beans.factory.support.ConstructorResolver.instantiateUsingFactoryMethod(ConstructorResolver.java:635) ~[spring-beans-5.2.7.RELEASE.jar:5.2.7.RELEASE]
	at org.springframework.beans.factory.support.AbstractAutowireCapableBeanFactory.instantiateUsingFactoryMethod(AbstractAutowireCapableBeanFactory.java:1338) ~[spring-beans-5.2.7.RELEASE.jar:5.2.7.RELEASE]
	at org.springframework.beans.factory.support.AbstractAutowireCapableBeanFactory.createBeanInstance(AbstractAutowireCapableBeanFactory.java:1177) ~[spring-beans-5.2.7.RELEASE.jar:5.2.7.RELEASE]
	at org.springframework.beans.factory.support.AbstractAutowireCapableBeanFactory.doCreateBean(AbstractAutowireCapableBeanFactory.java:557) ~[spring-beans-5.2.7.RELEASE.jar:5.2.7.RELEASE]
	at org.springframework.beans.factory.support.AbstractAutowireCapableBeanFactory.createBean(AbstractAutowireCapableBeanFactory.java:517) ~[spring-beans-5.2.7.RELEASE.jar:5.2.7.RELEASE]
	at org.springframework.beans.factory.support.AbstractBeanFactory.lambda$doGetBean$0(AbstractBeanFactory.java:323) ~[spring-beans-5.2.7.RELEASE.jar:5.2.7.RELEASE]
	at org.springframework.beans.factory.support.DefaultSingletonBeanRegistry.getSingleton(DefaultSingletonBeanRegistry.java:226) ~[spring-beans-5.2.7.RELEASE.jar:5.2.7.RELEASE]
	at org.springframework.beans.factory.support.AbstractBeanFactory.doGetBean(AbstractBeanFactory.java:321) ~[spring-beans-5.2.7.RELEASE.jar:5.2.7.RELEASE]
	at org.springframework.beans.factory.support.AbstractBeanFactory.getBean(AbstractBeanFactory.java:202) ~[spring-beans-5.2.7.RELEASE.jar:5.2.7.RELEASE]
	at org.springframework.beans.factory.config.DependencyDescriptor.resolveCandidate(DependencyDescriptor.java:276) ~[spring-beans-5.2.7.RELEASE.jar:5.2.7.RELEASE]
	at org.springframework.beans.factory.support.DefaultListableBeanFactory.doResolveDependency(DefaultListableBeanFactory.java:1304) ~[spring-beans-5.2.7.RELEASE.jar:5.2.7.RELEASE]
	at org.springframework.beans.factory.support.DefaultListableBeanFactory.resolveDependency(DefaultListableBeanFactory.java:1224) ~[spring-beans-5.2.7.RELEASE.jar:5.2.7.RELEASE]
	at org.springframework.beans.factory.support.AbstractAutowireCapableBeanFactory.autowireByType(AbstractAutowireCapableBeanFactory.java:1511) ~[spring-beans-5.2.7.RELEASE.jar:5.2.7.RELEASE]
	at org.springframework.beans.factory.support.AbstractAutowireCapableBeanFactory.populateBean(AbstractAutowireCapableBeanFactory.java:1406) ~[spring-beans-5.2.7.RELEASE.jar:5.2.7.RELEASE]
	at org.springframework.beans.factory.support.AbstractAutowireCapableBeanFactory.doCreateBean(AbstractAutowireCapableBeanFactory.java:594) ~[spring-beans-5.2.7.RELEASE.jar:5.2.7.RELEASE]
	at org.springframework.beans.factory.support.AbstractAutowireCapableBeanFactory.createBean(AbstractAutowireCapableBeanFactory.java:517) ~[spring-beans-5.2.7.RELEASE.jar:5.2.7.RELEASE]
	at org.springframework.beans.factory.support.AbstractBeanFactory.lambda$doGetBean$0(AbstractBeanFactory.java:323) ~[spring-beans-5.2.7.RELEASE.jar:5.2.7.RELEASE]
	at org.springframework.beans.factory.support.DefaultSingletonBeanRegistry.getSingleton(DefaultSingletonBeanRegistry.java:226) ~[spring-beans-5.2.7.RELEASE.jar:5.2.7.RELEASE]
	at org.springframework.beans.factory.support.AbstractBeanFactory.doGetBean(AbstractBeanFactory.java:321) ~[spring-beans-5.2.7.RELEASE.jar:5.2.7.RELEASE]
	at org.springframework.beans.factory.support.AbstractBeanFactory.getBean(AbstractBeanFactory.java:202) ~[spring-beans-5.2.7.RELEASE.jar:5.2.7.RELEASE]
	at org.springframework.beans.factory.config.DependencyDescriptor.resolveCandidate(DependencyDescriptor.java:276) ~[spring-beans-5.2.7.RELEASE.jar:5.2.7.RELEASE]
	at org.springframework.beans.factory.support.DefaultListableBeanFactory.doResolveDependency(DefaultListableBeanFactory.java:1304) ~[spring-beans-5.2.7.RELEASE.jar:5.2.7.RELEASE]
	at org.springframework.beans.factory.support.DefaultListableBeanFactory.resolveDependency(DefaultListableBeanFactory.java:1224) ~[spring-beans-5.2.7.RELEASE.jar:5.2.7.RELEASE]
	at org.springframework.beans.factory.annotation.AutowiredAnnotationBeanPostProcessor$AutowiredFieldElement.inject(AutowiredAnnotationBeanPostProcessor.java:640) ~[spring-beans-5.2.7.RELEASE.jar:5.2.7.RELEASE]
	at org.springframework.beans.factory.annotation.InjectionMetadata.inject(InjectionMetadata.java:130) ~[spring-beans-5.2.7.RELEASE.jar:5.2.7.RELEASE]
	at org.springframework.beans.factory.annotation.AutowiredAnnotationBeanPostProcessor.postProcessProperties(AutowiredAnnotationBeanPostProcessor.java:399) ~[spring-beans-5.2.7.RELEASE.jar:5.2.7.RELEASE]
	at org.springframework.beans.factory.support.AbstractAutowireCapableBeanFactory.populateBean(AbstractAutowireCapableBeanFactory.java:1422) ~[spring-beans-5.2.7.RELEASE.jar:5.2.7.RELEASE]
	at org.springframework.beans.factory.support.AbstractAutowireCapableBeanFactory.doCreateBean(AbstractAutowireCapableBeanFactory.java:594) ~[spring-beans-5.2.7.RELEASE.jar:5.2.7.RELEASE]
	at org.springframework.beans.factory.support.AbstractAutowireCapableBeanFactory.createBean(AbstractAutowireCapableBeanFactory.java:517) ~[spring-beans-5.2.7.RELEASE.jar:5.2.7.RELEASE]
	at org.springframework.beans.factory.support.AbstractBeanFactory.lambda$doGetBean$0(AbstractBeanFactory.java:323) ~[spring-beans-5.2.7.RELEASE.jar:5.2.7.RELEASE]
	at org.springframework.beans.factory.support.DefaultSingletonBeanRegistry.getSingleton(DefaultSingletonBeanRegistry.java:226) ~[spring-beans-5.2.7.RELEASE.jar:5.2.7.RELEASE]
	at org.springframework.beans.factory.support.AbstractBeanFactory.doGetBean(AbstractBeanFactory.java:321) ~[spring-beans-5.2.7.RELEASE.jar:5.2.7.RELEASE]
	at org.springframework.beans.factory.support.AbstractBeanFactory.getBean(AbstractBeanFactory.java:202) ~[spring-beans-5.2.7.RELEASE.jar:5.2.7.RELEASE]
	at org.springframework.beans.factory.config.DependencyDescriptor.resolveCandidate(DependencyDescriptor.java:276) ~[spring-beans-5.2.7.RELEASE.jar:5.2.7.RELEASE]
	at org.springframework.beans.factory.support.DefaultListableBeanFactory.doResolveDependency(DefaultListableBeanFactory.java:1304) ~[spring-beans-5.2.7.RELEASE.jar:5.2.7.RELEASE]
	at org.springframework.beans.factory.support.DefaultListableBeanFactory.resolveDependency(DefaultListableBeanFactory.java:1224) ~[spring-beans-5.2.7.RELEASE.jar:5.2.7.RELEASE]
	at org.springframework.beans.factory.annotation.AutowiredAnnotationBeanPostProcessor$AutowiredFieldElement.inject(AutowiredAnnotationBeanPostProcessor.java:640) ~[spring-beans-5.2.7.RELEASE.jar:5.2.7.RELEASE]
	... 65 more
Caused by: java.lang.ClassNotFoundException: Cannot find class: cn.jackbin.SimpleRecord.dto.BudgetExecutionDTO
	at org.apache.ibatis.io.ClassLoaderWrapper.classForName(ClassLoaderWrapper.java:200) ~[mybatis-3.5.4.jar:3.5.4]
	at org.apache.ibatis.io.ClassLoaderWrapper.classForName(ClassLoaderWrapper.java:89) ~[mybatis-3.5.4.jar:3.5.4]
	at org.apache.ibatis.io.Resources.classForName(Resources.java:261) ~[mybatis-3.5.4.jar:3.5.4]
	at org.apache.ibatis.type.TypeAliasRegistry.resolveAlias(TypeAliasRegistry.java:116) ~[mybatis-3.5.4.jar:3.5.4]
	at org.apache.ibatis.builder.BaseBuilder.resolveAlias(BaseBuilder.java:149) ~[mybatis-3.5.4.jar:3.5.4]
	at org.apache.ibatis.builder.BaseBuilder.resolveClass(BaseBuilder.java:116) ~[mybatis-3.5.4.jar:3.5.4]
	at org.apache.ibatis.builder.xml.XMLStatementBuilder.parseStatementNode(XMLStatementBuilder.java:102) ~[mybatis-3.5.4.jar:3.5.4]
	at org.apache.ibatis.builder.xml.XMLMapperBuilder.buildStatementFromContext(XMLMapperBuilder.java:137) ~[mybatis-3.5.4.jar:3.5.4]
	at org.apache.ibatis.builder.xml.XMLMapperBuilder.buildStatementFromContext(XMLMapperBuilder.java:130) ~[mybatis-3.5.4.jar:3.5.4]
	at org.apache.ibatis.builder.xml.XMLMapperBuilder.configurationElement(XMLMapperBuilder.java:120) ~[mybatis-3.5.4.jar:3.5.4]
	at org.apache.ibatis.builder.xml.XMLMapperBuilder.parse(XMLMapperBuilder.java:94) ~[mybatis-3.5.4.jar:3.5.4]
	at com.baomidou.mybatisplus.extension.spring.MybatisSqlSessionFactoryBean.buildSqlSessionFactory(MybatisSqlSessionFactoryBean.java:591) ~[mybatis-plus-extension-3.3.2.jar:3.3.2]
	at com.baomidou.mybatisplus.extension.spring.MybatisSqlSessionFactoryBean.afterPropertiesSet(MybatisSqlSessionFactoryBean.java:429) ~[mybatis-plus-extension-3.3.2.jar:3.3.2]
	at com.baomidou.mybatisplus.extension.spring.MybatisSqlSessionFactoryBean.getObject(MybatisSqlSessionFactoryBean.java:626) ~[mybatis-plus-extension-3.3.2.jar:3.3.2]
	at com.baomidou.mybatisplus.autoconfigure.MybatisPlusAutoConfiguration.sqlSessionFactory(MybatisPlusAutoConfiguration.java:215) ~[mybatis-plus-boot-starter-3.3.2.jar:3.3.2]
	at com.baomidou.mybatisplus.autoconfigure.MybatisPlusAutoConfiguration$$EnhancerBySpringCGLIB$$f1427f39.CGLIB$sqlSessionFactory$1(<generated>) ~[mybatis-plus-boot-starter-3.3.2.jar:3.3.2]
	at com.baomidou.mybatisplus.autoconfigure.MybatisPlusAutoConfiguration$$EnhancerBySpringCGLIB$$f1427f39$$FastClassBySpringCGLIB$$38ba60c2.invoke(<generated>) ~[mybatis-plus-boot-starter-3.3.2.jar:3.3.2]
	at org.springframework.cglib.proxy.MethodProxy.invokeSuper(MethodProxy.java:244) ~[spring-core-5.2.7.RELEASE.jar:5.2.7.RELEASE]
	at org.springframework.context.annotation.ConfigurationClassEnhancer$BeanMethodInterceptor.intercept(ConfigurationClassEnhancer.java:331) ~[spring-context-5.2.7.RELEASE.jar:5.2.7.RELEASE]
	at com.baomidou.mybatisplus.autoconfigure.MybatisPlusAutoConfiguration$$EnhancerBySpringCGLIB$$f1427f39.sqlSessionFactory(<generated>) ~[mybatis-plus-boot-starter-3.3.2.jar:3.3.2]
	at jdk.internal.reflect.NativeMethodAccessorImpl.invoke0(Native Method) ~[?:?]
	at jdk.internal.reflect.NativeMethodAccessorImpl.invoke(NativeMethodAccessorImpl.java:77) ~[?:?]
	at jdk.internal.reflect.DelegatingMethodAccessorImpl.invoke(DelegatingMethodAccessorImpl.java:43) ~[?:?]
	at java.lang.reflect.Method.invoke(Method.java:569) ~[?:?]
	at org.springframework.beans.factory.support.SimpleInstantiationStrategy.instantiate(SimpleInstantiationStrategy.java:154) ~[spring-beans-5.2.7.RELEASE.jar:5.2.7.RELEASE]
	at org.springframework.beans.factory.support.ConstructorResolver.instantiate(ConstructorResolver.java:650) ~[spring-beans-5.2.7.RELEASE.jar:5.2.7.RELEASE]
	at org.springframework.beans.factory.support.ConstructorResolver.instantiateUsingFactoryMethod(ConstructorResolver.java:635) ~[spring-beans-5.2.7.RELEASE.jar:5.2.7.RELEASE]
	at org.springframework.beans.factory.support.AbstractAutowireCapableBeanFactory.instantiateUsingFactoryMethod(AbstractAutowireCapableBeanFactory.java:1338) ~[spring-beans-5.2.7.RELEASE.jar:5.2.7.RELEASE]
	at org.springframework.beans.factory.support.AbstractAutowireCapableBeanFactory.createBeanInstance(AbstractAutowireCapableBeanFactory.java:1177) ~[spring-beans-5.2.7.RELEASE.jar:5.2.7.RELEASE]
	at org.springframework.beans.factory.support.AbstractAutowireCapableBeanFactory.doCreateBean(AbstractAutowireCapableBeanFactory.java:557) ~[spring-beans-5.2.7.RELEASE.jar:5.2.7.RELEASE]
	at org.springframework.beans.factory.support.AbstractAutowireCapableBeanFactory.createBean(AbstractAutowireCapableBeanFactory.java:517) ~[spring-beans-5.2.7.RELEASE.jar:5.2.7.RELEASE]
	at org.springframework.beans.factory.support.AbstractBeanFactory.lambda$doGetBean$0(AbstractBeanFactory.java:323) ~[spring-beans-5.2.7.RELEASE.jar:5.2.7.RELEASE]
	at org.springframework.beans.factory.support.DefaultSingletonBeanRegistry.getSingleton(DefaultSingletonBeanRegistry.java:226) ~[spring-beans-5.2.7.RELEASE.jar:5.2.7.RELEASE]
	at org.springframework.beans.factory.support.AbstractBeanFactory.doGetBean(AbstractBeanFactory.java:321) ~[spring-beans-5.2.7.RELEASE.jar:5.2.7.RELEASE]
	at org.springframework.beans.factory.support.AbstractBeanFactory.getBean(AbstractBeanFactory.java:202) ~[spring-beans-5.2.7.RELEASE.jar:5.2.7.RELEASE]
	at org.springframework.beans.factory.config.DependencyDescriptor.resolveCandidate(DependencyDescriptor.java:276) ~[spring-beans-5.2.7.RELEASE.jar:5.2.7.RELEASE]
	at org.springframework.beans.factory.support.DefaultListableBeanFactory.doResolveDependency(DefaultListableBeanFactory.java:1304) ~[spring-beans-5.2.7.RELEASE.jar:5.2.7.RELEASE]
	at org.springframework.beans.factory.support.DefaultListableBeanFactory.resolveDependency(DefaultListableBeanFactory.java:1224) ~[spring-beans-5.2.7.RELEASE.jar:5.2.7.RELEASE]
	at org.springframework.beans.factory.support.AbstractAutowireCapableBeanFactory.autowireByType(AbstractAutowireCapableBeanFactory.java:1511) ~[spring-beans-5.2.7.RELEASE.jar:5.2.7.RELEASE]
	at org.springframework.beans.factory.support.AbstractAutowireCapableBeanFactory.populateBean(AbstractAutowireCapableBeanFactory.java:1406) ~[spring-beans-5.2.7.RELEASE.jar:5.2.7.RELEASE]
	at org.springframework.beans.factory.support.AbstractAutowireCapableBeanFactory.doCreateBean(AbstractAutowireCapableBeanFactory.java:594) ~[spring-beans-5.2.7.RELEASE.jar:5.2.7.RELEASE]
	at org.springframework.beans.factory.support.AbstractAutowireCapableBeanFactory.createBean(AbstractAutowireCapableBeanFactory.java:517) ~[spring-beans-5.2.7.RELEASE.jar:5.2.7.RELEASE]
	at org.springframework.beans.factory.support.AbstractBeanFactory.lambda$doGetBean$0(AbstractBeanFactory.java:323) ~[spring-beans-5.2.7.RELEASE.jar:5.2.7.RELEASE]
	at org.springframework.beans.factory.support.DefaultSingletonBeanRegistry.getSingleton(DefaultSingletonBeanRegistry.java:226) ~[spring-beans-5.2.7.RELEASE.jar:5.2.7.RELEASE]
	at org.springframework.beans.factory.support.AbstractBeanFactory.doGetBean(AbstractBeanFactory.java:321) ~[spring-beans-5.2.7.RELEASE.jar:5.2.7.RELEASE]
	at org.springframework.beans.factory.support.AbstractBeanFactory.getBean(AbstractBeanFactory.java:202) ~[spring-beans-5.2.7.RELEASE.jar:5.2.7.RELEASE]
	at org.springframework.beans.factory.config.DependencyDescriptor.resolveCandidate(DependencyDescriptor.java:276) ~[spring-beans-5.2.7.RELEASE.jar:5.2.7.RELEASE]
	at org.springframework.beans.factory.support.DefaultListableBeanFactory.doResolveDependency(DefaultListableBeanFactory.java:1304) ~[spring-beans-5.2.7.RELEASE.jar:5.2.7.RELEASE]
	at org.springframework.beans.factory.support.DefaultListableBeanFactory.resolveDependency(DefaultListableBeanFactory.java:1224) ~[spring-beans-5.2.7.RELEASE.jar:5.2.7.RELEASE]
	at org.springframework.beans.factory.annotation.AutowiredAnnotationBeanPostProcessor$AutowiredFieldElement.inject(AutowiredAnnotationBeanPostProcessor.java:640) ~[spring-beans-5.2.7.RELEASE.jar:5.2.7.RELEASE]
	at org.springframework.beans.factory.annotation.InjectionMetadata.inject(InjectionMetadata.java:130) ~[spring-beans-5.2.7.RELEASE.jar:5.2.7.RELEASE]
	at org.springframework.beans.factory.annotation.AutowiredAnnotationBeanPostProcessor.postProcessProperties(AutowiredAnnotationBeanPostProcessor.java:399) ~[spring-beans-5.2.7.RELEASE.jar:5.2.7.RELEASE]
	at org.springframework.beans.factory.support.AbstractAutowireCapableBeanFactory.populateBean(AbstractAutowireCapableBeanFactory.java:1422) ~[spring-beans-5.2.7.RELEASE.jar:5.2.7.RELEASE]
	at org.springframework.beans.factory.support.AbstractAutowireCapableBeanFactory.doCreateBean(AbstractAutowireCapableBeanFactory.java:594) ~[spring-beans-5.2.7.RELEASE.jar:5.2.7.RELEASE]
	at org.springframework.beans.factory.support.AbstractAutowireCapableBeanFactory.createBean(AbstractAutowireCapableBeanFactory.java:517) ~[spring-beans-5.2.7.RELEASE.jar:5.2.7.RELEASE]
	at org.springframework.beans.factory.support.AbstractBeanFactory.lambda$doGetBean$0(AbstractBeanFactory.java:323) ~[spring-beans-5.2.7.RELEASE.jar:5.2.7.RELEASE]
	at org.springframework.beans.factory.support.DefaultSingletonBeanRegistry.getSingleton(DefaultSingletonBeanRegistry.java:226) ~[spring-beans-5.2.7.RELEASE.jar:5.2.7.RELEASE]
	at org.springframework.beans.factory.support.AbstractBeanFactory.doGetBean(AbstractBeanFactory.java:321) ~[spring-beans-5.2.7.RELEASE.jar:5.2.7.RELEASE]
	at org.springframework.beans.factory.support.AbstractBeanFactory.getBean(AbstractBeanFactory.java:202) ~[spring-beans-5.2.7.RELEASE.jar:5.2.7.RELEASE]
	at org.springframework.beans.factory.config.DependencyDescriptor.resolveCandidate(DependencyDescriptor.java:276) ~[spring-beans-5.2.7.RELEASE.jar:5.2.7.RELEASE]
	at org.springframework.beans.factory.support.DefaultListableBeanFactory.doResolveDependency(DefaultListableBeanFactory.java:1304) ~[spring-beans-5.2.7.RELEASE.jar:5.2.7.RELEASE]
	at org.springframework.beans.factory.support.DefaultListableBeanFactory.resolveDependency(DefaultListableBeanFactory.java:1224) ~[spring-beans-5.2.7.RELEASE.jar:5.2.7.RELEASE]
	at org.springframework.beans.factory.annotation.AutowiredAnnotationBeanPostProcessor$AutowiredFieldElement.inject(AutowiredAnnotationBeanPostProcessor.java:640) ~[spring-beans-5.2.7.RELEASE.jar:5.2.7.RELEASE]
	... 65 more
[2026-06-11 21:39:49:153] [ERROR] - org.springframework.test.context.TestContextManager.prepareTestInstance(TestContextManager.java:248) - Caught exception while allowing TestExecutionListener [org.springframework.test.context.web.ServletTestExecutionListener@2e6ee0bc] to prepare test instance [cn.jackbin.SimpleRecord.mapper.PermissionMapperTest@6a3cb81c]
java.lang.IllegalStateException: Failed to load ApplicationContext
	at org.springframework.test.context.cache.DefaultCacheAwareContextLoaderDelegate.loadContext(DefaultCacheAwareContextLoaderDelegate.java:132) ~[spring-test-5.2.7.RELEASE.jar:5.2.7.RELEASE]
	at org.springframework.test.context.support.DefaultTestContext.getApplicationContext(DefaultTestContext.java:123) ~[spring-test-5.2.7.RELEASE.jar:5.2.7.RELEASE]
	at org.springframework.test.context.web.ServletTestExecutionListener.setUpRequestContextIfNecessary(ServletTestExecutionListener.java:190) ~[spring-test-5.2.7.RELEASE.jar:5.2.7.RELEASE]
	at org.springframework.test.context.web.ServletTestExecutionListener.prepareTestInstance(ServletTestExecutionListener.java:132) ~[spring-test-5.2.7.RELEASE.jar:5.2.7.RELEASE]
	at org.springframework.test.context.TestContextManager.prepareTestInstance(TestContextManager.java:244) ~[spring-test-5.2.7.RELEASE.jar:5.2.7.RELEASE]
	at org.springframework.test.context.junit4.SpringJUnit4ClassRunner.createTest(SpringJUnit4ClassRunner.java:227) ~[spring-test-5.2.7.RELEASE.jar:5.2.7.RELEASE]
	at org.springframework.test.context.junit4.SpringJUnit4ClassRunner$1.runReflectiveCall(SpringJUnit4ClassRunner.java:289) ~[spring-test-5.2.7.RELEASE.jar:5.2.7.RELEASE]
	at org.junit.internal.runners.model.ReflectiveCallable.run(ReflectiveCallable.java:12) ~[junit-4.13.jar:4.13]
	at org.springframework.test.context.junit4.SpringJUnit4ClassRunner.methodBlock(SpringJUnit4ClassRunner.java:291) ~[spring-test-5.2.7.RELEASE.jar:5.2.7.RELEASE]
	at org.springframework.test.context.junit4.SpringJUnit4ClassRunner.runChild(SpringJUnit4ClassRunner.java:246) ~[spring-test-5.2.7.RELEASE.jar:5.2.7.RELEASE]
	at org.springframework.test.context.junit4.SpringJUnit4ClassRunner.runChild(SpringJUnit4ClassRunner.java:97) ~[spring-test-5.2.7.RELEASE.jar:5.2.7.RELEASE]
	at org.junit.runners.ParentRunner$4.run(ParentRunner.java:331) ~[junit-4.13.jar:4.13]
	at org.junit.runners.ParentRunner$1.schedule(ParentRunner.java:79) ~[junit-4.13.jar:4.13]
	at org.junit.runners.ParentRunner.runChildren(ParentRunner.java:329) ~[junit-4.13.jar:4.13]
	at org.junit.runners.ParentRunner.access$100(ParentRunner.java:66) ~[junit-4.13.jar:4.13]
	at org.junit.runners.ParentRunner$2.evaluate(ParentRunner.java:293) ~[junit-4.13.jar:4.13]
	at org.springframework.test.context.junit4.statements.RunBeforeTestClassCallbacks.evaluate(RunBeforeTestClassCallbacks.java:61) ~[spring-test-5.2.7.RELEASE.jar:5.2.7.RELEASE]
	at org.springframework.test.context.junit4.statements.RunAfterTestClassCallbacks.evaluate(RunAfterTestClassCallbacks.java:70) ~[spring-test-5.2.7.RELEASE.jar:5.2.7.RELEASE]
	at org.junit.runners.ParentRunner$3.evaluate(ParentRunner.java:306) ~[junit-4.13.jar:4.13]
	at org.junit.runners.ParentRunner.run(ParentRunner.java:413) ~[junit-4.13.jar:4.13]
	at org.springframework.test.context.junit4.SpringJUnit4ClassRunner.run(SpringJUnit4ClassRunner.java:190) ~[spring-test-5.2.7.RELEASE.jar:5.2.7.RELEASE]
	at org.junit.runner.JUnitCore.run(JUnitCore.java:137) ~[junit-4.13.jar:4.13]
	at org.junit.runner.JUnitCore.run(JUnitCore.java:115) ~[junit-4.13.jar:4.13]
	at org.junit.vintage.engine.execution.RunnerExecutor.execute(RunnerExecutor.java:43) ~[junit-vintage-engine-5.6.2.jar:5.6.2]
	at java.util.stream.ForEachOps$ForEachOp$OfRef.accept(ForEachOps.java:183) ~[?:?]
	at java.util.stream.ReferencePipeline$3$1.accept(ReferencePipeline.java:197) ~[?:?]
	at java.util.Iterator.forEachRemaining(Iterator.java:133) ~[?:?]
	at java.util.Spliterators$IteratorSpliterator.forEachRemaining(Spliterators.java:1845) ~[?:?]
	at java.util.stream.AbstractPipeline.copyInto(AbstractPipeline.java:509) ~[?:?]
	at java.util.stream.AbstractPipeline.wrapAndCopyInto(AbstractPipeline.java:499) ~[?:?]
	at java.util.stream.ForEachOps$ForEachOp.evaluateSequential(ForEachOps.java:150) ~[?:?]
	at java.util.stream.ForEachOps$ForEachOp$OfRef.evaluateSequential(ForEachOps.java:173) ~[?:?]
	at java.util.stream.AbstractPipeline.evaluate(AbstractPipeline.java:234) ~[?:?]
	at java.util.stream.ReferencePipeline.forEach(ReferencePipeline.java:596) ~[?:?]
	at org.junit.vintage.engine.VintageTestEngine.executeAllChildren(VintageTestEngine.java:82) ~[junit-vintage-engine-5.6.2.jar:5.6.2]
	at org.junit.vintage.engine.VintageTestEngine.execute(VintageTestEngine.java:73) ~[junit-vintage-engine-5.6.2.jar:5.6.2]
	at org.junit.platform.launcher.core.DefaultLauncher.execute(DefaultLauncher.java:220) ~[junit-platform-launcher-1.3.1.jar:1.3.1]
	at org.junit.platform.launcher.core.DefaultLauncher.lambda$execute$6(DefaultLauncher.java:188) ~[junit-platform-launcher-1.3.1.jar:1.3.1]
	at org.junit.platform.launcher.core.DefaultLauncher.withInterceptedStreams(DefaultLauncher.java:202) [junit-platform-launcher-1.3.1.jar:1.3.1]
	at org.junit.platform.launcher.core.DefaultLauncher.execute(DefaultLauncher.java:181) [junit-platform-launcher-1.3.1.jar:1.3.1]
	at org.junit.platform.launcher.core.DefaultLauncher.execute(DefaultLauncher.java:128) [junit-platform-launcher-1.3.1.jar:1.3.1]
	at org.apache.maven.surefire.junitplatform.JUnitPlatformProvider.invokeAllTests(JUnitPlatformProvider.java:150) [surefire-junit-platform-2.22.2.jar:2.22.2]
	at org.apache.maven.surefire.junitplatform.JUnitPlatformProvider.invoke(JUnitPlatformProvider.java:124) [surefire-junit-platform-2.22.2.jar:2.22.2]
	at org.apache.maven.surefire.booter.ForkedBooter.invokeProviderInSameClassLoader(ForkedBooter.java:384) [surefire-booter-2.22.2.jar:2.22.2]
	at org.apache.maven.surefire.booter.ForkedBooter.runSuitesInProcess(ForkedBooter.java:345) [surefire-booter-2.22.2.jar:2.22.2]
	at org.apache.maven.surefire.booter.ForkedBooter.execute(ForkedBooter.java:126) [surefire-booter-2.22.2.jar:2.22.2]
	at org.apache.maven.surefire.booter.ForkedBooter.main(ForkedBooter.java:418) [surefire-booter-2.22.2.jar:2.22.2]
Caused by: org.springframework.beans.factory.UnsatisfiedDependencyException: Error creating bean with name 'sharedBookPermissionChecker': Unsatisfied dependency expressed through field 'sharedBookService'; nested exception is org.springframework.beans.factory.UnsatisfiedDependencyException: Error creating bean with name 'sharedBookServiceImpl': Unsatisfied dependency expressed through field 'baseMapper'; nested exception is org.springframework.beans.factory.UnsatisfiedDependencyException: Error creating bean with name 'sharedBookMemberMapper' defined in file [C:\Users\13292\Desktop\claudel1\reposNew\task30\target\classes\cn\jackbin\SimpleRecord\mapper\SharedBookMemberMapper.class]: Unsatisfied dependency expressed through bean property 'sqlSessionFactory'; nested exception is org.springframework.beans.factory.BeanCreationException: Error creating bean with name 'sqlSessionFactory' defined in class path resource [com/baomidou/mybatisplus/autoconfigure/MybatisPlusAutoConfiguration.class]: Bean instantiation via factory method failed; nested exception is org.springframework.beans.BeanInstantiationException: Failed to instantiate [org.apache.ibatis.session.SqlSessionFactory]: Factory method 'sqlSessionFactory' threw exception; nested exception is org.springframework.core.NestedIOException: Failed to parse mapping resource: 'file [C:\Users\13292\Desktop\claudel1\reposNew\task30\target\classes\mapper\BudgetMapper.xml]'; nested exception is org.apache.ibatis.builder.BuilderException: Error parsing Mapper XML. The XML location is 'file [C:\Users\13292\Desktop\claudel1\reposNew\task30\target\classes\mapper\BudgetMapper.xml]'. Cause: org.apache.ibatis.builder.BuilderException: Error resolving class. Cause: org.apache.ibatis.type.TypeException: Could not resolve type alias 'cn.jackbin.SimpleRecord.dto.BudgetExecutionDTO'.  Cause: java.lang.ClassNotFoundException: Cannot find class: cn.jackbin.SimpleRecord.dto.BudgetExecutionDTO
	at org.springframework.beans.factory.annotation.AutowiredAnnotationBeanPostProcessor$AutowiredFieldElement.inject(AutowiredAnnotationBeanPostProcessor.java:643) ~[spring-beans-5.2.7.RELEASE.jar:5.2.7.RELEASE]
	at org.springframework.beans.factory.annotation.InjectionMetadata.inject(InjectionMetadata.java:130) ~[spring-beans-5.2.7.RELEASE.jar:5.2.7.RELEASE]
	at org.springframework.beans.factory.annotation.AutowiredAnnotationBeanPostProcessor.postProcessProperties(AutowiredAnnotationBeanPostProcessor.java:399) ~[spring-beans-5.2.7.RELEASE.jar:5.2.7.RELEASE]
	at org.springframework.beans.factory.support.AbstractAutowireCapableBeanFactory.populateBean(AbstractAutowireCapableBeanFactory.java:1422) ~[spring-beans-5.2.7.RELEASE.jar:5.2.7.RELEASE]
	at org.springframework.beans.factory.support.AbstractAutowireCapableBeanFactory.doCreateBean(AbstractAutowireCapableBeanFactory.java:594) ~[spring-beans-5.2.7.RELEASE.jar:5.2.7.RELEASE]
	at org.springframework.beans.factory.support.AbstractAutowireCapableBeanFactory.createBean(AbstractAutowireCapableBeanFactory.java:517) ~[spring-beans-5.2.7.RELEASE.jar:5.2.7.RELEASE]
	at org.springframework.beans.factory.support.AbstractBeanFactory.lambda$doGetBean$0(AbstractBeanFactory.java:323) ~[spring-beans-5.2.7.RELEASE.jar:5.2.7.RELEASE]
	at org.springframework.beans.factory.support.DefaultSingletonBeanRegistry.getSingleton(DefaultSingletonBeanRegistry.java:226) ~[spring-beans-5.2.7.RELEASE.jar:5.2.7.RELEASE]
	at org.springframework.beans.factory.support.AbstractBeanFactory.doGetBean(AbstractBeanFactory.java:321) ~[spring-beans-5.2.7.RELEASE.jar:5.2.7.RELEASE]
	at org.springframework.beans.factory.support.AbstractBeanFactory.getBean(AbstractBeanFactory.java:202) ~[spring-beans-5.2.7.RELEASE.jar:5.2.7.RELEASE]
	at org.springframework.beans.factory.support.DefaultListableBeanFactory.preInstantiateSingletons(DefaultListableBeanFactory.java:893) ~[spring-beans-5.2.7.RELEASE.jar:5.2.7.RELEASE]
	at org.springframework.context.support.AbstractApplicationContext.finishBeanFactoryInitialization(AbstractApplicationContext.java:879) ~[spring-context-5.2.7.RELEASE.jar:5.2.7.RELEASE]
	at org.springframework.context.support.AbstractApplicationContext.refresh(AbstractApplicationContext.java:551) ~[spring-context-5.2.7.RELEASE.jar:5.2.7.RELEASE]
	at org.springframework.boot.SpringApplication.refresh(SpringApplication.java:758) ~[spring-boot-2.3.1.RELEASE.jar:2.3.1.RELEASE]
	at org.springframework.boot.SpringApplication.refresh(SpringApplication.java:750) ~[spring-boot-2.3.1.RELEASE.jar:2.3.1.RELEASE]
	at org.springframework.boot.SpringApplication.refreshContext(SpringApplication.java:397) ~[spring-boot-2.3.1.RELEASE.jar:2.3.1.RELEASE]
	at org.springframework.boot.SpringApplication.run(SpringApplication.java:315) ~[spring-boot-2.3.1.RELEASE.jar:2.3.1.RELEASE]
	at org.springframework.boot.test.context.SpringBootContextLoader.loadContext(SpringBootContextLoader.java:120) ~[spring-boot-test-2.3.1.RELEASE.jar:2.3.1.RELEASE]
	at org.springframework.test.context.cache.DefaultCacheAwareContextLoaderDelegate.loadContextInternal(DefaultCacheAwareContextLoaderDelegate.java:99) ~[spring-test-5.2.7.RELEASE.jar:5.2.7.RELEASE]
	at org.springframework.test.context.cache.DefaultCacheAwareContextLoaderDelegate.loadContext(DefaultCacheAwareContextLoaderDelegate.java:124) ~[spring-test-5.2.7.RELEASE.jar:5.2.7.RELEASE]
	... 46 more
Caused by: org.springframework.beans.factory.UnsatisfiedDependencyException: Error creating bean with name 'sharedBookServiceImpl': Unsatisfied dependency expressed through field 'baseMapper'; nested exception is org.springframework.beans.factory.UnsatisfiedDependencyException: Error creating bean with name 'sharedBookMemberMapper' defined in file [C:\Users\13292\Desktop\claudel1\reposNew\task30\target\classes\cn\jackbin\SimpleRecord\mapper\SharedBookMemberMapper.class]: Unsatisfied dependency expressed through bean property 'sqlSessionFactory'; nested exception is org.springframework.beans.factory.BeanCreationException: Error creating bean with name 'sqlSessionFactory' defined in class path resource [com/baomidou/mybatisplus/autoconfigure/MybatisPlusAutoConfiguration.class]: Bean instantiation via factory method failed; nested exception is org.springframework.beans.BeanInstantiationException: Failed to instantiate [org.apache.ibatis.session.SqlSessionFactory]: Factory method 'sqlSessionFactory' threw exception; nested exception is org.springframework.core.NestedIOException: Failed to parse mapping resource: 'file [C:\Users\13292\Desktop\claudel1\reposNew\task30\target\classes\mapper\BudgetMapper.xml]'; nested exception is org.apache.ibatis.builder.BuilderException: Error parsing Mapper XML. The XML location is 'file [C:\Users\13292\Desktop\claudel1\reposNew\task30\target\classes\mapper\BudgetMapper.xml]'. Cause: org.apache.ibatis.builder.BuilderException: Error resolving class. Cause: org.apache.ibatis.type.TypeException: Could not resolve type alias 'cn.jackbin.SimpleRecord.dto.BudgetExecutionDTO'.  Cause: java.lang.ClassNotFoundException: Cannot find class: cn.jackbin.SimpleRecord.dto.BudgetExecutionDTO
	at org.springframework.beans.factory.annotation.AutowiredAnnotationBeanPostProcessor$AutowiredFieldElement.inject(AutowiredAnnotationBeanPostProcessor.java:643) ~[spring-beans-5.2.7.RELEASE.jar:5.2.7.RELEASE]
	at org.springframework.beans.factory.annotation.InjectionMetadata.inject(InjectionMetadata.java:130) ~[spring-beans-5.2.7.RELEASE.jar:5.2.7.RELEASE]
	at org.springframework.beans.factory.annotation.AutowiredAnnotationBeanPostProcessor.postProcessProperties(AutowiredAnnotationBeanPostProcessor.java:399) ~[spring-beans-5.2.7.RELEASE.jar:5.2.7.RELEASE]
	at org.springframework.beans.factory.support.AbstractAutowireCapableBeanFactory.populateBean(AbstractAutowireCapableBeanFactory.java:1422) ~[spring-beans-5.2.7.RELEASE.jar:5.2.7.RELEASE]
	at org.springframework.beans.factory.support.AbstractAutowireCapableBeanFactory.doCreateBean(AbstractAutowireCapableBeanFactory.java:594) ~[spring-beans-5.2.7.RELEASE.jar:5.2.7.RELEASE]
	at org.springframework.beans.factory.support.AbstractAutowireCapableBeanFactory.createBean(AbstractAutowireCapableBeanFactory.java:517) ~[spring-beans-5.2.7.RELEASE.jar:5.2.7.RELEASE]
	at org.springframework.beans.factory.support.AbstractBeanFactory.lambda$doGetBean$0(AbstractBeanFactory.java:323) ~[spring-beans-5.2.7.RELEASE.jar:5.2.7.RELEASE]
	at org.springframework.beans.factory.support.DefaultSingletonBeanRegistry.getSingleton(DefaultSingletonBeanRegistry.java:226) ~[spring-beans-5.2.7.RELEASE.jar:5.2.7.RELEASE]
	at org.springframework.beans.factory.support.AbstractBeanFactory.doGetBean(AbstractBeanFactory.java:321) ~[spring-beans-5.2.7.RELEASE.jar:5.2.7.RELEASE]
	at org.springframework.beans.factory.support.AbstractBeanFactory.getBean(AbstractBeanFactory.java:202) ~[spring-beans-5.2.7.RELEASE.jar:5.2.7.RELEASE]
	at org.springframework.beans.factory.config.DependencyDescriptor.resolveCandidate(DependencyDescriptor.java:276) ~[spring-beans-5.2.7.RELEASE.jar:5.2.7.RELEASE]
	at org.springframework.beans.factory.support.DefaultListableBeanFactory.doResolveDependency(DefaultListableBeanFactory.java:1304) ~[spring-beans-5.2.7.RELEASE.jar:5.2.7.RELEASE]
	at org.springframework.beans.factory.support.DefaultListableBeanFactory.resolveDependency(DefaultListableBeanFactory.java:1224) ~[spring-beans-5.2.7.RELEASE.jar:5.2.7.RELEASE]
	at org.springframework.beans.factory.annotation.AutowiredAnnotationBeanPostProcessor$AutowiredFieldElement.inject(AutowiredAnnotationBeanPostProcessor.java:640) ~[spring-beans-5.2.7.RELEASE.jar:5.2.7.RELEASE]
	at org.springframework.beans.factory.annotation.InjectionMetadata.inject(InjectionMetadata.java:130) ~[spring-beans-5.2.7.RELEASE.jar:5.2.7.RELEASE]
	at org.springframework.beans.factory.annotation.AutowiredAnnotationBeanPostProcessor.postProcessProperties(AutowiredAnnotationBeanPostProcessor.java:399) ~[spring-beans-5.2.7.RELEASE.jar:5.2.7.RELEASE]
	at org.springframework.beans.factory.support.AbstractAutowireCapableBeanFactory.populateBean(AbstractAutowireCapableBeanFactory.java:1422) ~[spring-beans-5.2.7.RELEASE.jar:5.2.7.RELEASE]
	at org.springframework.beans.factory.support.AbstractAutowireCapableBeanFactory.doCreateBean(AbstractAutowireCapableBeanFactory.java:594) ~[spring-beans-5.2.7.RELEASE.jar:5.2.7.RELEASE]
	at org.springframework.beans.factory.support.AbstractAutowireCapableBeanFactory.createBean(AbstractAutowireCapableBeanFactory.java:517) ~[spring-beans-5.2.7.RELEASE.jar:5.2.7.RELEASE]
	at org.springframework.beans.factory.support.AbstractBeanFactory.lambda$doGetBean$0(AbstractBeanFactory.java:323) ~[spring-beans-5.2.7.RELEASE.jar:5.2.7.RELEASE]
	at org.springframework.beans.factory.support.DefaultSingletonBeanRegistry.getSingleton(DefaultSingletonBeanRegistry.java:226) ~[spring-beans-5.2.7.RELEASE.jar:5.2.7.RELEASE]
	at org.springframework.beans.factory.support.AbstractBeanFactory.doGetBean(AbstractBeanFactory.java:321) ~[spring-beans-5.2.7.RELEASE.jar:5.2.7.RELEASE]
	at org.springframework.beans.factory.support.AbstractBeanFactory.getBean(AbstractBeanFactory.java:202) ~[spring-beans-5.2.7.RELEASE.jar:5.2.7.RELEASE]
	at org.springframework.beans.factory.support.DefaultListableBeanFactory.preInstantiateSingletons(DefaultListableBeanFactory.java:893) ~[spring-beans-5.2.7.RELEASE.jar:5.2.7.RELEASE]
	at org.springframework.context.support.AbstractApplicationContext.finishBeanFactoryInitialization(AbstractApplicationContext.java:879) ~[spring-context-5.2.7.RELEASE.jar:5.2.7.RELEASE]
	at org.springframework.context.support.AbstractApplicationContext.refresh(AbstractApplicationContext.java:551) ~[spring-context-5.2.7.RELEASE.jar:5.2.7.RELEASE]
	at org.springframework.boot.SpringApplication.refresh(SpringApplication.java:758) ~[spring-boot-2.3.1.RELEASE.jar:2.3.1.RELEASE]
	at org.springframework.boot.SpringApplication.refresh(SpringApplication.java:750) ~[spring-boot-2.3.1.RELEASE.jar:2.3.1.RELEASE]
	at org.springframework.boot.SpringApplication.refreshContext(SpringApplication.java:397) ~[spring-boot-2.3.1.RELEASE.jar:2.3.1.RELEASE]
	at org.springframework.boot.SpringApplication.run(SpringApplication.java:315) ~[spring-boot-2.3.1.RELEASE.jar:2.3.1.RELEASE]
	at org.springframework.boot.test.context.SpringBootContextLoader.loadContext(SpringBootContextLoader.java:120) ~[spring-boot-test-2.3.1.RELEASE.jar:2.3.1.RELEASE]
	at org.springframework.test.context.cache.DefaultCacheAwareContextLoaderDelegate.loadContextInternal(DefaultCacheAwareContextLoaderDelegate.java:99) ~[spring-test-5.2.7.RELEASE.jar:5.2.7.RELEASE]
	at org.springframework.test.context.cache.DefaultCacheAwareContextLoaderDelegate.loadContext(DefaultCacheAwareContextLoaderDelegate.java:124) ~[spring-test-5.2.7.RELEASE.jar:5.2.7.RELEASE]
	... 46 more
Caused by: org.springframework.beans.factory.UnsatisfiedDependencyException: Error creating bean with name 'sharedBookMemberMapper' defined in file [C:\Users\13292\Desktop\claudel1\reposNew\task30\target\classes\cn\jackbin\SimpleRecord\mapper\SharedBookMemberMapper.class]: Unsatisfied dependency expressed through bean property 'sqlSessionFactory'; nested exception is org.springframework.beans.factory.BeanCreationException: Error creating bean with name 'sqlSessionFactory' defined in class path resource [com/baomidou/mybatisplus/autoconfigure/MybatisPlusAutoConfiguration.class]: Bean instantiation via factory method failed; nested exception is org.springframework.beans.BeanInstantiationException: Failed to instantiate [org.apache.ibatis.session.SqlSessionFactory]: Factory method 'sqlSessionFactory' threw exception; nested exception is org.springframework.core.NestedIOException: Failed to parse mapping resource: 'file [C:\Users\13292\Desktop\claudel1\reposNew\task30\target\classes\mapper\BudgetMapper.xml]'; nested exception is org.apache.ibatis.builder.BuilderException: Error parsing Mapper XML. The XML location is 'file [C:\Users\13292\Desktop\claudel1\reposNew\task30\target\classes\mapper\BudgetMapper.xml]'. Cause: org.apache.ibatis.builder.BuilderException: Error resolving class. Cause: org.apache.ibatis.type.TypeException: Could not resolve type alias 'cn.jackbin.SimpleRecord.dto.BudgetExecutionDTO'.  Cause: java.lang.ClassNotFoundException: Cannot find class: cn.jackbin.SimpleRecord.dto.BudgetExecutionDTO
	at org.springframework.beans.factory.support.AbstractAutowireCapableBeanFactory.autowireByType(AbstractAutowireCapableBeanFactory.java:1526) ~[spring-beans-5.2.7.RELEASE.jar:5.2.7.RELEASE]
	at org.springframework.beans.factory.support.AbstractAutowireCapableBeanFactory.populateBean(AbstractAutowireCapableBeanFactory.java:1406) ~[spring-beans-5.2.7.RELEASE.jar:5.2.7.RELEASE]
	at org.springframework.beans.factory.support.AbstractAutowireCapableBeanFactory.doCreateBean(AbstractAutowireCapableBeanFactory.java:594) ~[spring-beans-5.2.7.RELEASE.jar:5.2.7.RELEASE]
	at org.springframework.beans.factory.support.AbstractAutowireCapableBeanFactory.createBean(AbstractAutowireCapableBeanFactory.java:517) ~[spring-beans-5.2.7.RELEASE.jar:5.2.7.RELEASE]
	at org.springframework.beans.factory.support.AbstractBeanFactory.lambda$doGetBean$0(AbstractBeanFactory.java:323) ~[spring-beans-5.2.7.RELEASE.jar:5.2.7.RELEASE]
	at org.springframework.beans.factory.support.DefaultSingletonBeanRegistry.getSingleton(DefaultSingletonBeanRegistry.java:226) ~[spring-beans-5.2.7.RELEASE.jar:5.2.7.RELEASE]
	at org.springframework.beans.factory.support.AbstractBeanFactory.doGetBean(AbstractBeanFactory.java:321) ~[spring-beans-5.2.7.RELEASE.jar:5.2.7.RELEASE]
	at org.springframework.beans.factory.support.AbstractBeanFactory.getBean(AbstractBeanFactory.java:202) ~[spring-beans-5.2.7.RELEASE.jar:5.2.7.RELEASE]
	at org.springframework.beans.factory.config.DependencyDescriptor.resolveCandidate(DependencyDescriptor.java:276) ~[spring-beans-5.2.7.RELEASE.jar:5.2.7.RELEASE]
	at org.springframework.beans.factory.support.DefaultListableBeanFactory.doResolveDependency(DefaultListableBeanFactory.java:1304) ~[spring-beans-5.2.7.RELEASE.jar:5.2.7.RELEASE]
	at org.springframework.beans.factory.support.DefaultListableBeanFactory.resolveDependency(DefaultListableBeanFactory.java:1224) ~[spring-beans-5.2.7.RELEASE.jar:5.2.7.RELEASE]
	at org.springframework.beans.factory.annotation.AutowiredAnnotationBeanPostProcessor$AutowiredFieldElement.inject(AutowiredAnnotationBeanPostProcessor.java:640) ~[spring-beans-5.2.7.RELEASE.jar:5.2.7.RELEASE]
	at org.springframework.beans.factory.annotation.InjectionMetadata.inject(InjectionMetadata.java:130) ~[spring-beans-5.2.7.RELEASE.jar:5.2.7.RELEASE]
	at org.springframework.beans.factory.annotation.AutowiredAnnotationBeanPostProcessor.postProcessProperties(AutowiredAnnotationBeanPostProcessor.java:399) ~[spring-beans-5.2.7.RELEASE.jar:5.2.7.RELEASE]
	at org.springframework.beans.factory.support.AbstractAutowireCapableBeanFactory.populateBean(AbstractAutowireCapableBeanFactory.java:1422) ~[spring-beans-5.2.7.RELEASE.jar:5.2.7.RELEASE]
	at org.springframework.beans.factory.support.AbstractAutowireCapableBeanFactory.doCreateBean(AbstractAutowireCapableBeanFactory.java:594) ~[spring-beans-5.2.7.RELEASE.jar:5.2.7.RELEASE]
	at org.springframework.beans.factory.support.AbstractAutowireCapableBeanFactory.createBean(AbstractAutowireCapableBeanFactory.java:517) ~[spring-beans-5.2.7.RELEASE.jar:5.2.7.RELEASE]
	at org.springframework.beans.factory.support.AbstractBeanFactory.lambda$doGetBean$0(AbstractBeanFactory.java:323) ~[spring-beans-5.2.7.RELEASE.jar:5.2.7.RELEASE]
	at org.springframework.beans.factory.support.DefaultSingletonBeanRegistry.getSingleton(DefaultSingletonBeanRegistry.java:226) ~[spring-beans-5.2.7.RELEASE.jar:5.2.7.RELEASE]
	at org.springframework.beans.factory.support.AbstractBeanFactory.doGetBean(AbstractBeanFactory.java:321) ~[spring-beans-5.2.7.RELEASE.jar:5.2.7.RELEASE]
	at org.springframework.beans.factory.support.AbstractBeanFactory.getBean(AbstractBeanFactory.java:202) ~[spring-beans-5.2.7.RELEASE.jar:5.2.7.RELEASE]
	at org.springframework.beans.factory.config.DependencyDescriptor.resolveCandidate(DependencyDescriptor.java:276) ~[spring-beans-5.2.7.RELEASE.jar:5.2.7.RELEASE]
	at org.springframework.beans.factory.support.DefaultListableBeanFactory.doResolveDependency(DefaultListableBeanFactory.java:1304) ~[spring-beans-5.2.7.RELEASE.jar:5.2.7.RELEASE]
	at org.springframework.beans.factory.support.DefaultListableBeanFactory.resolveDependency(DefaultListableBeanFactory.java:1224) ~[spring-beans-5.2.7.RELEASE.jar:5.2.7.RELEASE]
	at org.springframework.beans.factory.annotation.AutowiredAnnotationBeanPostProcessor$AutowiredFieldElement.inject(AutowiredAnnotationBeanPostProcessor.java:640) ~[spring-beans-5.2.7.RELEASE.jar:5.2.7.RELEASE]
	at org.springframework.beans.factory.annotation.InjectionMetadata.inject(InjectionMetadata.java:130) ~[spring-beans-5.2.7.RELEASE.jar:5.2.7.RELEASE]
	at org.springframework.beans.factory.annotation.AutowiredAnnotationBeanPostProcessor.postProcessProperties(AutowiredAnnotationBeanPostProcessor.java:399) ~[spring-beans-5.2.7.RELEASE.jar:5.2.7.RELEASE]
	at org.springframework.beans.factory.support.AbstractAutowireCapableBeanFactory.populateBean(AbstractAutowireCapableBeanFactory.java:1422) ~[spring-beans-5.2.7.RELEASE.jar:5.2.7.RELEASE]
	at org.springframework.beans.factory.support.AbstractAutowireCapableBeanFactory.doCreateBean(AbstractAutowireCapableBeanFactory.java:594) ~[spring-beans-5.2.7.RELEASE.jar:5.2.7.RELEASE]
	at org.springframework.beans.factory.support.AbstractAutowireCapableBeanFactory.createBean(AbstractAutowireCapableBeanFactory.java:517) ~[spring-beans-5.2.7.RELEASE.jar:5.2.7.RELEASE]
	at org.springframework.beans.factory.support.AbstractBeanFactory.lambda$doGetBean$0(AbstractBeanFactory.java:323) ~[spring-beans-5.2.7.RELEASE.jar:5.2.7.RELEASE]
	at org.springframework.beans.factory.support.DefaultSingletonBeanRegistry.getSingleton(DefaultSingletonBeanRegistry.java:226) ~[spring-beans-5.2.7.RELEASE.jar:5.2.7.RELEASE]
	at org.springframework.beans.factory.support.AbstractBeanFactory.doGetBean(AbstractBeanFactory.java:321) ~[spring-beans-5.2.7.RELEASE.jar:5.2.7.RELEASE]
	at org.springframework.beans.factory.support.AbstractBeanFactory.getBean(AbstractBeanFactory.java:202) ~[spring-beans-5.2.7.RELEASE.jar:5.2.7.RELEASE]
	at org.springframework.beans.factory.support.DefaultListableBeanFactory.preInstantiateSingletons(DefaultListableBeanFactory.java:893) ~[spring-beans-5.2.7.RELEASE.jar:5.2.7.RELEASE]
	at org.springframework.context.support.AbstractApplicationContext.finishBeanFactoryInitialization(AbstractApplicationContext.java:879) ~[spring-context-5.2.7.RELEASE.jar:5.2.7.RELEASE]
	at org.springframework.context.support.AbstractApplicationContext.refresh(AbstractApplicationContext.java:551) ~[spring-context-5.2.7.RELEASE.jar:5.2.7.RELEASE]
	at org.springframework.boot.SpringApplication.refresh(SpringApplication.java:758) ~[spring-boot-2.3.1.RELEASE.jar:2.3.1.RELEASE]
	at org.springframework.boot.SpringApplication.refresh(SpringApplication.java:750) ~[spring-boot-2.3.1.RELEASE.jar:2.3.1.RELEASE]
	at org.springframework.boot.SpringApplication.refreshContext(SpringApplication.java:397) ~[spring-boot-2.3.1.RELEASE.jar:2.3.1.RELEASE]
	at org.springframework.boot.SpringApplication.run(SpringApplication.java:315) ~[spring-boot-2.3.1.RELEASE.jar:2.3.1.RELEASE]
	at org.springframework.boot.test.context.SpringBootContextLoader.loadContext(SpringBootContextLoader.java:120) ~[spring-boot-test-2.3.1.RELEASE.jar:2.3.1.RELEASE]
	at org.springframework.test.context.cache.DefaultCacheAwareContextLoaderDelegate.loadContextInternal(DefaultCacheAwareContextLoaderDelegate.java:99) ~[spring-test-5.2.7.RELEASE.jar:5.2.7.RELEASE]
	at org.springframework.test.context.cache.DefaultCacheAwareContextLoaderDelegate.loadContext(DefaultCacheAwareContextLoaderDelegate.java:124) ~[spring-test-5.2.7.RELEASE.jar:5.2.7.RELEASE]
	... 46 more
Caused by: org.springframework.beans.factory.BeanCreationException: Error creating bean with name 'sqlSessionFactory' defined in class path resource [com/baomidou/mybatisplus/autoconfigure/MybatisPlusAutoConfiguration.class]: Bean instantiation via factory method failed; nested exception is org.springframework.beans.BeanInstantiationException: Failed to instantiate [org.apache.ibatis.session.SqlSessionFactory]: Factory method 'sqlSessionFactory' threw exception; nested exception is org.springframework.core.NestedIOException: Failed to parse mapping resource: 'file [C:\Users\13292\Desktop\claudel1\reposNew\task30\target\classes\mapper\BudgetMapper.xml]'; nested exception is org.apache.ibatis.builder.BuilderException: Error parsing Mapper XML. The XML location is 'file [C:\Users\13292\Desktop\claudel1\reposNew\task30\target\classes\mapper\BudgetMapper.xml]'. Cause: org.apache.ibatis.builder.BuilderException: Error resolving class. Cause: org.apache.ibatis.type.TypeException: Could not resolve type alias 'cn.jackbin.SimpleRecord.dto.BudgetExecutionDTO'.  Cause: java.lang.ClassNotFoundException: Cannot find class: cn.jackbin.SimpleRecord.dto.BudgetExecutionDTO
	at org.springframework.beans.factory.support.ConstructorResolver.instantiate(ConstructorResolver.java:655) ~[spring-beans-5.2.7.RELEASE.jar:5.2.7.RELEASE]
	at org.springframework.beans.factory.support.ConstructorResolver.instantiateUsingFactoryMethod(ConstructorResolver.java:635) ~[spring-beans-5.2.7.RELEASE.jar:5.2.7.RELEASE]
	at org.springframework.beans.factory.support.AbstractAutowireCapableBeanFactory.instantiateUsingFactoryMethod(AbstractAutowireCapableBeanFactory.java:1338) ~[spring-beans-5.2.7.RELEASE.jar:5.2.7.RELEASE]
	at org.springframework.beans.factory.support.AbstractAutowireCapableBeanFactory.createBeanInstance(AbstractAutowireCapableBeanFactory.java:1177) ~[spring-beans-5.2.7.RELEASE.jar:5.2.7.RELEASE]
	at org.springframework.beans.factory.support.AbstractAutowireCapableBeanFactory.doCreateBean(AbstractAutowireCapableBeanFactory.java:557) ~[spring-beans-5.2.7.RELEASE.jar:5.2.7.RELEASE]
	at org.springframework.beans.factory.support.AbstractAutowireCapableBeanFactory.createBean(AbstractAutowireCapableBeanFactory.java:517) ~[spring-beans-5.2.7.RELEASE.jar:5.2.7.RELEASE]
	at org.springframework.beans.factory.support.AbstractBeanFactory.lambda$doGetBean$0(AbstractBeanFactory.java:323) ~[spring-beans-5.2.7.RELEASE.jar:5.2.7.RELEASE]
	at org.springframework.beans.factory.support.DefaultSingletonBeanRegistry.getSingleton(DefaultSingletonBeanRegistry.java:226) ~[spring-beans-5.2.7.RELEASE.jar:5.2.7.RELEASE]
	at org.springframework.beans.factory.support.AbstractBeanFactory.doGetBean(AbstractBeanFactory.java:321) ~[spring-beans-5.2.7.RELEASE.jar:5.2.7.RELEASE]
	at org.springframework.beans.factory.support.AbstractBeanFactory.getBean(AbstractBeanFactory.java:202) ~[spring-beans-5.2.7.RELEASE.jar:5.2.7.RELEASE]
	at org.springframework.beans.factory.config.DependencyDescriptor.resolveCandidate(DependencyDescriptor.java:276) ~[spring-beans-5.2.7.RELEASE.jar:5.2.7.RELEASE]
	at org.springframework.beans.factory.support.DefaultListableBeanFactory.doResolveDependency(DefaultListableBeanFactory.java:1304) ~[spring-beans-5.2.7.RELEASE.jar:5.2.7.RELEASE]
	at org.springframework.beans.factory.support.DefaultListableBeanFactory.resolveDependency(DefaultListableBeanFactory.java:1224) ~[spring-beans-5.2.7.RELEASE.jar:5.2.7.RELEASE]
	at org.springframework.beans.factory.support.AbstractAutowireCapableBeanFactory.autowireByType(AbstractAutowireCapableBeanFactory.java:1511) ~[spring-beans-5.2.7.RELEASE.jar:5.2.7.RELEASE]
	at org.springframework.beans.factory.support.AbstractAutowireCapableBeanFactory.populateBean(AbstractAutowireCapableBeanFactory.java:1406) ~[spring-beans-5.2.7.RELEASE.jar:5.2.7.RELEASE]
	at org.springframework.beans.factory.support.AbstractAutowireCapableBeanFactory.doCreateBean(AbstractAutowireCapableBeanFactory.java:594) ~[spring-beans-5.2.7.RELEASE.jar:5.2.7.RELEASE]
	at org.springframework.beans.factory.support.AbstractAutowireCapableBeanFactory.createBean(AbstractAutowireCapableBeanFactory.java:517) ~[spring-beans-5.2.7.RELEASE.jar:5.2.7.RELEASE]
	at org.springframework.beans.factory.support.AbstractBeanFactory.lambda$doGetBean$0(AbstractBeanFactory.java:323) ~[spring-beans-5.2.7.RELEASE.jar:5.2.7.RELEASE]
	at org.springframework.beans.factory.support.DefaultSingletonBeanRegistry.getSingleton(DefaultSingletonBeanRegistry.java:226) ~[spring-beans-5.2.7.RELEASE.jar:5.2.7.RELEASE]
	at org.springframework.beans.factory.support.AbstractBeanFactory.doGetBean(AbstractBeanFactory.java:321) ~[spring-beans-5.2.7.RELEASE.jar:5.2.7.RELEASE]
	at org.springframework.beans.factory.support.AbstractBeanFactory.getBean(AbstractBeanFactory.java:202) ~[spring-beans-5.2.7.RELEASE.jar:5.2.7.RELEASE]
	at org.springframework.beans.factory.config.DependencyDescriptor.resolveCandidate(DependencyDescriptor.java:276) ~[spring-beans-5.2.7.RELEASE.jar:5.2.7.RELEASE]
	at org.springframework.beans.factory.support.DefaultListableBeanFactory.doResolveDependency(DefaultListableBeanFactory.java:1304) ~[spring-beans-5.2.7.RELEASE.jar:5.2.7.RELEASE]
	at org.springframework.beans.factory.support.DefaultListableBeanFactory.resolveDependency(DefaultListableBeanFactory.java:1224) ~[spring-beans-5.2.7.RELEASE.jar:5.2.7.RELEASE]
	at org.springframework.beans.factory.annotation.AutowiredAnnotationBeanPostProcessor$AutowiredFieldElement.inject(AutowiredAnnotationBeanPostProcessor.java:640) ~[spring-beans-5.2.7.RELEASE.jar:5.2.7.RELEASE]
	at org.springframework.beans.factory.annotation.InjectionMetadata.inject(InjectionMetadata.java:130) ~[spring-beans-5.2.7.RELEASE.jar:5.2.7.RELEASE]
	at org.springframework.beans.factory.annotation.AutowiredAnnotationBeanPostProcessor.postProcessProperties(AutowiredAnnotationBeanPostProcessor.java:399) ~[spring-beans-5.2.7.RELEASE.jar:5.2.7.RELEASE]
	at org.springframework.beans.factory.support.AbstractAutowireCapableBeanFactory.populateBean(AbstractAutowireCapableBeanFactory.java:1422) ~[spring-beans-5.2.7.RELEASE.jar:5.2.7.RELEASE]
	at org.springframework.beans.factory.support.AbstractAutowireCapableBeanFactory.doCreateBean(AbstractAutowireCapableBeanFactory.java:594) ~[spring-beans-5.2.7.RELEASE.jar:5.2.7.RELEASE]
	at org.springframework.beans.factory.support.AbstractAutowireCapableBeanFactory.createBean(AbstractAutowireCapableBeanFactory.java:517) ~[spring-beans-5.2.7.RELEASE.jar:5.2.7.RELEASE]
	at org.springframework.beans.factory.support.AbstractBeanFactory.lambda$doGetBean$0(AbstractBeanFactory.java:323) ~[spring-beans-5.2.7.RELEASE.jar:5.2.7.RELEASE]
	at org.springframework.beans.factory.support.DefaultSingletonBeanRegistry.getSingleton(DefaultSingletonBeanRegistry.java:226) ~[spring-beans-5.2.7.RELEASE.jar:5.2.7.RELEASE]
	at org.springframework.beans.factory.support.AbstractBeanFactory.doGetBean(AbstractBeanFactory.java:321) ~[spring-beans-5.2.7.RELEASE.jar:5.2.7.RELEASE]
	at org.springframework.beans.factory.support.AbstractBeanFactory.getBean(AbstractBeanFactory.java:202) ~[spring-beans-5.2.7.RELEASE.jar:5.2.7.RELEASE]
	at org.springframework.beans.factory.config.DependencyDescriptor.resolveCandidate(DependencyDescriptor.java:276) ~[spring-beans-5.2.7.RELEASE.jar:5.2.7.RELEASE]
	at org.springframework.beans.factory.support.DefaultListableBeanFactory.doResolveDependency(DefaultListableBeanFactory.java:1304) ~[spring-beans-5.2.7.RELEASE.jar:5.2.7.RELEASE]
	at org.springframework.beans.factory.support.DefaultListableBeanFactory.resolveDependency(DefaultListableBeanFactory.java:1224) ~[spring-beans-5.2.7.RELEASE.jar:5.2.7.RELEASE]
	at org.springframework.beans.factory.annotation.AutowiredAnnotationBeanPostProcessor$AutowiredFieldElement.inject(AutowiredAnnotationBeanPostProcessor.java:640) ~[spring-beans-5.2.7.RELEASE.jar:5.2.7.RELEASE]
	at org.springframework.beans.factory.annotation.InjectionMetadata.inject(InjectionMetadata.java:130) ~[spring-beans-5.2.7.RELEASE.jar:5.2.7.RELEASE]
	at org.springframework.beans.factory.annotation.AutowiredAnnotationBeanPostProcessor.postProcessProperties(AutowiredAnnotationBeanPostProcessor.java:399) ~[spring-beans-5.2.7.RELEASE.jar:5.2.7.RELEASE]
	at org.springframework.beans.factory.support.AbstractAutowireCapableBeanFactory.populateBean(AbstractAutowireCapableBeanFactory.java:1422) ~[spring-beans-5.2.7.RELEASE.jar:5.2.7.RELEASE]
	at org.springframework.beans.factory.support.AbstractAutowireCapableBeanFactory.doCreateBean(AbstractAutowireCapableBeanFactory.java:594) ~[spring-beans-5.2.7.RELEASE.jar:5.2.7.RELEASE]
	at org.springframework.beans.factory.support.AbstractAutowireCapableBeanFactory.createBean(AbstractAutowireCapableBeanFactory.java:517) ~[spring-beans-5.2.7.RELEASE.jar:5.2.7.RELEASE]
	at org.springframework.beans.factory.support.AbstractBeanFactory.lambda$doGetBean$0(AbstractBeanFactory.java:323) ~[spring-beans-5.2.7.RELEASE.jar:5.2.7.RELEASE]
	at org.springframework.beans.factory.support.DefaultSingletonBeanRegistry.getSingleton(DefaultSingletonBeanRegistry.java:226) ~[spring-beans-5.2.7.RELEASE.jar:5.2.7.RELEASE]
	at org.springframework.beans.factory.support.AbstractBeanFactory.doGetBean(AbstractBeanFactory.java:321) ~[spring-beans-5.2.7.RELEASE.jar:5.2.7.RELEASE]
	at org.springframework.beans.factory.support.AbstractBeanFactory.getBean(AbstractBeanFactory.java:202) ~[spring-beans-5.2.7.RELEASE.jar:5.2.7.RELEASE]
	at org.springframework.beans.factory.support.DefaultListableBeanFactory.preInstantiateSingletons(DefaultListableBeanFactory.java:893) ~[spring-beans-5.2.7.RELEASE.jar:5.2.7.RELEASE]
	at org.springframework.context.support.AbstractApplicationContext.finishBeanFactoryInitialization(AbstractApplicationContext.java:879) ~[spring-context-5.2.7.RELEASE.jar:5.2.7.RELEASE]
	at org.springframework.context.support.AbstractApplicationContext.refresh(AbstractApplicationContext.java:551) ~[spring-context-5.2.7.RELEASE.jar:5.2.7.RELEASE]
	at org.springframework.boot.SpringApplication.refresh(SpringApplication.java:758) ~[spring-boot-2.3.1.RELEASE.jar:2.3.1.RELEASE]
	at org.springframework.boot.SpringApplication.refresh(SpringApplication.java:750) ~[spring-boot-2.3.1.RELEASE.jar:2.3.1.RELEASE]
	at org.springframework.boot.SpringApplication.refreshContext(SpringApplication.java:397) ~[spring-boot-2.3.1.RELEASE.jar:2.3.1.RELEASE]
	at org.springframework.boot.SpringApplication.run(SpringApplication.java:315) ~[spring-boot-2.3.1.RELEASE.jar:2.3.1.RELEASE]
	at org.springframework.boot.test.context.SpringBootContextLoader.loadContext(SpringBootContextLoader.java:120) ~[spring-boot-test-2.3.1.RELEASE.jar:2.3.1.RELEASE]
	at org.springframework.test.context.cache.DefaultCacheAwareContextLoaderDelegate.loadContextInternal(DefaultCacheAwareContextLoaderDelegate.java:99) ~[spring-test-5.2.7.RELEASE.jar:5.2.7.RELEASE]
	at org.springframework.test.context.cache.DefaultCacheAwareContextLoaderDelegate.loadContext(DefaultCacheAwareContextLoaderDelegate.java:124) ~[spring-test-5.2.7.RELEASE.jar:5.2.7.RELEASE]
	... 46 more
Caused by: org.springframework.beans.BeanInstantiationException: Failed to instantiate [org.apache.ibatis.session.SqlSessionFactory]: Factory method 'sqlSessionFactory' threw exception; nested exception is org.springframework.core.NestedIOException: Failed to parse mapping resource: 'file [C:\Users\13292\Desktop\claudel1\reposNew\task30\target\classes\mapper\BudgetMapper.xml]'; nested exception is org.apache.ibatis.builder.BuilderException: Error parsing Mapper XML. The XML location is 'file [C:\Users\13292\Desktop\claudel1\reposNew\task30\target\classes\mapper\BudgetMapper.xml]'. Cause: org.apache.ibatis.builder.BuilderException: Error resolving class. Cause: org.apache.ibatis.type.TypeException: Could not resolve type alias 'cn.jackbin.SimpleRecord.dto.BudgetExecutionDTO'.  Cause: java.lang.ClassNotFoundException: Cannot find class: cn.jackbin.SimpleRecord.dto.BudgetExecutionDTO
	at org.springframework.beans.factory.support.SimpleInstantiationStrategy.instantiate(SimpleInstantiationStrategy.java:185) ~[spring-beans-5.2.7.RELEASE.jar:5.2.7.RELEASE]
	at org.springframework.beans.factory.support.ConstructorResolver.instantiate(ConstructorResolver.java:650) ~[spring-beans-5.2.7.RELEASE.jar:5.2.7.RELEASE]
	at org.springframework.beans.factory.support.ConstructorResolver.instantiateUsingFactoryMethod(ConstructorResolver.java:635) ~[spring-beans-5.2.7.RELEASE.jar:5.2.7.RELEASE]
	at org.springframework.beans.factory.support.AbstractAutowireCapableBeanFactory.instantiateUsingFactoryMethod(AbstractAutowireCapableBeanFactory.java:1338) ~[spring-beans-5.2.7.RELEASE.jar:5.2.7.RELEASE]
	at org.springframework.beans.factory.support.AbstractAutowireCapableBeanFactory.createBeanInstance(AbstractAutowireCapableBeanFactory.java:1177) ~[spring-beans-5.2.7.RELEASE.jar:5.2.7.RELEASE]
	at org.springframework.beans.factory.support.AbstractAutowireCapableBeanFactory.doCreateBean(AbstractAutowireCapableBeanFactory.java:557) ~[spring-beans-5.2.7.RELEASE.jar:5.2.7.RELEASE]
	at org.springframework.beans.factory.support.AbstractAutowireCapableBeanFactory.createBean(AbstractAutowireCapableBeanFactory.java:517) ~[spring-beans-5.2.7.RELEASE.jar:5.2.7.RELEASE]
	at org.springframework.beans.factory.support.AbstractBeanFactory.lambda$doGetBean$0(AbstractBeanFactory.java:323) ~[spring-beans-5.2.7.RELEASE.jar:5.2.7.RELEASE]
	at org.springframework.beans.factory.support.DefaultSingletonBeanRegistry.getSingleton(DefaultSingletonBeanRegistry.java:226) ~[spring-beans-5.2.7.RELEASE.jar:5.2.7.RELEASE]
	at org.springframework.beans.factory.support.AbstractBeanFactory.doGetBean(AbstractBeanFactory.java:321) ~[spring-beans-5.2.7.RELEASE.jar:5.2.7.RELEASE]
	at org.springframework.beans.factory.support.AbstractBeanFactory.getBean(AbstractBeanFactory.java:202) ~[spring-beans-5.2.7.RELEASE.jar:5.2.7.RELEASE]
	at org.springframework.beans.factory.config.DependencyDescriptor.resolveCandidate(DependencyDescriptor.java:276) ~[spring-beans-5.2.7.RELEASE.jar:5.2.7.RELEASE]
	at org.springframework.beans.factory.support.DefaultListableBeanFactory.doResolveDependency(DefaultListableBeanFactory.java:1304) ~[spring-beans-5.2.7.RELEASE.jar:5.2.7.RELEASE]
	at org.springframework.beans.factory.support.DefaultListableBeanFactory.resolveDependency(DefaultListableBeanFactory.java:1224) ~[spring-beans-5.2.7.RELEASE.jar:5.2.7.RELEASE]
	at org.springframework.beans.factory.support.AbstractAutowireCapableBeanFactory.autowireByType(AbstractAutowireCapableBeanFactory.java:1511) ~[spring-beans-5.2.7.RELEASE.jar:5.2.7.RELEASE]
	at org.springframework.beans.factory.support.AbstractAutowireCapableBeanFactory.populateBean(AbstractAutowireCapableBeanFactory.java:1406) ~[spring-beans-5.2.7.RELEASE.jar:5.2.7.RELEASE]
	at org.springframework.beans.factory.support.AbstractAutowireCapableBeanFactory.doCreateBean(AbstractAutowireCapableBeanFactory.java:594) ~[spring-beans-5.2.7.RELEASE.jar:5.2.7.RELEASE]
	at org.springframework.beans.factory.support.AbstractAutowireCapableBeanFactory.createBean(AbstractAutowireCapableBeanFactory.java:517) ~[spring-beans-5.2.7.RELEASE.jar:5.2.7.RELEASE]
	at org.springframework.beans.factory.support.AbstractBeanFactory.lambda$doGetBean$0(AbstractBeanFactory.java:323) ~[spring-beans-5.2.7.RELEASE.jar:5.2.7.RELEASE]
	at org.springframework.beans.factory.support.DefaultSingletonBeanRegistry.getSingleton(DefaultSingletonBeanRegistry.java:226) ~[spring-beans-5.2.7.RELEASE.jar:5.2.7.RELEASE]
	at org.springframework.beans.factory.support.AbstractBeanFactory.doGetBean(AbstractBeanFactory.java:321) ~[spring-beans-5.2.7.RELEASE.jar:5.2.7.RELEASE]
	at org.springframework.beans.factory.support.AbstractBeanFactory.getBean(AbstractBeanFactory.java:202) ~[spring-beans-5.2.7.RELEASE.jar:5.2.7.RELEASE]
	at org.springframework.beans.factory.config.DependencyDescriptor.resolveCandidate(DependencyDescriptor.java:276) ~[spring-beans-5.2.7.RELEASE.jar:5.2.7.RELEASE]
	at org.springframework.beans.factory.support.DefaultListableBeanFactory.doResolveDependency(DefaultListableBeanFactory.java:1304) ~[spring-beans-5.2.7.RELEASE.jar:5.2.7.RELEASE]
	at org.springframework.beans.factory.support.DefaultListableBeanFactory.resolveDependency(DefaultListableBeanFactory.java:1224) ~[spring-beans-5.2.7.RELEASE.jar:5.2.7.RELEASE]
	at org.springframework.beans.factory.annotation.AutowiredAnnotationBeanPostProcessor$AutowiredFieldElement.inject(AutowiredAnnotationBeanPostProcessor.java:640) ~[spring-beans-5.2.7.RELEASE.jar:5.2.7.RELEASE]
	at org.springframework.beans.factory.annotation.InjectionMetadata.inject(InjectionMetadata.java:130) ~[spring-beans-5.2.7.RELEASE.jar:5.2.7.RELEASE]
	at org.springframework.beans.factory.annotation.AutowiredAnnotationBeanPostProcessor.postProcessProperties(AutowiredAnnotationBeanPostProcessor.java:399) ~[spring-beans-5.2.7.RELEASE.jar:5.2.7.RELEASE]
	at org.springframework.beans.factory.support.AbstractAutowireCapableBeanFactory.populateBean(AbstractAutowireCapableBeanFactory.java:1422) ~[spring-beans-5.2.7.RELEASE.jar:5.2.7.RELEASE]
	at org.springframework.beans.factory.support.AbstractAutowireCapableBeanFactory.doCreateBean(AbstractAutowireCapableBeanFactory.java:594) ~[spring-beans-5.2.7.RELEASE.jar:5.2.7.RELEASE]
	at org.springframework.beans.factory.support.AbstractAutowireCapableBeanFactory.createBean(AbstractAutowireCapableBeanFactory.java:517) ~[spring-beans-5.2.7.RELEASE.jar:5.2.7.RELEASE]
	at org.springframework.beans.factory.support.AbstractBeanFactory.lambda$doGetBean$0(AbstractBeanFactory.java:323) ~[spring-beans-5.2.7.RELEASE.jar:5.2.7.RELEASE]
	at org.springframework.beans.factory.support.DefaultSingletonBeanRegistry.getSingleton(DefaultSingletonBeanRegistry.java:226) ~[spring-beans-5.2.7.RELEASE.jar:5.2.7.RELEASE]
	at org.springframework.beans.factory.support.AbstractBeanFactory.doGetBean(AbstractBeanFactory.java:321) ~[spring-beans-5.2.7.RELEASE.jar:5.2.7.RELEASE]
	at org.springframework.beans.factory.support.AbstractBeanFactory.getBean(AbstractBeanFactory.java:202) ~[spring-beans-5.2.7.RELEASE.jar:5.2.7.RELEASE]
	at org.springframework.beans.factory.config.DependencyDescriptor.resolveCandidate(DependencyDescriptor.java:276) ~[spring-beans-5.2.7.RELEASE.jar:5.2.7.RELEASE]
	at org.springframework.beans.factory.support.DefaultListableBeanFactory.doResolveDependency(DefaultListableBeanFactory.java:1304) ~[spring-beans-5.2.7.RELEASE.jar:5.2.7.RELEASE]
	at org.springframework.beans.factory.support.DefaultListableBeanFactory.resolveDependency(DefaultListableBeanFactory.java:1224) ~[spring-beans-5.2.7.RELEASE.jar:5.2.7.RELEASE]
	at org.springframework.beans.factory.annotation.AutowiredAnnotationBeanPostProcessor$AutowiredFieldElement.inject(AutowiredAnnotationBeanPostProcessor.java:640) ~[spring-beans-5.2.7.RELEASE.jar:5.2.7.RELEASE]
	at org.springframework.beans.factory.annotation.InjectionMetadata.inject(InjectionMetadata.java:130) ~[spring-beans-5.2.7.RELEASE.jar:5.2.7.RELEASE]
	at org.springframework.beans.factory.annotation.AutowiredAnnotationBeanPostProcessor.postProcessProperties(AutowiredAnnotationBeanPostProcessor.java:399) ~[spring-beans-5.2.7.RELEASE.jar:5.2.7.RELEASE]
	at org.springframework.beans.factory.support.AbstractAutowireCapableBeanFactory.populateBean(AbstractAutowireCapableBeanFactory.java:1422) ~[spring-beans-5.2.7.RELEASE.jar:5.2.7.RELEASE]
	at org.springframework.beans.factory.support.AbstractAutowireCapableBeanFactory.doCreateBean(AbstractAutowireCapableBeanFactory.java:594) ~[spring-beans-5.2.7.RELEASE.jar:5.2.7.RELEASE]
	at org.springframework.beans.factory.support.AbstractAutowireCapableBeanFactory.createBean(AbstractAutowireCapableBeanFactory.java:517) ~[spring-beans-5.2.7.RELEASE.jar:5.2.7.RELEASE]
	at org.springframework.beans.factory.support.AbstractBeanFactory.lambda$doGetBean$0(AbstractBeanFactory.java:323) ~[spring-beans-5.2.7.RELEASE.jar:5.2.7.RELEASE]
	at org.springframework.beans.factory.support.DefaultSingletonBeanRegistry.getSingleton(DefaultSingletonBeanRegistry.java:226) ~[spring-beans-5.2.7.RELEASE.jar:5.2.7.RELEASE]
	at org.springframework.beans.factory.support.AbstractBeanFactory.doGetBean(AbstractBeanFactory.java:321) ~[spring-beans-5.2.7.RELEASE.jar:5.2.7.RELEASE]
	at org.springframework.beans.factory.support.AbstractBeanFactory.getBean(AbstractBeanFactory.java:202) ~[spring-beans-5.2.7.RELEASE.jar:5.2.7.RELEASE]
	at org.springframework.beans.factory.support.DefaultListableBeanFactory.preInstantiateSingletons(DefaultListableBeanFactory.java:893) ~[spring-beans-5.2.7.RELEASE.jar:5.2.7.RELEASE]
	at org.springframework.context.support.AbstractApplicationContext.finishBeanFactoryInitialization(AbstractApplicationContext.java:879) ~[spring-context-5.2.7.RELEASE.jar:5.2.7.RELEASE]
	at org.springframework.context.support.AbstractApplicationContext.refresh(AbstractApplicationContext.java:551) ~[spring-context-5.2.7.RELEASE.jar:5.2.7.RELEASE]
	at org.springframework.boot.SpringApplication.refresh(SpringApplication.java:758) ~[spring-boot-2.3.1.RELEASE.jar:2.3.1.RELEASE]
	at org.springframework.boot.SpringApplication.refresh(SpringApplication.java:750) ~[spring-boot-2.3.1.RELEASE.jar:2.3.1.RELEASE]
	at org.springframework.boot.SpringApplication.refreshContext(SpringApplication.java:397) ~[spring-boot-2.3.1.RELEASE.jar:2.3.1.RELEASE]
	at org.springframework.boot.SpringApplication.run(SpringApplication.java:315) ~[spring-boot-2.3.1.RELEASE.jar:2.3.1.RELEASE]
	at org.springframework.boot.test.context.SpringBootContextLoader.loadContext(SpringBootContextLoader.java:120) ~[spring-boot-test-2.3.1.RELEASE.jar:2.3.1.RELEASE]
	at org.springframework.test.context.cache.DefaultCacheAwareContextLoaderDelegate.loadContextInternal(DefaultCacheAwareContextLoaderDelegate.java:99) ~[spring-test-5.2.7.RELEASE.jar:5.2.7.RELEASE]
	at org.springframework.test.context.cache.DefaultCacheAwareContextLoaderDelegate.loadContext(DefaultCacheAwareContextLoaderDelegate.java:124) ~[spring-test-5.2.7.RELEASE.jar:5.2.7.RELEASE]
	... 46 more
Caused by: org.springframework.core.NestedIOException: Failed to parse mapping resource: 'file [C:\Users\13292\Desktop\claudel1\reposNew\task30\target\classes\mapper\BudgetMapper.xml]'; nested exception is org.apache.ibatis.builder.BuilderException: Error parsing Mapper XML. The XML location is 'file [C:\Users\13292\Desktop\claudel1\reposNew\task30\target\classes\mapper\BudgetMapper.xml]'. Cause: org.apache.ibatis.builder.BuilderException: Error resolving class. Cause: org.apache.ibatis.type.TypeException: Could not resolve type alias 'cn.jackbin.SimpleRecord.dto.BudgetExecutionDTO'.  Cause: java.lang.ClassNotFoundException: Cannot find class: cn.jackbin.SimpleRecord.dto.BudgetExecutionDTO
	at com.baomidou.mybatisplus.extension.spring.MybatisSqlSessionFactoryBean.buildSqlSessionFactory(MybatisSqlSessionFactoryBean.java:593) ~[mybatis-plus-extension-3.3.2.jar:3.3.2]
	at com.baomidou.mybatisplus.extension.spring.MybatisSqlSessionFactoryBean.afterPropertiesSet(MybatisSqlSessionFactoryBean.java:429) ~[mybatis-plus-extension-3.3.2.jar:3.3.2]
	at com.baomidou.mybatisplus.extension.spring.MybatisSqlSessionFactoryBean.getObject(MybatisSqlSessionFactoryBean.java:626) ~[mybatis-plus-extension-3.3.2.jar:3.3.2]
	at com.baomidou.mybatisplus.autoconfigure.MybatisPlusAutoConfiguration.sqlSessionFactory(MybatisPlusAutoConfiguration.java:215) ~[mybatis-plus-boot-starter-3.3.2.jar:3.3.2]
	at com.baomidou.mybatisplus.autoconfigure.MybatisPlusAutoConfiguration$$EnhancerBySpringCGLIB$$f1427f39.CGLIB$sqlSessionFactory$1(<generated>) ~[mybatis-plus-boot-starter-3.3.2.jar:3.3.2]
	at com.baomidou.mybatisplus.autoconfigure.MybatisPlusAutoConfiguration$$EnhancerBySpringCGLIB$$f1427f39$$FastClassBySpringCGLIB$$38ba60c2.invoke(<generated>) ~[mybatis-plus-boot-starter-3.3.2.jar:3.3.2]
	at org.springframework.cglib.proxy.MethodProxy.invokeSuper(MethodProxy.java:244) ~[spring-core-5.2.7.RELEASE.jar:5.2.7.RELEASE]
	at org.springframework.context.annotation.ConfigurationClassEnhancer$BeanMethodInterceptor.intercept(ConfigurationClassEnhancer.java:331) ~[spring-context-5.2.7.RELEASE.jar:5.2.7.RELEASE]
	at com.baomidou.mybatisplus.autoconfigure.MybatisPlusAutoConfiguration$$EnhancerBySpringCGLIB$$f1427f39.sqlSessionFactory(<generated>) ~[mybatis-plus-boot-starter-3.3.2.jar:3.3.2]
	at jdk.internal.reflect.NativeMethodAccessorImpl.invoke0(Native Method) ~[?:?]
	at jdk.internal.reflect.NativeMethodAccessorImpl.invoke(NativeMethodAccessorImpl.java:77) ~[?:?]
	at jdk.internal.reflect.DelegatingMethodAccessorImpl.invoke(DelegatingMethodAccessorImpl.java:43) ~[?:?]
	at java.lang.reflect.Method.invoke(Method.java:569) ~[?:?]
	at org.springframework.beans.factory.support.SimpleInstantiationStrategy.instantiate(SimpleInstantiationStrategy.java:154) ~[spring-beans-5.2.7.RELEASE.jar:5.2.7.RELEASE]
	at org.springframework.beans.factory.support.ConstructorResolver.instantiate(ConstructorResolver.java:650) ~[spring-beans-5.2.7.RELEASE.jar:5.2.7.RELEASE]
	at org.springframework.beans.factory.support.ConstructorResolver.instantiateUsingFactoryMethod(ConstructorResolver.java:635) ~[spring-beans-5.2.7.RELEASE.jar:5.2.7.RELEASE]
	at org.springframework.beans.factory.support.AbstractAutowireCapableBeanFactory.instantiateUsingFactoryMethod(AbstractAutowireCapableBeanFactory.java:1338) ~[spring-beans-5.2.7.RELEASE.jar:5.2.7.RELEASE]
	at org.springframework.beans.factory.support.AbstractAutowireCapableBeanFactory.createBeanInstance(AbstractAutowireCapableBeanFactory.java:1177) ~[spring-beans-5.2.7.RELEASE.jar:5.2.7.RELEASE]
	at org.springframework.beans.factory.support.AbstractAutowireCapableBeanFactory.doCreateBean(AbstractAutowireCapableBeanFactory.java:557) ~[spring-beans-5.2.7.RELEASE.jar:5.2.7.RELEASE]
	at org.springframework.beans.factory.support.AbstractAutowireCapableBeanFactory.createBean(AbstractAutowireCapableBeanFactory.java:517) ~[spring-beans-5.2.7.RELEASE.jar:5.2.7.RELEASE]
	at org.springframework.beans.factory.support.AbstractBeanFactory.lambda$doGetBean$0(AbstractBeanFactory.java:323) ~[spring-beans-5.2.7.RELEASE.jar:5.2.7.RELEASE]
	at org.springframework.beans.factory.support.DefaultSingletonBeanRegistry.getSingleton(DefaultSingletonBeanRegistry.java:226) ~[spring-beans-5.2.7.RELEASE.jar:5.2.7.RELEASE]
	at org.springframework.beans.factory.support.AbstractBeanFactory.doGetBean(AbstractBeanFactory.java:321) ~[spring-beans-5.2.7.RELEASE.jar:5.2.7.RELEASE]
	at org.springframework.beans.factory.support.AbstractBeanFactory.getBean(AbstractBeanFactory.java:202) ~[spring-beans-5.2.7.RELEASE.jar:5.2.7.RELEASE]
	at org.springframework.beans.factory.config.DependencyDescriptor.resolveCandidate(DependencyDescriptor.java:276) ~[spring-beans-5.2.7.RELEASE.jar:5.2.7.RELEASE]
	at org.springframework.beans.factory.support.DefaultListableBeanFactory.doResolveDependency(DefaultListableBeanFactory.java:1304) ~[spring-beans-5.2.7.RELEASE.jar:5.2.7.RELEASE]
	at org.springframework.beans.factory.support.DefaultListableBeanFactory.resolveDependency(DefaultListableBeanFactory.java:1224) ~[spring-beans-5.2.7.RELEASE.jar:5.2.7.RELEASE]
	at org.springframework.beans.factory.support.AbstractAutowireCapableBeanFactory.autowireByType(AbstractAutowireCapableBeanFactory.java:1511) ~[spring-beans-5.2.7.RELEASE.jar:5.2.7.RELEASE]
	at org.springframework.beans.factory.support.AbstractAutowireCapableBeanFactory.populateBean(AbstractAutowireCapableBeanFactory.java:1406) ~[spring-beans-5.2.7.RELEASE.jar:5.2.7.RELEASE]
	at org.springframework.beans.factory.support.AbstractAutowireCapableBeanFactory.doCreateBean(AbstractAutowireCapableBeanFactory.java:594) ~[spring-beans-5.2.7.RELEASE.jar:5.2.7.RELEASE]
	at org.springframework.beans.factory.support.AbstractAutowireCapableBeanFactory.createBean(AbstractAutowireCapableBeanFactory.java:517) ~[spring-beans-5.2.7.RELEASE.jar:5.2.7.RELEASE]
	at org.springframework.beans.factory.support.AbstractBeanFactory.lambda$doGetBean$0(AbstractBeanFactory.java:323) ~[spring-beans-5.2.7.RELEASE.jar:5.2.7.RELEASE]
	at org.springframework.beans.factory.support.DefaultSingletonBeanRegistry.getSingleton(DefaultSingletonBeanRegistry.java:226) ~[spring-beans-5.2.7.RELEASE.jar:5.2.7.RELEASE]
	at org.springframework.beans.factory.support.AbstractBeanFactory.doGetBean(AbstractBeanFactory.java:321) ~[spring-beans-5.2.7.RELEASE.jar:5.2.7.RELEASE]
	at org.springframework.beans.factory.support.AbstractBeanFactory.getBean(AbstractBeanFactory.java:202) ~[spring-beans-5.2.7.RELEASE.jar:5.2.7.RELEASE]
	at org.springframework.beans.factory.config.DependencyDescriptor.resolveCandidate(DependencyDescriptor.java:276) ~[spring-beans-5.2.7.RELEASE.jar:5.2.7.RELEASE]
	at org.springframework.beans.factory.support.DefaultListableBeanFactory.doResolveDependency(DefaultListableBeanFactory.java:1304) ~[spring-beans-5.2.7.RELEASE.jar:5.2.7.RELEASE]
	at org.springframework.beans.factory.support.DefaultListableBeanFactory.resolveDependency(DefaultListableBeanFactory.java:1224) ~[spring-beans-5.2.7.RELEASE.jar:5.2.7.RELEASE]
	at org.springframework.beans.factory.annotation.AutowiredAnnotationBeanPostProcessor$AutowiredFieldElement.inject(AutowiredAnnotationBeanPostProcessor.java:640) ~[spring-beans-5.2.7.RELEASE.jar:5.2.7.RELEASE]
	at org.springframework.beans.factory.annotation.InjectionMetadata.inject(InjectionMetadata.java:130) ~[spring-beans-5.2.7.RELEASE.jar:5.2.7.RELEASE]
	at org.springframework.beans.factory.annotation.AutowiredAnnotationBeanPostProcessor.postProcessProperties(AutowiredAnnotationBeanPostProcessor.java:399) ~[spring-beans-5.2.7.RELEASE.jar:5.2.7.RELEASE]
	at org.springframework.beans.factory.support.AbstractAutowireCapableBeanFactory.populateBean(AbstractAutowireCapableBeanFactory.java:1422) ~[spring-beans-5.2.7.RELEASE.jar:5.2.7.RELEASE]
	at org.springframework.beans.factory.support.AbstractAutowireCapableBeanFactory.doCreateBean(AbstractAutowireCapableBeanFactory.java:594) ~[spring-beans-5.2.7.RELEASE.jar:5.2.7.RELEASE]
	at org.springframework.beans.factory.support.AbstractAutowireCapableBeanFactory.createBean(AbstractAutowireCapableBeanFactory.java:517) ~[spring-beans-5.2.7.RELEASE.jar:5.2.7.RELEASE]
	at org.springframework.beans.factory.support.AbstractBeanFactory.lambda$doGetBean$0(AbstractBeanFactory.java:323) ~[spring-beans-5.2.7.RELEASE.jar:5.2.7.RELEASE]
	at org.springframework.beans.factory.support.DefaultSingletonBeanRegistry.getSingleton(DefaultSingletonBeanRegistry.java:226) ~[spring-beans-5.2.7.RELEASE.jar:5.2.7.RELEASE]
	at org.springframework.beans.factory.support.AbstractBeanFactory.doGetBean(AbstractBeanFactory.java:321) ~[spring-beans-5.2.7.RELEASE.jar:5.2.7.RELEASE]
	at org.springframework.beans.factory.support.AbstractBeanFactory.getBean(AbstractBeanFactory.java:202) ~[spring-beans-5.2.7.RELEASE.jar:5.2.7.RELEASE]
	at org.springframework.beans.factory.config.DependencyDescriptor.resolveCandidate(DependencyDescriptor.java:276) ~[spring-beans-5.2.7.RELEASE.jar:5.2.7.RELEASE]
	at org.springframework.beans.factory.support.DefaultListableBeanFactory.doResolveDependency(DefaultListableBeanFactory.java:1304) ~[spring-beans-5.2.7.RELEASE.jar:5.2.7.RELEASE]
	at org.springframework.beans.factory.support.DefaultListableBeanFactory.resolveDependency(DefaultListableBeanFactory.java:1224) ~[spring-beans-5.2.7.RELEASE.jar:5.2.7.RELEASE]
	at org.springframework.beans.factory.annotation.AutowiredAnnotationBeanPostProcessor$AutowiredFieldElement.inject(AutowiredAnnotationBeanPostProcessor.java:640) ~[spring-beans-5.2.7.RELEASE.jar:5.2.7.RELEASE]
	at org.springframework.beans.factory.annotation.InjectionMetadata.inject(InjectionMetadata.java:130) ~[spring-beans-5.2.7.RELEASE.jar:5.2.7.RELEASE]
	at org.springframework.beans.factory.annotation.AutowiredAnnotationBeanPostProcessor.postProcessProperties(AutowiredAnnotationBeanPostProcessor.java:399) ~[spring-beans-5.2.7.RELEASE.jar:5.2.7.RELEASE]
	at org.springframework.beans.factory.support.AbstractAutowireCapableBeanFactory.populateBean(AbstractAutowireCapableBeanFactory.java:1422) ~[spring-beans-5.2.7.RELEASE.jar:5.2.7.RELEASE]
	at org.springframework.beans.factory.support.AbstractAutowireCapableBeanFactory.doCreateBean(AbstractAutowireCapableBeanFactory.java:594) ~[spring-beans-5.2.7.RELEASE.jar:5.2.7.RELEASE]
	at org.springframework.beans.factory.support.AbstractAutowireCapableBeanFactory.createBean(AbstractAutowireCapableBeanFactory.java:517) ~[spring-beans-5.2.7.RELEASE.jar:5.2.7.RELEASE]
	at org.springframework.beans.factory.support.AbstractBeanFactory.lambda$doGetBean$0(AbstractBeanFactory.java:323) ~[spring-beans-5.2.7.RELEASE.jar:5.2.7.RELEASE]
	at org.springframework.beans.factory.support.DefaultSingletonBeanRegistry.getSingleton(DefaultSingletonBeanRegistry.java:226) ~[spring-beans-5.2.7.RELEASE.jar:5.2.7.RELEASE]
	at org.springframework.beans.factory.support.AbstractBeanFactory.doGetBean(AbstractBeanFactory.java:321) ~[spring-beans-5.2.7.RELEASE.jar:5.2.7.RELEASE]
	at org.springframework.beans.factory.support.AbstractBeanFactory.getBean(AbstractBeanFactory.java:202) ~[spring-beans-5.2.7.RELEASE.jar:5.2.7.RELEASE]
	at org.springframework.beans.factory.support.DefaultListableBeanFactory.preInstantiateSingletons(DefaultListableBeanFactory.java:893) ~[spring-beans-5.2.7.RELEASE.jar:5.2.7.RELEASE]
	at org.springframework.context.support.AbstractApplicationContext.finishBeanFactoryInitialization(AbstractApplicationContext.java:879) ~[spring-context-5.2.7.RELEASE.jar:5.2.7.RELEASE]
	at org.springframework.context.support.AbstractApplicationContext.refresh(AbstractApplicationContext.java:551) ~[spring-context-5.2.7.RELEASE.jar:5.2.7.RELEASE]
	at org.springframework.boot.SpringApplication.refresh(SpringApplication.java:758) ~[spring-boot-2.3.1.RELEASE.jar:2.3.1.RELEASE]
	at org.springframework.boot.SpringApplication.refresh(SpringApplication.java:750) ~[spring-boot-2.3.1.RELEASE.jar:2.3.1.RELEASE]
	at org.springframework.boot.SpringApplication.refreshContext(SpringApplication.java:397) ~[spring-boot-2.3.1.RELEASE.jar:2.3.1.RELEASE]
	at org.springframework.boot.SpringApplication.run(SpringApplication.java:315) ~[spring-boot-2.3.1.RELEASE.jar:2.3.1.RELEASE]
	at org.springframework.boot.test.context.SpringBootContextLoader.loadContext(SpringBootContextLoader.java:120) ~[spring-boot-test-2.3.1.RELEASE.jar:2.3.1.RELEASE]
	at org.springframework.test.context.cache.DefaultCacheAwareContextLoaderDelegate.loadContextInternal(DefaultCacheAwareContextLoaderDelegate.java:99) ~[spring-test-5.2.7.RELEASE.jar:5.2.7.RELEASE]
	at org.springframework.test.context.cache.DefaultCacheAwareContextLoaderDelegate.loadContext(DefaultCacheAwareContextLoaderDelegate.java:124) ~[spring-test-5.2.7.RELEASE.jar:5.2.7.RELEASE]
	... 46 more
Caused by: org.apache.ibatis.builder.BuilderException: Error parsing Mapper XML. The XML location is 'file [C:\Users\13292\Desktop\claudel1\reposNew\task30\target\classes\mapper\BudgetMapper.xml]'. Cause: org.apache.ibatis.builder.BuilderException: Error resolving class. Cause: org.apache.ibatis.type.TypeException: Could not resolve type alias 'cn.jackbin.SimpleRecord.dto.BudgetExecutionDTO'.  Cause: java.lang.ClassNotFoundException: Cannot find class: cn.jackbin.SimpleRecord.dto.BudgetExecutionDTO
	at org.apache.ibatis.builder.xml.XMLMapperBuilder.configurationElement(XMLMapperBuilder.java:122) ~[mybatis-3.5.4.jar:3.5.4]
	at org.apache.ibatis.builder.xml.XMLMapperBuilder.parse(XMLMapperBuilder.java:94) ~[mybatis-3.5.4.jar:3.5.4]
	at com.baomidou.mybatisplus.extension.spring.MybatisSqlSessionFactoryBean.buildSqlSessionFactory(MybatisSqlSessionFactoryBean.java:591) ~[mybatis-plus-extension-3.3.2.jar:3.3.2]
	at com.baomidou.mybatisplus.extension.spring.MybatisSqlSessionFactoryBean.afterPropertiesSet(MybatisSqlSessionFactoryBean.java:429) ~[mybatis-plus-extension-3.3.2.jar:3.3.2]
	at com.baomidou.mybatisplus.extension.spring.MybatisSqlSessionFactoryBean.getObject(MybatisSqlSessionFactoryBean.java:626) ~[mybatis-plus-extension-3.3.2.jar:3.3.2]
	at com.baomidou.mybatisplus.autoconfigure.MybatisPlusAutoConfiguration.sqlSessionFactory(MybatisPlusAutoConfiguration.java:215) ~[mybatis-plus-boot-starter-3.3.2.jar:3.3.2]
	at com.baomidou.mybatisplus.autoconfigure.MybatisPlusAutoConfiguration$$EnhancerBySpringCGLIB$$f1427f39.CGLIB$sqlSessionFactory$1(<generated>) ~[mybatis-plus-boot-starter-3.3.2.jar:3.3.2]
	at com.baomidou.mybatisplus.autoconfigure.MybatisPlusAutoConfiguration$$EnhancerBySpringCGLIB$$f1427f39$$FastClassBySpringCGLIB$$38ba60c2.invoke(<generated>) ~[mybatis-plus-boot-starter-3.3.2.jar:3.3.2]
	at org.springframework.cglib.proxy.MethodProxy.invokeSuper(MethodProxy.java:244) ~[spring-core-5.2.7.RELEASE.jar:5.2.7.RELEASE]
	at org.springframework.context.annotation.ConfigurationClassEnhancer$BeanMethodInterceptor.intercept(ConfigurationClassEnhancer.java:331) ~[spring-context-5.2.7.RELEASE.jar:5.2.7.RELEASE]
	at com.baomidou.mybatisplus.autoconfigure.MybatisPlusAutoConfiguration$$EnhancerBySpringCGLIB$$f1427f39.sqlSessionFactory(<generated>) ~[mybatis-plus-boot-starter-3.3.2.jar:3.3.2]
	at jdk.internal.reflect.NativeMethodAccessorImpl.invoke0(Native Method) ~[?:?]
	at jdk.internal.reflect.NativeMethodAccessorImpl.invoke(NativeMethodAccessorImpl.java:77) ~[?:?]
	at jdk.internal.reflect.DelegatingMethodAccessorImpl.invoke(DelegatingMethodAccessorImpl.java:43) ~[?:?]
	at java.lang.reflect.Method.invoke(Method.java:569) ~[?:?]
	at org.springframework.beans.factory.support.SimpleInstantiationStrategy.instantiate(SimpleInstantiationStrategy.java:154) ~[spring-beans-5.2.7.RELEASE.jar:5.2.7.RELEASE]
	at org.springframework.beans.factory.support.ConstructorResolver.instantiate(ConstructorResolver.java:650) ~[spring-beans-5.2.7.RELEASE.jar:5.2.7.RELEASE]
	at org.springframework.beans.factory.support.ConstructorResolver.instantiateUsingFactoryMethod(ConstructorResolver.java:635) ~[spring-beans-5.2.7.RELEASE.jar:5.2.7.RELEASE]
	at org.springframework.beans.factory.support.AbstractAutowireCapableBeanFactory.instantiateUsingFactoryMethod(AbstractAutowireCapableBeanFactory.java:1338) ~[spring-beans-5.2.7.RELEASE.jar:5.2.7.RELEASE]
	at org.springframework.beans.factory.support.AbstractAutowireCapableBeanFactory.createBeanInstance(AbstractAutowireCapableBeanFactory.java:1177) ~[spring-beans-5.2.7.RELEASE.jar:5.2.7.RELEASE]
	at org.springframework.beans.factory.support.AbstractAutowireCapableBeanFactory.doCreateBean(AbstractAutowireCapableBeanFactory.java:557) ~[spring-beans-5.2.7.RELEASE.jar:5.2.7.RELEASE]
	at org.springframework.beans.factory.support.AbstractAutowireCapableBeanFactory.createBean(AbstractAutowireCapableBeanFactory.java:517) ~[spring-beans-5.2.7.RELEASE.jar:5.2.7.RELEASE]
	at org.springframework.beans.factory.support.AbstractBeanFactory.lambda$doGetBean$0(AbstractBeanFactory.java:323) ~[spring-beans-5.2.7.RELEASE.jar:5.2.7.RELEASE]
	at org.springframework.beans.factory.support.DefaultSingletonBeanRegistry.getSingleton(DefaultSingletonBeanRegistry.java:226) ~[spring-beans-5.2.7.RELEASE.jar:5.2.7.RELEASE]
	at org.springframework.beans.factory.support.AbstractBeanFactory.doGetBean(AbstractBeanFactory.java:321) ~[spring-beans-5.2.7.RELEASE.jar:5.2.7.RELEASE]
	at org.springframework.beans.factory.support.AbstractBeanFactory.getBean(AbstractBeanFactory.java:202) ~[spring-beans-5.2.7.RELEASE.jar:5.2.7.RELEASE]
	at org.springframework.beans.factory.config.DependencyDescriptor.resolveCandidate(DependencyDescriptor.java:276) ~[spring-beans-5.2.7.RELEASE.jar:5.2.7.RELEASE]
	at org.springframework.beans.factory.support.DefaultListableBeanFactory.doResolveDependency(DefaultListableBeanFactory.java:1304) ~[spring-beans-5.2.7.RELEASE.jar:5.2.7.RELEASE]
	at org.springframework.beans.factory.support.DefaultListableBeanFactory.resolveDependency(DefaultListableBeanFactory.java:1224) ~[spring-beans-5.2.7.RELEASE.jar:5.2.7.RELEASE]
	at org.springframework.beans.factory.support.AbstractAutowireCapableBeanFactory.autowireByType(AbstractAutowireCapableBeanFactory.java:1511) ~[spring-beans-5.2.7.RELEASE.jar:5.2.7.RELEASE]
	at org.springframework.beans.factory.support.AbstractAutowireCapableBeanFactory.populateBean(AbstractAutowireCapableBeanFactory.java:1406) ~[spring-beans-5.2.7.RELEASE.jar:5.2.7.RELEASE]
	at org.springframework.beans.factory.support.AbstractAutowireCapableBeanFactory.doCreateBean(AbstractAutowireCapableBeanFactory.java:594) ~[spring-beans-5.2.7.RELEASE.jar:5.2.7.RELEASE]
	at org.springframework.beans.factory.support.AbstractAutowireCapableBeanFactory.createBean(AbstractAutowireCapableBeanFactory.java:517) ~[spring-beans-5.2.7.RELEASE.jar:5.2.7.RELEASE]
	at org.springframework.beans.factory.support.AbstractBeanFactory.lambda$doGetBean$0(AbstractBeanFactory.java:323) ~[spring-beans-5.2.7.RELEASE.jar:5.2.7.RELEASE]
	at org.springframework.beans.factory.support.DefaultSingletonBeanRegistry.getSingleton(DefaultSingletonBeanRegistry.java:226) ~[spring-beans-5.2.7.RELEASE.jar:5.2.7.RELEASE]
	at org.springframework.beans.factory.support.AbstractBeanFactory.doGetBean(AbstractBeanFactory.java:321) ~[spring-beans-5.2.7.RELEASE.jar:5.2.7.RELEASE]
	at org.springframework.beans.factory.support.AbstractBeanFactory.getBean(AbstractBeanFactory.java:202) ~[spring-beans-5.2.7.RELEASE.jar:5.2.7.RELEASE]
	at org.springframework.beans.factory.config.DependencyDescriptor.resolveCandidate(DependencyDescriptor.java:276) ~[spring-beans-5.2.7.RELEASE.jar:5.2.7.RELEASE]
	at org.springframework.beans.factory.support.DefaultListableBeanFactory.doResolveDependency(DefaultListableBeanFactory.java:1304) ~[spring-beans-5.2.7.RELEASE.jar:5.2.7.RELEASE]
	at org.springframework.beans.factory.support.DefaultListableBeanFactory.resolveDependency(DefaultListableBeanFactory.java:1224) ~[spring-beans-5.2.7.RELEASE.jar:5.2.7.RELEASE]
	at org.springframework.beans.factory.annotation.AutowiredAnnotationBeanPostProcessor$AutowiredFieldElement.inject(AutowiredAnnotationBeanPostProcessor.java:640) ~[spring-beans-5.2.7.RELEASE.jar:5.2.7.RELEASE]
	at org.springframework.beans.factory.annotation.InjectionMetadata.inject(InjectionMetadata.java:130) ~[spring-beans-5.2.7.RELEASE.jar:5.2.7.RELEASE]
	at org.springframework.beans.factory.annotation.AutowiredAnnotationBeanPostProcessor.postProcessProperties(AutowiredAnnotationBeanPostProcessor.java:399) ~[spring-beans-5.2.7.RELEASE.jar:5.2.7.RELEASE]
	at org.springframework.beans.factory.support.AbstractAutowireCapableBeanFactory.populateBean(AbstractAutowireCapableBeanFactory.java:1422) ~[spring-beans-5.2.7.RELEASE.jar:5.2.7.RELEASE]
	at org.springframework.beans.factory.support.AbstractAutowireCapableBeanFactory.doCreateBean(AbstractAutowireCapableBeanFactory.java:594) ~[spring-beans-5.2.7.RELEASE.jar:5.2.7.RELEASE]
	at org.springframework.beans.factory.support.AbstractAutowireCapableBeanFactory.createBean(AbstractAutowireCapableBeanFactory.java:517) ~[spring-beans-5.2.7.RELEASE.jar:5.2.7.RELEASE]
	at org.springframework.beans.factory.support.AbstractBeanFactory.lambda$doGetBean$0(AbstractBeanFactory.java:323) ~[spring-beans-5.2.7.RELEASE.jar:5.2.7.RELEASE]
	at org.springframework.beans.factory.support.DefaultSingletonBeanRegistry.getSingleton(DefaultSingletonBeanRegistry.java:226) ~[spring-beans-5.2.7.RELEASE.jar:5.2.7.RELEASE]
	at org.springframework.beans.factory.support.AbstractBeanFactory.doGetBean(AbstractBeanFactory.java:321) ~[spring-beans-5.2.7.RELEASE.jar:5.2.7.RELEASE]
	at org.springframework.beans.factory.support.AbstractBeanFactory.getBean(AbstractBeanFactory.java:202) ~[spring-beans-5.2.7.RELEASE.jar:5.2.7.RELEASE]
	at org.springframework.beans.factory.config.DependencyDescriptor.resolveCandidate(DependencyDescriptor.java:276) ~[spring-beans-5.2.7.RELEASE.jar:5.2.7.RELEASE]
	at org.springframework.beans.factory.support.DefaultListableBeanFactory.doResolveDependency(DefaultListableBeanFactory.java:1304) ~[spring-beans-5.2.7.RELEASE.jar:5.2.7.RELEASE]
	at org.springframework.beans.factory.support.DefaultListableBeanFactory.resolveDependency(DefaultListableBeanFactory.java:1224) ~[spring-beans-5.2.7.RELEASE.jar:5.2.7.RELEASE]
	at org.springframework.beans.factory.annotation.AutowiredAnnotationBeanPostProcessor$AutowiredFieldElement.inject(AutowiredAnnotationBeanPostProcessor.java:640) ~[spring-beans-5.2.7.RELEASE.jar:5.2.7.RELEASE]
	at org.springframework.beans.factory.annotation.InjectionMetadata.inject(InjectionMetadata.java:130) ~[spring-beans-5.2.7.RELEASE.jar:5.2.7.RELEASE]
	at org.springframework.beans.factory.annotation.AutowiredAnnotationBeanPostProcessor.postProcessProperties(AutowiredAnnotationBeanPostProcessor.java:399) ~[spring-beans-5.2.7.RELEASE.jar:5.2.7.RELEASE]
	at org.springframework.beans.factory.support.AbstractAutowireCapableBeanFactory.populateBean(AbstractAutowireCapableBeanFactory.java:1422) ~[spring-beans-5.2.7.RELEASE.jar:5.2.7.RELEASE]
	at org.springframework.beans.factory.support.AbstractAutowireCapableBeanFactory.doCreateBean(AbstractAutowireCapableBeanFactory.java:594) ~[spring-beans-5.2.7.RELEASE.jar:5.2.7.RELEASE]
	at org.springframework.beans.factory.support.AbstractAutowireCapableBeanFactory.createBean(AbstractAutowireCapableBeanFactory.java:517) ~[spring-beans-5.2.7.RELEASE.jar:5.2.7.RELEASE]
	at org.springframework.beans.factory.support.AbstractBeanFactory.lambda$doGetBean$0(AbstractBeanFactory.java:323) ~[spring-beans-5.2.7.RELEASE.jar:5.2.7.RELEASE]
	at org.springframework.beans.factory.support.DefaultSingletonBeanRegistry.getSingleton(DefaultSingletonBeanRegistry.java:226) ~[spring-beans-5.2.7.RELEASE.jar:5.2.7.RELEASE]
	at org.springframework.beans.factory.support.AbstractBeanFactory.doGetBean(AbstractBeanFactory.java:321) ~[spring-beans-5.2.7.RELEASE.jar:5.2.7.RELEASE]
	at org.springframework.beans.factory.support.AbstractBeanFactory.getBean(AbstractBeanFactory.java:202) ~[spring-beans-5.2.7.RELEASE.jar:5.2.7.RELEASE]
	at org.springframework.beans.factory.support.DefaultListableBeanFactory.preInstantiateSingletons(DefaultListableBeanFactory.java:893) ~[spring-beans-5.2.7.RELEASE.jar:5.2.7.RELEASE]
	at org.springframework.context.support.AbstractApplicationContext.finishBeanFactoryInitialization(AbstractApplicationContext.java:879) ~[spring-context-5.2.7.RELEASE.jar:5.2.7.RELEASE]
	at org.springframework.context.support.AbstractApplicationContext.refresh(AbstractApplicationContext.java:551) ~[spring-context-5.2.7.RELEASE.jar:5.2.7.RELEASE]
	at org.springframework.boot.SpringApplication.refresh(SpringApplication.java:758) ~[spring-boot-2.3.1.RELEASE.jar:2.3.1.RELEASE]
	at org.springframework.boot.SpringApplication.refresh(SpringApplication.java:750) ~[spring-boot-2.3.1.RELEASE.jar:2.3.1.RELEASE]
	at org.springframework.boot.SpringApplication.refreshContext(SpringApplication.java:397) ~[spring-boot-2.3.1.RELEASE.jar:2.3.1.RELEASE]
	at org.springframework.boot.SpringApplication.run(SpringApplication.java:315) ~[spring-boot-2.3.1.RELEASE.jar:2.3.1.RELEASE]
	at org.springframework.boot.test.context.SpringBootContextLoader.loadContext(SpringBootContextLoader.java:120) ~[spring-boot-test-2.3.1.RELEASE.jar:2.3.1.RELEASE]
	at org.springframework.test.context.cache.DefaultCacheAwareContextLoaderDelegate.loadContextInternal(DefaultCacheAwareContextLoaderDelegate.java:99) ~[spring-test-5.2.7.RELEASE.jar:5.2.7.RELEASE]
	at org.springframework.test.context.cache.DefaultCacheAwareContextLoaderDelegate.loadContext(DefaultCacheAwareContextLoaderDelegate.java:124) ~[spring-test-5.2.7.RELEASE.jar:5.2.7.RELEASE]
	... 46 more
Caused by: org.apache.ibatis.builder.BuilderException: Error resolving class. Cause: org.apache.ibatis.type.TypeException: Could not resolve type alias 'cn.jackbin.SimpleRecord.dto.BudgetExecutionDTO'.  Cause: java.lang.ClassNotFoundException: Cannot find class: cn.jackbin.SimpleRecord.dto.BudgetExecutionDTO
	at org.apache.ibatis.builder.BaseBuilder.resolveClass(BaseBuilder.java:118) ~[mybatis-3.5.4.jar:3.5.4]
	at org.apache.ibatis.builder.xml.XMLStatementBuilder.parseStatementNode(XMLStatementBuilder.java:102) ~[mybatis-3.5.4.jar:3.5.4]
	at org.apache.ibatis.builder.xml.XMLMapperBuilder.buildStatementFromContext(XMLMapperBuilder.java:137) ~[mybatis-3.5.4.jar:3.5.4]
	at org.apache.ibatis.builder.xml.XMLMapperBuilder.buildStatementFromContext(XMLMapperBuilder.java:130) ~[mybatis-3.5.4.jar:3.5.4]
	at org.apache.ibatis.builder.xml.XMLMapperBuilder.configurationElement(XMLMapperBuilder.java:120) ~[mybatis-3.5.4.jar:3.5.4]
	at org.apache.ibatis.builder.xml.XMLMapperBuilder.parse(XMLMapperBuilder.java:94) ~[mybatis-3.5.4.jar:3.5.4]
	at com.baomidou.mybatisplus.extension.spring.MybatisSqlSessionFactoryBean.buildSqlSessionFactory(MybatisSqlSessionFactoryBean.java:591) ~[mybatis-plus-extension-3.3.2.jar:3.3.2]
	at com.baomidou.mybatisplus.extension.spring.MybatisSqlSessionFactoryBean.afterPropertiesSet(MybatisSqlSessionFactoryBean.java:429) ~[mybatis-plus-extension-3.3.2.jar:3.3.2]
	at com.baomidou.mybatisplus.extension.spring.MybatisSqlSessionFactoryBean.getObject(MybatisSqlSessionFactoryBean.java:626) ~[mybatis-plus-extension-3.3.2.jar:3.3.2]
	at com.baomidou.mybatisplus.autoconfigure.MybatisPlusAutoConfiguration.sqlSessionFactory(MybatisPlusAutoConfiguration.java:215) ~[mybatis-plus-boot-starter-3.3.2.jar:3.3.2]
	at com.baomidou.mybatisplus.autoconfigure.MybatisPlusAutoConfiguration$$EnhancerBySpringCGLIB$$f1427f39.CGLIB$sqlSessionFactory$1(<generated>) ~[mybatis-plus-boot-starter-3.3.2.jar:3.3.2]
	at com.baomidou.mybatisplus.autoconfigure.MybatisPlusAutoConfiguration$$EnhancerBySpringCGLIB$$f1427f39$$FastClassBySpringCGLIB$$38ba60c2.invoke(<generated>) ~[mybatis-plus-boot-starter-3.3.2.jar:3.3.2]
	at org.springframework.cglib.proxy.MethodProxy.invokeSuper(MethodProxy.java:244) ~[spring-core-5.2.7.RELEASE.jar:5.2.7.RELEASE]
	at org.springframework.context.annotation.ConfigurationClassEnhancer$BeanMethodInterceptor.intercept(ConfigurationClassEnhancer.java:331) ~[spring-context-5.2.7.RELEASE.jar:5.2.7.RELEASE]
	at com.baomidou.mybatisplus.autoconfigure.MybatisPlusAutoConfiguration$$EnhancerBySpringCGLIB$$f1427f39.sqlSessionFactory(<generated>) ~[mybatis-plus-boot-starter-3.3.2.jar:3.3.2]
	at jdk.internal.reflect.NativeMethodAccessorImpl.invoke0(Native Method) ~[?:?]
	at jdk.internal.reflect.NativeMethodAccessorImpl.invoke(NativeMethodAccessorImpl.java:77) ~[?:?]
	at jdk.internal.reflect.DelegatingMethodAccessorImpl.invoke(DelegatingMethodAccessorImpl.java:43) ~[?:?]
	at java.lang.reflect.Method.invoke(Method.java:569) ~[?:?]
	at org.springframework.beans.factory.support.SimpleInstantiationStrategy.instantiate(SimpleInstantiationStrategy.java:154) ~[spring-beans-5.2.7.RELEASE.jar:5.2.7.RELEASE]
	at org.springframework.beans.factory.support.ConstructorResolver.instantiate(ConstructorResolver.java:650) ~[spring-beans-5.2.7.RELEASE.jar:5.2.7.RELEASE]
	at org.springframework.beans.factory.support.ConstructorResolver.instantiateUsingFactoryMethod(ConstructorResolver.java:635) ~[spring-beans-5.2.7.RELEASE.jar:5.2.7.RELEASE]
	at org.springframework.beans.factory.support.AbstractAutowireCapableBeanFactory.instantiateUsingFactoryMethod(AbstractAutowireCapableBeanFactory.java:1338) ~[spring-beans-5.2.7.RELEASE.jar:5.2.7.RELEASE]
	at org.springframework.beans.factory.support.AbstractAutowireCapableBeanFactory.createBeanInstance(AbstractAutowireCapableBeanFactory.java:1177) ~[spring-beans-5.2.7.RELEASE.jar:5.2.7.RELEASE]
	at org.springframework.beans.factory.support.AbstractAutowireCapableBeanFactory.doCreateBean(AbstractAutowireCapableBeanFactory.java:557) ~[spring-beans-5.2.7.RELEASE.jar:5.2.7.RELEASE]
	at org.springframework.beans.factory.support.AbstractAutowireCapableBeanFactory.createBean(AbstractAutowireCapableBeanFactory.java:517) ~[spring-beans-5.2.7.RELEASE.jar:5.2.7.RELEASE]
	at org.springframework.beans.factory.support.AbstractBeanFactory.lambda$doGetBean$0(AbstractBeanFactory.java:323) ~[spring-beans-5.2.7.RELEASE.jar:5.2.7.RELEASE]
	at org.springframework.beans.factory.support.DefaultSingletonBeanRegistry.getSingleton(DefaultSingletonBeanRegistry.java:226) ~[spring-beans-5.2.7.RELEASE.jar:5.2.7.RELEASE]
	at org.springframework.beans.factory.support.AbstractBeanFactory.doGetBean(AbstractBeanFactory.java:321) ~[spring-beans-5.2.7.RELEASE.jar:5.2.7.RELEASE]
	at org.springframework.beans.factory.support.AbstractBeanFactory.getBean(AbstractBeanFactory.java:202) ~[spring-beans-5.2.7.RELEASE.jar:5.2.7.RELEASE]
	at org.springframework.beans.factory.config.DependencyDescriptor.resolveCandidate(DependencyDescriptor.java:276) ~[spring-beans-5.2.7.RELEASE.jar:5.2.7.RELEASE]
	at org.springframework.beans.factory.support.DefaultListableBeanFactory.doResolveDependency(DefaultListableBeanFactory.java:1304) ~[spring-beans-5.2.7.RELEASE.jar:5.2.7.RELEASE]
	at org.springframework.beans.factory.support.DefaultListableBeanFactory.resolveDependency(DefaultListableBeanFactory.java:1224) ~[spring-beans-5.2.7.RELEASE.jar:5.2.7.RELEASE]
	at org.springframework.beans.factory.support.AbstractAutowireCapableBeanFactory.autowireByType(AbstractAutowireCapableBeanFactory.java:1511) ~[spring-beans-5.2.7.RELEASE.jar:5.2.7.RELEASE]
	at org.springframework.beans.factory.support.AbstractAutowireCapableBeanFactory.populateBean(AbstractAutowireCapableBeanFactory.java:1406) ~[spring-beans-5.2.7.RELEASE.jar:5.2.7.RELEASE]
	at org.springframework.beans.factory.support.AbstractAutowireCapableBeanFactory.doCreateBean(AbstractAutowireCapableBeanFactory.java:594) ~[spring-beans-5.2.7.RELEASE.jar:5.2.7.RELEASE]
	at org.springframework.beans.factory.support.AbstractAutowireCapableBeanFactory.createBean(AbstractAutowireCapableBeanFactory.java:517) ~[spring-beans-5.2.7.RELEASE.jar:5.2.7.RELEASE]
	at org.springframework.beans.factory.support.AbstractBeanFactory.lambda$doGetBean$0(AbstractBeanFactory.java:323) ~[spring-beans-5.2.7.RELEASE.jar:5.2.7.RELEASE]
	at org.springframework.beans.factory.support.DefaultSingletonBeanRegistry.getSingleton(DefaultSingletonBeanRegistry.java:226) ~[spring-beans-5.2.7.RELEASE.jar:5.2.7.RELEASE]
	at org.springframework.beans.factory.support.AbstractBeanFactory.doGetBean(AbstractBeanFactory.java:321) ~[spring-beans-5.2.7.RELEASE.jar:5.2.7.RELEASE]
	at org.springframework.beans.factory.support.AbstractBeanFactory.getBean(AbstractBeanFactory.java:202) ~[spring-beans-5.2.7.RELEASE.jar:5.2.7.RELEASE]
	at org.springframework.beans.factory.config.DependencyDescriptor.resolveCandidate(DependencyDescriptor.java:276) ~[spring-beans-5.2.7.RELEASE.jar:5.2.7.RELEASE]
	at org.springframework.beans.factory.support.DefaultListableBeanFactory.doResolveDependency(DefaultListableBeanFactory.java:1304) ~[spring-beans-5.2.7.RELEASE.jar:5.2.7.RELEASE]
	at org.springframework.beans.factory.support.DefaultListableBeanFactory.resolveDependency(DefaultListableBeanFactory.java:1224) ~[spring-beans-5.2.7.RELEASE.jar:5.2.7.RELEASE]
	at org.springframework.beans.factory.annotation.AutowiredAnnotationBeanPostProcessor$AutowiredFieldElement.inject(AutowiredAnnotationBeanPostProcessor.java:640) ~[spring-beans-5.2.7.RELEASE.jar:5.2.7.RELEASE]
	at org.springframework.beans.factory.annotation.InjectionMetadata.inject(InjectionMetadata.java:130) ~[spring-beans-5.2.7.RELEASE.jar:5.2.7.RELEASE]
	at org.springframework.beans.factory.annotation.AutowiredAnnotationBeanPostProcessor.postProcessProperties(AutowiredAnnotationBeanPostProcessor.java:399) ~[spring-beans-5.2.7.RELEASE.jar:5.2.7.RELEASE]
	at org.springframework.beans.factory.support.AbstractAutowireCapableBeanFactory.populateBean(AbstractAutowireCapableBeanFactory.java:1422) ~[spring-beans-5.2.7.RELEASE.jar:5.2.7.RELEASE]
	at org.springframework.beans.factory.support.AbstractAutowireCapableBeanFactory.doCreateBean(AbstractAutowireCapableBeanFactory.java:594) ~[spring-beans-5.2.7.RELEASE.jar:5.2.7.RELEASE]
	at org.springframework.beans.factory.support.AbstractAutowireCapableBeanFactory.createBean(AbstractAutowireCapableBeanFactory.java:517) ~[spring-beans-5.2.7.RELEASE.jar:5.2.7.RELEASE]
	at org.springframework.beans.factory.support.AbstractBeanFactory.lambda$doGetBean$0(AbstractBeanFactory.java:323) ~[spring-beans-5.2.7.RELEASE.jar:5.2.7.RELEASE]
	at org.springframework.beans.factory.support.DefaultSingletonBeanRegistry.getSingleton(DefaultSingletonBeanRegistry.java:226) ~[spring-beans-5.2.7.RELEASE.jar:5.2.7.RELEASE]
	at org.springframework.beans.factory.support.AbstractBeanFactory.doGetBean(AbstractBeanFactory.java:321) ~[spring-beans-5.2.7.RELEASE.jar:5.2.7.RELEASE]
	at org.springframework.beans.factory.support.AbstractBeanFactory.getBean(AbstractBeanFactory.java:202) ~[spring-beans-5.2.7.RELEASE.jar:5.2.7.RELEASE]
	at org.springframework.beans.factory.config.DependencyDescriptor.resolveCandidate(DependencyDescriptor.java:276) ~[spring-beans-5.2.7.RELEASE.jar:5.2.7.RELEASE]
	at org.springframework.beans.factory.support.DefaultListableBeanFactory.doResolveDependency(DefaultListableBeanFactory.java:1304) ~[spring-beans-5.2.7.RELEASE.jar:5.2.7.RELEASE]
	at org.springframework.beans.factory.support.DefaultListableBeanFactory.resolveDependency(DefaultListableBeanFactory.java:1224) ~[spring-beans-5.2.7.RELEASE.jar:5.2.7.RELEASE]
	at org.springframework.beans.factory.annotation.AutowiredAnnotationBeanPostProcessor$AutowiredFieldElement.inject(AutowiredAnnotationBeanPostProcessor.java:640) ~[spring-beans-5.2.7.RELEASE.jar:5.2.7.RELEASE]
	at org.springframework.beans.factory.annotation.InjectionMetadata.inject(InjectionMetadata.java:130) ~[spring-beans-5.2.7.RELEASE.jar:5.2.7.RELEASE]
	at org.springframework.beans.factory.annotation.AutowiredAnnotationBeanPostProcessor.postProcessProperties(AutowiredAnnotationBeanPostProcessor.java:399) ~[spring-beans-5.2.7.RELEASE.jar:5.2.7.RELEASE]
	at org.springframework.beans.factory.support.AbstractAutowireCapableBeanFactory.populateBean(AbstractAutowireCapableBeanFactory.java:1422) ~[spring-beans-5.2.7.RELEASE.jar:5.2.7.RELEASE]
	at org.springframework.beans.factory.support.AbstractAutowireCapableBeanFactory.doCreateBean(AbstractAutowireCapableBeanFactory.java:594) ~[spring-beans-5.2.7.RELEASE.jar:5.2.7.RELEASE]
	at org.springframework.beans.factory.support.AbstractAutowireCapableBeanFactory.createBean(AbstractAutowireCapableBeanFactory.java:517) ~[spring-beans-5.2.7.RELEASE.jar:5.2.7.RELEASE]
	at org.springframework.beans.factory.support.AbstractBeanFactory.lambda$doGetBean$0(AbstractBeanFactory.java:323) ~[spring-beans-5.2.7.RELEASE.jar:5.2.7.RELEASE]
	at org.springframework.beans.factory.support.DefaultSingletonBeanRegistry.getSingleton(DefaultSingletonBeanRegistry.java:226) ~[spring-beans-5.2.7.RELEASE.jar:5.2.7.RELEASE]
	at org.springframework.beans.factory.support.AbstractBeanFactory.doGetBean(AbstractBeanFactory.java:321) ~[spring-beans-5.2.7.RELEASE.jar:5.2.7.RELEASE]
	at org.springframework.beans.factory.support.AbstractBeanFactory.getBean(AbstractBeanFactory.java:202) ~[spring-beans-5.2.7.RELEASE.jar:5.2.7.RELEASE]
	at org.springframework.beans.factory.support.DefaultListableBeanFactory.preInstantiateSingletons(DefaultListableBeanFactory.java:893) ~[spring-beans-5.2.7.RELEASE.jar:5.2.7.RELEASE]
	at org.springframework.context.support.AbstractApplicationContext.finishBeanFactoryInitialization(AbstractApplicationContext.java:879) ~[spring-context-5.2.7.RELEASE.jar:5.2.7.RELEASE]
	at org.springframework.context.support.AbstractApplicationContext.refresh(AbstractApplicationContext.java:551) ~[spring-context-5.2.7.RELEASE.jar:5.2.7.RELEASE]
	at org.springframework.boot.SpringApplication.refresh(SpringApplication.java:758) ~[spring-boot-2.3.1.RELEASE.jar:2.3.1.RELEASE]
	at org.springframework.boot.SpringApplication.refresh(SpringApplication.java:750) ~[spring-boot-2.3.1.RELEASE.jar:2.3.1.RELEASE]
	at org.springframework.boot.SpringApplication.refreshContext(SpringApplication.java:397) ~[spring-boot-2.3.1.RELEASE.jar:2.3.1.RELEASE]
	at org.springframework.boot.SpringApplication.run(SpringApplication.java:315) ~[spring-boot-2.3.1.RELEASE.jar:2.3.1.RELEASE]
	at org.springframework.boot.test.context.SpringBootContextLoader.loadContext(SpringBootContextLoader.java:120) ~[spring-boot-test-2.3.1.RELEASE.jar:2.3.1.RELEASE]
	at org.springframework.test.context.cache.DefaultCacheAwareContextLoaderDelegate.loadContextInternal(DefaultCacheAwareContextLoaderDelegate.java:99) ~[spring-test-5.2.7.RELEASE.jar:5.2.7.RELEASE]
	at org.springframework.test.context.cache.DefaultCacheAwareContextLoaderDelegate.loadContext(DefaultCacheAwareContextLoaderDelegate.java:124) ~[spring-test-5.2.7.RELEASE.jar:5.2.7.RELEASE]
	... 46 more
Caused by: org.apache.ibatis.type.TypeException: Could not resolve type alias 'cn.jackbin.SimpleRecord.dto.BudgetExecutionDTO'.  Cause: java.lang.ClassNotFoundException: Cannot find class: cn.jackbin.SimpleRecord.dto.BudgetExecutionDTO
	at org.apache.ibatis.type.TypeAliasRegistry.resolveAlias(TypeAliasRegistry.java:120) ~[mybatis-3.5.4.jar:3.5.4]
	at org.apache.ibatis.builder.BaseBuilder.resolveAlias(BaseBuilder.java:149) ~[mybatis-3.5.4.jar:3.5.4]
	at org.apache.ibatis.builder.BaseBuilder.resolveClass(BaseBuilder.java:116) ~[mybatis-3.5.4.jar:3.5.4]
	at org.apache.ibatis.builder.xml.XMLStatementBuilder.parseStatementNode(XMLStatementBuilder.java:102) ~[mybatis-3.5.4.jar:3.5.4]
	at org.apache.ibatis.builder.xml.XMLMapperBuilder.buildStatementFromContext(XMLMapperBuilder.java:137) ~[mybatis-3.5.4.jar:3.5.4]
	at org.apache.ibatis.builder.xml.XMLMapperBuilder.buildStatementFromContext(XMLMapperBuilder.java:130) ~[mybatis-3.5.4.jar:3.5.4]
	at org.apache.ibatis.builder.xml.XMLMapperBuilder.configurationElement(XMLMapperBuilder.java:120) ~[mybatis-3.5.4.jar:3.5.4]
	at org.apache.ibatis.builder.xml.XMLMapperBuilder.parse(XMLMapperBuilder.java:94) ~[mybatis-3.5.4.jar:3.5.4]
	at com.baomidou.mybatisplus.extension.spring.MybatisSqlSessionFactoryBean.buildSqlSessionFactory(MybatisSqlSessionFactoryBean.java:591) ~[mybatis-plus-extension-3.3.2.jar:3.3.2]
	at com.baomidou.mybatisplus.extension.spring.MybatisSqlSessionFactoryBean.afterPropertiesSet(MybatisSqlSessionFactoryBean.java:429) ~[mybatis-plus-extension-3.3.2.jar:3.3.2]
	at com.baomidou.mybatisplus.extension.spring.MybatisSqlSessionFactoryBean.getObject(MybatisSqlSessionFactoryBean.java:626) ~[mybatis-plus-extension-3.3.2.jar:3.3.2]
	at com.baomidou.mybatisplus.autoconfigure.MybatisPlusAutoConfiguration.sqlSessionFactory(MybatisPlusAutoConfiguration.java:215) ~[mybatis-plus-boot-starter-3.3.2.jar:3.3.2]
	at com.baomidou.mybatisplus.autoconfigure.MybatisPlusAutoConfiguration$$EnhancerBySpringCGLIB$$f1427f39.CGLIB$sqlSessionFactory$1(<generated>) ~[mybatis-plus-boot-starter-3.3.2.jar:3.3.2]
	at com.baomidou.mybatisplus.autoconfigure.MybatisPlusAutoConfiguration$$EnhancerBySpringCGLIB$$f1427f39$$FastClassBySpringCGLIB$$38ba60c2.invoke(<generated>) ~[mybatis-plus-boot-starter-3.3.2.jar:3.3.2]
	at org.springframework.cglib.proxy.MethodProxy.invokeSuper(MethodProxy.java:244) ~[spring-core-5.2.7.RELEASE.jar:5.2.7.RELEASE]
	at org.springframework.context.annotation.ConfigurationClassEnhancer$BeanMethodInterceptor.intercept(ConfigurationClassEnhancer.java:331) ~[spring-context-5.2.7.RELEASE.jar:5.2.7.RELEASE]
	at com.baomidou.mybatisplus.autoconfigure.MybatisPlusAutoConfiguration$$EnhancerBySpringCGLIB$$f1427f39.sqlSessionFactory(<generated>) ~[mybatis-plus-boot-starter-3.3.2.jar:3.3.2]
	at jdk.internal.reflect.NativeMethodAccessorImpl.invoke0(Native Method) ~[?:?]
	at jdk.internal.reflect.NativeMethodAccessorImpl.invoke(NativeMethodAccessorImpl.java:77) ~[?:?]
	at jdk.internal.reflect.DelegatingMethodAccessorImpl.invoke(DelegatingMethodAccessorImpl.java:43) ~[?:?]
	at java.lang.reflect.Method.invoke(Method.java:569) ~[?:?]
	at org.springframework.beans.factory.support.SimpleInstantiationStrategy.instantiate(SimpleInstantiationStrategy.java:154) ~[spring-beans-5.2.7.RELEASE.jar:5.2.7.RELEASE]
	at org.springframework.beans.factory.support.ConstructorResolver.instantiate(ConstructorResolver.java:650) ~[spring-beans-5.2.7.RELEASE.jar:5.2.7.RELEASE]
	at org.springframework.beans.factory.support.ConstructorResolver.instantiateUsingFactoryMethod(ConstructorResolver.java:635) ~[spring-beans-5.2.7.RELEASE.jar:5.2.7.RELEASE]
	at org.springframework.beans.factory.support.AbstractAutowireCapableBeanFactory.instantiateUsingFactoryMethod(AbstractAutowireCapableBeanFactory.java:1338) ~[spring-beans-5.2.7.RELEASE.jar:5.2.7.RELEASE]
	at org.springframework.beans.factory.support.AbstractAutowireCapableBeanFactory.createBeanInstance(AbstractAutowireCapableBeanFactory.java:1177) ~[spring-beans-5.2.7.RELEASE.jar:5.2.7.RELEASE]
	at org.springframework.beans.factory.support.AbstractAutowireCapableBeanFactory.doCreateBean(AbstractAutowireCapableBeanFactory.java:557) ~[spring-beans-5.2.7.RELEASE.jar:5.2.7.RELEASE]
	at org.springframework.beans.factory.support.AbstractAutowireCapableBeanFactory.createBean(AbstractAutowireCapableBeanFactory.java:517) ~[spring-beans-5.2.7.RELEASE.jar:5.2.7.RELEASE]
	at org.springframework.beans.factory.support.AbstractBeanFactory.lambda$doGetBean$0(AbstractBeanFactory.java:323) ~[spring-beans-5.2.7.RELEASE.jar:5.2.7.RELEASE]
	at org.springframework.beans.factory.support.DefaultSingletonBeanRegistry.getSingleton(DefaultSingletonBeanRegistry.java:226) ~[spring-beans-5.2.7.RELEASE.jar:5.2.7.RELEASE]
	at org.springframework.beans.factory.support.AbstractBeanFactory.doGetBean(AbstractBeanFactory.java:321) ~[spring-beans-5.2.7.RELEASE.jar:5.2.7.RELEASE]
	at org.springframework.beans.factory.support.AbstractBeanFactory.getBean(AbstractBeanFactory.java:202) ~[spring-beans-5.2.7.RELEASE.jar:5.2.7.RELEASE]
	at org.springframework.beans.factory.config.DependencyDescriptor.resolveCandidate(DependencyDescriptor.java:276) ~[spring-beans-5.2.7.RELEASE.jar:5.2.7.RELEASE]
	at org.springframework.beans.factory.support.DefaultListableBeanFactory.doResolveDependency(DefaultListableBeanFactory.java:1304) ~[spring-beans-5.2.7.RELEASE.jar:5.2.7.RELEASE]
	at org.springframework.beans.factory.support.DefaultListableBeanFactory.resolveDependency(DefaultListableBeanFactory.java:1224) ~[spring-beans-5.2.7.RELEASE.jar:5.2.7.RELEASE]
	at org.springframework.beans.factory.support.AbstractAutowireCapableBeanFactory.autowireByType(AbstractAutowireCapableBeanFactory.java:1511) ~[spring-beans-5.2.7.RELEASE.jar:5.2.7.RELEASE]
	at org.springframework.beans.factory.support.AbstractAutowireCapableBeanFactory.populateBean(AbstractAutowireCapableBeanFactory.java:1406) ~[spring-beans-5.2.7.RELEASE.jar:5.2.7.RELEASE]
	at org.springframework.beans.factory.support.AbstractAutowireCapableBeanFactory.doCreateBean(AbstractAutowireCapableBeanFactory.java:594) ~[spring-beans-5.2.7.RELEASE.jar:5.2.7.RELEASE]
	at org.springframework.beans.factory.support.AbstractAutowireCapableBeanFactory.createBean(AbstractAutowireCapableBeanFactory.java:517) ~[spring-beans-5.2.7.RELEASE.jar:5.2.7.RELEASE]
	at org.springframework.beans.factory.support.AbstractBeanFactory.lambda$doGetBean$0(AbstractBeanFactory.java:323) ~[spring-beans-5.2.7.RELEASE.jar:5.2.7.RELEASE]
	at org.springframework.beans.factory.support.DefaultSingletonBeanRegistry.getSingleton(DefaultSingletonBeanRegistry.java:226) ~[spring-beans-5.2.7.RELEASE.jar:5.2.7.RELEASE]
	at org.springframework.beans.factory.support.AbstractBeanFactory.doGetBean(AbstractBeanFactory.java:321) ~[spring-beans-5.2.7.RELEASE.jar:5.2.7.RELEASE]
	at org.springframework.beans.factory.support.AbstractBeanFactory.getBean(AbstractBeanFactory.java:202) ~[spring-beans-5.2.7.RELEASE.jar:5.2.7.RELEASE]
	at org.springframework.beans.factory.config.DependencyDescriptor.resolveCandidate(DependencyDescriptor.java:276) ~[spring-beans-5.2.7.RELEASE.jar:5.2.7.RELEASE]
	at org.springframework.beans.factory.support.DefaultListableBeanFactory.doResolveDependency(DefaultListableBeanFactory.java:1304) ~[spring-beans-5.2.7.RELEASE.jar:5.2.7.RELEASE]
	at org.springframework.beans.factory.support.DefaultListableBeanFactory.resolveDependency(DefaultListableBeanFactory.java:1224) ~[spring-beans-5.2.7.RELEASE.jar:5.2.7.RELEASE]
	at org.springframework.beans.factory.annotation.AutowiredAnnotationBeanPostProcessor$AutowiredFieldElement.inject(AutowiredAnnotationBeanPostProcessor.java:640) ~[spring-beans-5.2.7.RELEASE.jar:5.2.7.RELEASE]
	at org.springframework.beans.factory.annotation.InjectionMetadata.inject(InjectionMetadata.java:130) ~[spring-beans-5.2.7.RELEASE.jar:5.2.7.RELEASE]
	at org.springframework.beans.factory.annotation.AutowiredAnnotationBeanPostProcessor.postProcessProperties(AutowiredAnnotationBeanPostProcessor.java:399) ~[spring-beans-5.2.7.RELEASE.jar:5.2.7.RELEASE]
	at org.springframework.beans.factory.support.AbstractAutowireCapableBeanFactory.populateBean(AbstractAutowireCapableBeanFactory.java:1422) ~[spring-beans-5.2.7.RELEASE.jar:5.2.7.RELEASE]
	at org.springframework.beans.factory.support.AbstractAutowireCapableBeanFactory.doCreateBean(AbstractAutowireCapableBeanFactory.java:594) ~[spring-beans-5.2.7.RELEASE.jar:5.2.7.RELEASE]
	at org.springframework.beans.factory.support.AbstractAutowireCapableBeanFactory.createBean(AbstractAutowireCapableBeanFactory.java:517) ~[spring-beans-5.2.7.RELEASE.jar:5.2.7.RELEASE]
	at org.springframework.beans.factory.support.AbstractBeanFactory.lambda$doGetBean$0(AbstractBeanFactory.java:323) ~[spring-beans-5.2.7.RELEASE.jar:5.2.7.RELEASE]
	at org.springframework.beans.factory.support.DefaultSingletonBeanRegistry.getSingleton(DefaultSingletonBeanRegistry.java:226) ~[spring-beans-5.2.7.RELEASE.jar:5.2.7.RELEASE]
	at org.springframework.beans.factory.support.AbstractBeanFactory.doGetBean(AbstractBeanFactory.java:321) ~[spring-beans-5.2.7.RELEASE.jar:5.2.7.RELEASE]
	at org.springframework.beans.factory.support.AbstractBeanFactory.getBean(AbstractBeanFactory.java:202) ~[spring-beans-5.2.7.RELEASE.jar:5.2.7.RELEASE]
	at org.springframework.beans.factory.config.DependencyDescriptor.resolveCandidate(DependencyDescriptor.java:276) ~[spring-beans-5.2.7.RELEASE.jar:5.2.7.RELEASE]
	at org.springframework.beans.factory.support.DefaultListableBeanFactory.doResolveDependency(DefaultListableBeanFactory.java:1304) ~[spring-beans-5.2.7.RELEASE.jar:5.2.7.RELEASE]
	at org.springframework.beans.factory.support.DefaultListableBeanFactory.resolveDependency(DefaultListableBeanFactory.java:1224) ~[spring-beans-5.2.7.RELEASE.jar:5.2.7.RELEASE]
	at org.springframework.beans.factory.annotation.AutowiredAnnotationBeanPostProcessor$AutowiredFieldElement.inject(AutowiredAnnotationBeanPostProcessor.java:640) ~[spring-beans-5.2.7.RELEASE.jar:5.2.7.RELEASE]
	at org.springframework.beans.factory.annotation.InjectionMetadata.inject(InjectionMetadata.java:130) ~[spring-beans-5.2.7.RELEASE.jar:5.2.7.RELEASE]
	at org.springframework.beans.factory.annotation.AutowiredAnnotationBeanPostProcessor.postProcessProperties(AutowiredAnnotationBeanPostProcessor.java:399) ~[spring-beans-5.2.7.RELEASE.jar:5.2.7.RELEASE]
	at org.springframework.beans.factory.support.AbstractAutowireCapableBeanFactory.populateBean(AbstractAutowireCapableBeanFactory.java:1422) ~[spring-beans-5.2.7.RELEASE.jar:5.2.7.RELEASE]
	at org.springframework.beans.factory.support.AbstractAutowireCapableBeanFactory.doCreateBean(AbstractAutowireCapableBeanFactory.java:594) ~[spring-beans-5.2.7.RELEASE.jar:5.2.7.RELEASE]
	at org.springframework.beans.factory.support.AbstractAutowireCapableBeanFactory.createBean(AbstractAutowireCapableBeanFactory.java:517) ~[spring-beans-5.2.7.RELEASE.jar:5.2.7.RELEASE]
	at org.springframework.beans.factory.support.AbstractBeanFactory.lambda$doGetBean$0(AbstractBeanFactory.java:323) ~[spring-beans-5.2.7.RELEASE.jar:5.2.7.RELEASE]
	at org.springframework.beans.factory.support.DefaultSingletonBeanRegistry.getSingleton(DefaultSingletonBeanRegistry.java:226) ~[spring-beans-5.2.7.RELEASE.jar:5.2.7.RELEASE]
	at org.springframework.beans.factory.support.AbstractBeanFactory.doGetBean(AbstractBeanFactory.java:321) ~[spring-beans-5.2.7.RELEASE.jar:5.2.7.RELEASE]
	at org.springframework.beans.factory.support.AbstractBeanFactory.getBean(AbstractBeanFactory.java:202) ~[spring-beans-5.2.7.RELEASE.jar:5.2.7.RELEASE]
	at org.springframework.beans.factory.support.DefaultListableBeanFactory.preInstantiateSingletons(DefaultListableBeanFactory.java:893) ~[spring-beans-5.2.7.RELEASE.jar:5.2.7.RELEASE]
	at org.springframework.context.support.AbstractApplicationContext.finishBeanFactoryInitialization(AbstractApplicationContext.java:879) ~[spring-context-5.2.7.RELEASE.jar:5.2.7.RELEASE]
	at org.springframework.context.support.AbstractApplicationContext.refresh(AbstractApplicationContext.java:551) ~[spring-context-5.2.7.RELEASE.jar:5.2.7.RELEASE]
	at org.springframework.boot.SpringApplication.refresh(SpringApplication.java:758) ~[spring-boot-2.3.1.RELEASE.jar:2.3.1.RELEASE]
	at org.springframework.boot.SpringApplication.refresh(SpringApplication.java:750) ~[spring-boot-2.3.1.RELEASE.jar:2.3.1.RELEASE]
	at org.springframework.boot.SpringApplication.refreshContext(SpringApplication.java:397) ~[spring-boot-2.3.1.RELEASE.jar:2.3.1.RELEASE]
	at org.springframework.boot.SpringApplication.run(SpringApplication.java:315) ~[spring-boot-2.3.1.RELEASE.jar:2.3.1.RELEASE]
	at org.springframework.boot.test.context.SpringBootContextLoader.loadContext(SpringBootContextLoader.java:120) ~[spring-boot-test-2.3.1.RELEASE.jar:2.3.1.RELEASE]
	at org.springframework.test.context.cache.DefaultCacheAwareContextLoaderDelegate.loadContextInternal(DefaultCacheAwareContextLoaderDelegate.java:99) ~[spring-test-5.2.7.RELEASE.jar:5.2.7.RELEASE]
	at org.springframework.test.context.cache.DefaultCacheAwareContextLoaderDelegate.loadContext(DefaultCacheAwareContextLoaderDelegate.java:124) ~[spring-test-5.2.7.RELEASE.jar:5.2.7.RELEASE]
	... 46 more
Caused by: java.lang.ClassNotFoundException: Cannot find class: cn.jackbin.SimpleRecord.dto.BudgetExecutionDTO
	at org.apache.ibatis.io.ClassLoaderWrapper.classForName(ClassLoaderWrapper.java:200) ~[mybatis-3.5.4.jar:3.5.4]
	at org.apache.ibatis.io.ClassLoaderWrapper.classForName(ClassLoaderWrapper.java:89) ~[mybatis-3.5.4.jar:3.5.4]
	at org.apache.ibatis.io.Resources.classForName(Resources.java:261) ~[mybatis-3.5.4.jar:3.5.4]
	at org.apache.ibatis.type.TypeAliasRegistry.resolveAlias(TypeAliasRegistry.java:116) ~[mybatis-3.5.4.jar:3.5.4]
	at org.apache.ibatis.builder.BaseBuilder.resolveAlias(BaseBuilder.java:149) ~[mybatis-3.5.4.jar:3.5.4]
	at org.apache.ibatis.builder.BaseBuilder.resolveClass(BaseBuilder.java:116) ~[mybatis-3.5.4.jar:3.5.4]
	at org.apache.ibatis.builder.xml.XMLStatementBuilder.parseStatementNode(XMLStatementBuilder.java:102) ~[mybatis-3.5.4.jar:3.5.4]
	at org.apache.ibatis.builder.xml.XMLMapperBuilder.buildStatementFromContext(XMLMapperBuilder.java:137) ~[mybatis-3.5.4.jar:3.5.4]
	at org.apache.ibatis.builder.xml.XMLMapperBuilder.buildStatementFromContext(XMLMapperBuilder.java:130) ~[mybatis-3.5.4.jar:3.5.4]
	at org.apache.ibatis.builder.xml.XMLMapperBuilder.configurationElement(XMLMapperBuilder.java:120) ~[mybatis-3.5.4.jar:3.5.4]
	at org.apache.ibatis.builder.xml.XMLMapperBuilder.parse(XMLMapperBuilder.java:94) ~[mybatis-3.5.4.jar:3.5.4]
	at com.baomidou.mybatisplus.extension.spring.MybatisSqlSessionFactoryBean.buildSqlSessionFactory(MybatisSqlSessionFactoryBean.java:591) ~[mybatis-plus-extension-3.3.2.jar:3.3.2]
	at com.baomidou.mybatisplus.extension.spring.MybatisSqlSessionFactoryBean.afterPropertiesSet(MybatisSqlSessionFactoryBean.java:429) ~[mybatis-plus-extension-3.3.2.jar:3.3.2]
	at com.baomidou.mybatisplus.extension.spring.MybatisSqlSessionFactoryBean.getObject(MybatisSqlSessionFactoryBean.java:626) ~[mybatis-plus-extension-3.3.2.jar:3.3.2]
	at com.baomidou.mybatisplus.autoconfigure.MybatisPlusAutoConfiguration.sqlSessionFactory(MybatisPlusAutoConfiguration.java:215) ~[mybatis-plus-boot-starter-3.3.2.jar:3.3.2]
	at com.baomidou.mybatisplus.autoconfigure.MybatisPlusAutoConfiguration$$EnhancerBySpringCGLIB$$f1427f39.CGLIB$sqlSessionFactory$1(<generated>) ~[mybatis-plus-boot-starter-3.3.2.jar:3.3.2]
	at com.baomidou.mybatisplus.autoconfigure.MybatisPlusAutoConfiguration$$EnhancerBySpringCGLIB$$f1427f39$$FastClassBySpringCGLIB$$38ba60c2.invoke(<generated>) ~[mybatis-plus-boot-starter-3.3.2.jar:3.3.2]
	at org.springframework.cglib.proxy.MethodProxy.invokeSuper(MethodProxy.java:244) ~[spring-core-5.2.7.RELEASE.jar:5.2.7.RELEASE]
	at org.springframework.context.annotation.ConfigurationClassEnhancer$BeanMethodInterceptor.intercept(ConfigurationClassEnhancer.java:331) ~[spring-context-5.2.7.RELEASE.jar:5.2.7.RELEASE]
	at com.baomidou.mybatisplus.autoconfigure.MybatisPlusAutoConfiguration$$EnhancerBySpringCGLIB$$f1427f39.sqlSessionFactory(<generated>) ~[mybatis-plus-boot-starter-3.3.2.jar:3.3.2]
	at jdk.internal.reflect.NativeMethodAccessorImpl.invoke0(Native Method) ~[?:?]
	at jdk.internal.reflect.NativeMethodAccessorImpl.invoke(NativeMethodAccessorImpl.java:77) ~[?:?]
	at jdk.internal.reflect.DelegatingMethodAccessorImpl.invoke(DelegatingMethodAccessorImpl.java:43) ~[?:?]
	at java.lang.reflect.Method.invoke(Method.java:569) ~[?:?]
	at org.springframework.beans.factory.support.SimpleInstantiationStrategy.instantiate(SimpleInstantiationStrategy.java:154) ~[spring-beans-5.2.7.RELEASE.jar:5.2.7.RELEASE]
	at org.springframework.beans.factory.support.ConstructorResolver.instantiate(ConstructorResolver.java:650) ~[spring-beans-5.2.7.RELEASE.jar:5.2.7.RELEASE]
	at org.springframework.beans.factory.support.ConstructorResolver.instantiateUsingFactoryMethod(ConstructorResolver.java:635) ~[spring-beans-5.2.7.RELEASE.jar:5.2.7.RELEASE]
	at org.springframework.beans.factory.support.AbstractAutowireCapableBeanFactory.instantiateUsingFactoryMethod(AbstractAutowireCapableBeanFactory.java:1338) ~[spring-beans-5.2.7.RELEASE.jar:5.2.7.RELEASE]
	at org.springframework.beans.factory.support.AbstractAutowireCapableBeanFactory.createBeanInstance(AbstractAutowireCapableBeanFactory.java:1177) ~[spring-beans-5.2.7.RELEASE.jar:5.2.7.RELEASE]
	at org.springframework.beans.factory.support.AbstractAutowireCapableBeanFactory.doCreateBean(AbstractAutowireCapableBeanFactory.java:557) ~[spring-beans-5.2.7.RELEASE.jar:5.2.7.RELEASE]
	at org.springframework.beans.factory.support.AbstractAutowireCapableBeanFactory.createBean(AbstractAutowireCapableBeanFactory.java:517) ~[spring-beans-5.2.7.RELEASE.jar:5.2.7.RELEASE]
	at org.springframework.beans.factory.support.AbstractBeanFactory.lambda$doGetBean$0(AbstractBeanFactory.java:323) ~[spring-beans-5.2.7.RELEASE.jar:5.2.7.RELEASE]
	at org.springframework.beans.factory.support.DefaultSingletonBeanRegistry.getSingleton(DefaultSingletonBeanRegistry.java:226) ~[spring-beans-5.2.7.RELEASE.jar:5.2.7.RELEASE]
	at org.springframework.beans.factory.support.AbstractBeanFactory.doGetBean(AbstractBeanFactory.java:321) ~[spring-beans-5.2.7.RELEASE.jar:5.2.7.RELEASE]
	at org.springframework.beans.factory.support.AbstractBeanFactory.getBean(AbstractBeanFactory.java:202) ~[spring-beans-5.2.7.RELEASE.jar:5.2.7.RELEASE]
	at org.springframework.beans.factory.config.DependencyDescriptor.resolveCandidate(DependencyDescriptor.java:276) ~[spring-beans-5.2.7.RELEASE.jar:5.2.7.RELEASE]
	at org.springframework.beans.factory.support.DefaultListableBeanFactory.doResolveDependency(DefaultListableBeanFactory.java:1304) ~[spring-beans-5.2.7.RELEASE.jar:5.2.7.RELEASE]
	at org.springframework.beans.factory.support.DefaultListableBeanFactory.resolveDependency(DefaultListableBeanFactory.java:1224) ~[spring-beans-5.2.7.RELEASE.jar:5.2.7.RELEASE]
	at org.springframework.beans.factory.support.AbstractAutowireCapableBeanFactory.autowireByType(AbstractAutowireCapableBeanFactory.java:1511) ~[spring-beans-5.2.7.RELEASE.jar:5.2.7.RELEASE]
	at org.springframework.beans.factory.support.AbstractAutowireCapableBeanFactory.populateBean(AbstractAutowireCapableBeanFactory.java:1406) ~[spring-beans-5.2.7.RELEASE.jar:5.2.7.RELEASE]
	at org.springframework.beans.factory.support.AbstractAutowireCapableBeanFactory.doCreateBean(AbstractAutowireCapableBeanFactory.java:594) ~[spring-beans-5.2.7.RELEASE.jar:5.2.7.RELEASE]
	at org.springframework.beans.factory.support.AbstractAutowireCapableBeanFactory.createBean(AbstractAutowireCapableBeanFactory.java:517) ~[spring-beans-5.2.7.RELEASE.jar:5.2.7.RELEASE]
	at org.springframework.beans.factory.support.AbstractBeanFactory.lambda$doGetBean$0(AbstractBeanFactory.java:323) ~[spring-beans-5.2.7.RELEASE.jar:5.2.7.RELEASE]
	at org.springframework.beans.factory.support.DefaultSingletonBeanRegistry.getSingleton(DefaultSingletonBeanRegistry.java:226) ~[spring-beans-5.2.7.RELEASE.jar:5.2.7.RELEASE]
	at org.springframework.beans.factory.support.AbstractBeanFactory.doGetBean(AbstractBeanFactory.java:321) ~[spring-beans-5.2.7.RELEASE.jar:5.2.7.RELEASE]
	at org.springframework.beans.factory.support.AbstractBeanFactory.getBean(AbstractBeanFactory.java:202) ~[spring-beans-5.2.7.RELEASE.jar:5.2.7.RELEASE]
	at org.springframework.beans.factory.config.DependencyDescriptor.resolveCandidate(DependencyDescriptor.java:276) ~[spring-beans-5.2.7.RELEASE.jar:5.2.7.RELEASE]
	at org.springframework.beans.factory.support.DefaultListableBeanFactory.doResolveDependency(DefaultListableBeanFactory.java:1304) ~[spring-beans-5.2.7.RELEASE.jar:5.2.7.RELEASE]
	at org.springframework.beans.factory.support.DefaultListableBeanFactory.resolveDependency(DefaultListableBeanFactory.java:1224) ~[spring-beans-5.2.7.RELEASE.jar:5.2.7.RELEASE]
	at org.springframework.beans.factory.annotation.AutowiredAnnotationBeanPostProcessor$AutowiredFieldElement.inject(AutowiredAnnotationBeanPostProcessor.java:640) ~[spring-beans-5.2.7.RELEASE.jar:5.2.7.RELEASE]
	at org.springframework.beans.factory.annotation.InjectionMetadata.inject(InjectionMetadata.java:130) ~[spring-beans-5.2.7.RELEASE.jar:5.2.7.RELEASE]
	at org.springframework.beans.factory.annotation.AutowiredAnnotationBeanPostProcessor.postProcessProperties(AutowiredAnnotationBeanPostProcessor.java:399) ~[spring-beans-5.2.7.RELEASE.jar:5.2.7.RELEASE]
	at org.springframework.beans.factory.support.AbstractAutowireCapableBeanFactory.populateBean(AbstractAutowireCapableBeanFactory.java:1422) ~[spring-beans-5.2.7.RELEASE.jar:5.2.7.RELEASE]
	at org.springframework.beans.factory.support.AbstractAutowireCapableBeanFactory.doCreateBean(AbstractAutowireCapableBeanFactory.java:594) ~[spring-beans-5.2.7.RELEASE.jar:5.2.7.RELEASE]
	at org.springframework.beans.factory.support.AbstractAutowireCapableBeanFactory.createBean(AbstractAutowireCapableBeanFactory.java:517) ~[spring-beans-5.2.7.RELEASE.jar:5.2.7.RELEASE]
	at org.springframework.beans.factory.support.AbstractBeanFactory.lambda$doGetBean$0(AbstractBeanFactory.java:323) ~[spring-beans-5.2.7.RELEASE.jar:5.2.7.RELEASE]
	at org.springframework.beans.factory.support.DefaultSingletonBeanRegistry.getSingleton(DefaultSingletonBeanRegistry.java:226) ~[spring-beans-5.2.7.RELEASE.jar:5.2.7.RELEASE]
	at org.springframework.beans.factory.support.AbstractBeanFactory.doGetBean(AbstractBeanFactory.java:321) ~[spring-beans-5.2.7.RELEASE.jar:5.2.7.RELEASE]
	at org.springframework.beans.factory.support.AbstractBeanFactory.getBean(AbstractBeanFactory.java:202) ~[spring-beans-5.2.7.RELEASE.jar:5.2.7.RELEASE]
	at org.springframework.beans.factory.config.DependencyDescriptor.resolveCandidate(DependencyDescriptor.java:276) ~[spring-beans-5.2.7.RELEASE.jar:5.2.7.RELEASE]
	at org.springframework.beans.factory.support.DefaultListableBeanFactory.doResolveDependency(DefaultListableBeanFactory.java:1304) ~[spring-beans-5.2.7.RELEASE.jar:5.2.7.RELEASE]
	at org.springframework.beans.factory.support.DefaultListableBeanFactory.resolveDependency(DefaultListableBeanFactory.java:1224) ~[spring-beans-5.2.7.RELEASE.jar:5.2.7.RELEASE]
	at org.springframework.beans.factory.annotation.AutowiredAnnotationBeanPostProcessor$AutowiredFieldElement.inject(AutowiredAnnotationBeanPostProcessor.java:640) ~[spring-beans-5.2.7.RELEASE.jar:5.2.7.RELEASE]
	at org.springframework.beans.factory.annotation.InjectionMetadata.inject(InjectionMetadata.java:130) ~[spring-beans-5.2.7.RELEASE.jar:5.2.7.RELEASE]
	at org.springframework.beans.factory.annotation.AutowiredAnnotationBeanPostProcessor.postProcessProperties(AutowiredAnnotationBeanPostProcessor.java:399) ~[spring-beans-5.2.7.RELEASE.jar:5.2.7.RELEASE]
	at org.springframework.beans.factory.support.AbstractAutowireCapableBeanFactory.populateBean(AbstractAutowireCapableBeanFactory.java:1422) ~[spring-beans-5.2.7.RELEASE.jar:5.2.7.RELEASE]
	at org.springframework.beans.factory.support.AbstractAutowireCapableBeanFactory.doCreateBean(AbstractAutowireCapableBeanFactory.java:594) ~[spring-beans-5.2.7.RELEASE.jar:5.2.7.RELEASE]
	at org.springframework.beans.factory.support.AbstractAutowireCapableBeanFactory.createBean(AbstractAutowireCapableBeanFactory.java:517) ~[spring-beans-5.2.7.RELEASE.jar:5.2.7.RELEASE]
	at org.springframework.beans.factory.support.AbstractBeanFactory.lambda$doGetBean$0(AbstractBeanFactory.java:323) ~[spring-beans-5.2.7.RELEASE.jar:5.2.7.RELEASE]
	at org.springframework.beans.factory.support.DefaultSingletonBeanRegistry.getSingleton(DefaultSingletonBeanRegistry.java:226) ~[spring-beans-5.2.7.RELEASE.jar:5.2.7.RELEASE]
	at org.springframework.beans.factory.support.AbstractBeanFactory.doGetBean(AbstractBeanFactory.java:321) ~[spring-beans-5.2.7.RELEASE.jar:5.2.7.RELEASE]
	at org.springframework.beans.factory.support.AbstractBeanFactory.getBean(AbstractBeanFactory.java:202) ~[spring-beans-5.2.7.RELEASE.jar:5.2.7.RELEASE]
	at org.springframework.beans.factory.support.DefaultListableBeanFactory.preInstantiateSingletons(DefaultListableBeanFactory.java:893) ~[spring-beans-5.2.7.RELEASE.jar:5.2.7.RELEASE]
	at org.springframework.context.support.AbstractApplicationContext.finishBeanFactoryInitialization(AbstractApplicationContext.java:879) ~[spring-context-5.2.7.RELEASE.jar:5.2.7.RELEASE]
	at org.springframework.context.support.AbstractApplicationContext.refresh(AbstractApplicationContext.java:551) ~[spring-context-5.2.7.RELEASE.jar:5.2.7.RELEASE]
	at org.springframework.boot.SpringApplication.refresh(SpringApplication.java:758) ~[spring-boot-2.3.1.RELEASE.jar:2.3.1.RELEASE]
	at org.springframework.boot.SpringApplication.refresh(SpringApplication.java:750) ~[spring-boot-2.3.1.RELEASE.jar:2.3.1.RELEASE]
	at org.springframework.boot.SpringApplication.refreshContext(SpringApplication.java:397) ~[spring-boot-2.3.1.RELEASE.jar:2.3.1.RELEASE]
	at org.springframework.boot.SpringApplication.run(SpringApplication.java:315) ~[spring-boot-2.3.1.RELEASE.jar:2.3.1.RELEASE]
	at org.springframework.boot.test.context.SpringBootContextLoader.loadContext(SpringBootContextLoader.java:120) ~[spring-boot-test-2.3.1.RELEASE.jar:2.3.1.RELEASE]
	at org.springframework.test.context.cache.DefaultCacheAwareContextLoaderDelegate.loadContextInternal(DefaultCacheAwareContextLoaderDelegate.java:99) ~[spring-test-5.2.7.RELEASE.jar:5.2.7.RELEASE]
	at org.springframework.test.context.cache.DefaultCacheAwareContextLoaderDelegate.loadContext(DefaultCacheAwareContextLoaderDelegate.java:124) ~[spring-test-5.2.7.RELEASE.jar:5.2.7.RELEASE]
	... 46 more
[2026-06-11 21:39:49:239] [INFO] - org.springframework.boot.StartupInfoLogger.logStarting(StartupInfoLogger.java:55) - Starting PermissionMapperTest on LAPTOP-4P0OPOK9 with PID 29616 (started by 13292 in C:\Users\13292\Desktop\claudel1\reposNew\task30)
[2026-06-11 21:39:49:239] [INFO] - org.springframework.boot.SpringApplication.logStartupProfileInfo(SpringApplication.java:655) - The following profiles are active: dev
[2026-06-11 21:39:49:688] [INFO] - org.springframework.data.repository.config.RepositoryConfigurationDelegate.multipleStoresDetected(RepositoryConfigurationDelegate.java:249) - Multiple Spring Data modules found, entering strict repository configuration mode!
[2026-06-11 21:39:49:688] [INFO] - org.springframework.data.repository.config.RepositoryConfigurationDelegate.registerRepositoriesIn(RepositoryConfigurationDelegate.java:127) - Bootstrapping Spring Data Redis repositories in DEFAULT mode.
[2026-06-11 21:39:49:737] [INFO] - org.springframework.data.repository.config.RepositoryConfigurationDelegate.registerRepositoriesIn(RepositoryConfigurationDelegate.java:187) - Finished Spring Data repository scanning in 48ms. Found 0 Redis repository interfaces.
[2026-06-11 21:39:49:858] [INFO] - org.springframework.context.support.PostProcessorRegistrationDelegate$BeanPostProcessorChecker.postProcessAfterInitialization(PostProcessorRegistrationDelegate.java:335) - Bean 'org.springframework.security.access.expression.method.DefaultMethodSecurityExpressionHandler@2a6600ab' of type [org.springframework.security.access.expression.method.DefaultMethodSecurityExpressionHandler] is not eligible for getting processed by all BeanPostProcessors (for example: not eligible for auto-proxying)
[2026-06-11 21:39:49:873] [INFO] - org.springframework.context.support.PostProcessorRegistrationDelegate$BeanPostProcessorChecker.postProcessAfterInitialization(PostProcessorRegistrationDelegate.java:335) - Bean 'methodSecurityMetadataSource' of type [org.springframework.security.access.method.DelegatingMethodSecurityMetadataSource] is not eligible for getting processed by all BeanPostProcessors (for example: not eligible for auto-proxying)
[2026-06-11 21:39:50:188] [WARN] - org.springframework.context.support.AbstractApplicationContext.refresh(AbstractApplicationContext.java:559) - Exception encountered during context initialization - cancelling refresh attempt: org.springframework.beans.factory.UnsatisfiedDependencyException: Error creating bean with name 'sharedBookPermissionChecker': Unsatisfied dependency expressed through field 'sharedBookService'; nested exception is org.springframework.beans.factory.UnsatisfiedDependencyException: Error creating bean with name 'sharedBookServiceImpl': Unsatisfied dependency expressed through field 'baseMapper'; nested exception is org.springframework.beans.factory.UnsatisfiedDependencyException: Error creating bean with name 'sharedBookMemberMapper' defined in file [C:\Users\13292\Desktop\claudel1\reposNew\task30\target\classes\cn\jackbin\SimpleRecord\mapper\SharedBookMemberMapper.class]: Unsatisfied dependency expressed through bean property 'sqlSessionFactory'; nested exception is org.springframework.beans.factory.BeanCreationException: Error creating bean with name 'sqlSessionFactory' defined in class path resource [com/baomidou/mybatisplus/autoconfigure/MybatisPlusAutoConfiguration.class]: Bean instantiation via factory method failed; nested exception is org.springframework.beans.BeanInstantiationException: Failed to instantiate [org.apache.ibatis.session.SqlSessionFactory]: Factory method 'sqlSessionFactory' threw exception; nested exception is org.springframework.core.NestedIOException: Failed to parse mapping resource: 'file [C:\Users\13292\Desktop\claudel1\reposNew\task30\target\classes\mapper\BudgetMapper.xml]'; nested exception is org.apache.ibatis.builder.BuilderException: Error parsing Mapper XML. The XML location is 'file [C:\Users\13292\Desktop\claudel1\reposNew\task30\target\classes\mapper\BudgetMapper.xml]'. Cause: org.apache.ibatis.builder.BuilderException: Error resolving class. Cause: org.apache.ibatis.type.TypeException: Could not resolve type alias 'cn.jackbin.SimpleRecord.dto.BudgetExecutionDTO'.  Cause: java.lang.ClassNotFoundException: Cannot find class: cn.jackbin.SimpleRecord.dto.BudgetExecutionDTO
[2026-06-11 21:39:50:197] [ERROR] - org.springframework.boot.SpringApplication.reportFailure(SpringApplication.java:837) - Application run failed
org.springframework.beans.factory.UnsatisfiedDependencyException: Error creating bean with name 'sharedBookPermissionChecker': Unsatisfied dependency expressed through field 'sharedBookService'; nested exception is org.springframework.beans.factory.UnsatisfiedDependencyException: Error creating bean with name 'sharedBookServiceImpl': Unsatisfied dependency expressed through field 'baseMapper'; nested exception is org.springframework.beans.factory.UnsatisfiedDependencyException: Error creating bean with name 'sharedBookMemberMapper' defined in file [C:\Users\13292\Desktop\claudel1\reposNew\task30\target\classes\cn\jackbin\SimpleRecord\mapper\SharedBookMemberMapper.class]: Unsatisfied dependency expressed through bean property 'sqlSessionFactory'; nested exception is org.springframework.beans.factory.BeanCreationException: Error creating bean with name 'sqlSessionFactory' defined in class path resource [com/baomidou/mybatisplus/autoconfigure/MybatisPlusAutoConfiguration.class]: Bean instantiation via factory method failed; nested exception is org.springframework.beans.BeanInstantiationException: Failed to instantiate [org.apache.ibatis.session.SqlSessionFactory]: Factory method 'sqlSessionFactory' threw exception; nested exception is org.springframework.core.NestedIOException: Failed to parse mapping resource: 'file [C:\Users\13292\Desktop\claudel1\reposNew\task30\target\classes\mapper\BudgetMapper.xml]'; nested exception is org.apache.ibatis.builder.BuilderException: Error parsing Mapper XML. The XML location is 'file [C:\Users\13292\Desktop\claudel1\reposNew\task30\target\classes\mapper\BudgetMapper.xml]'. Cause: org.apache.ibatis.builder.BuilderException: Error resolving class. Cause: org.apache.ibatis.type.TypeException: Could not resolve type alias 'cn.jackbin.SimpleRecord.dto.BudgetExecutionDTO'.  Cause: java.lang.ClassNotFoundException: Cannot find class: cn.jackbin.SimpleRecord.dto.BudgetExecutionDTO
	at org.springframework.beans.factory.annotation.AutowiredAnnotationBeanPostProcessor$AutowiredFieldElement.inject(AutowiredAnnotationBeanPostProcessor.java:643) ~[spring-beans-5.2.7.RELEASE.jar:5.2.7.RELEASE]
	at org.springframework.beans.factory.annotation.InjectionMetadata.inject(InjectionMetadata.java:130) ~[spring-beans-5.2.7.RELEASE.jar:5.2.7.RELEASE]
	at org.springframework.beans.factory.annotation.AutowiredAnnotationBeanPostProcessor.postProcessProperties(AutowiredAnnotationBeanPostProcessor.java:399) ~[spring-beans-5.2.7.RELEASE.jar:5.2.7.RELEASE]
	at org.springframework.beans.factory.support.AbstractAutowireCapableBeanFactory.populateBean(AbstractAutowireCapableBeanFactory.java:1422) ~[spring-beans-5.2.7.RELEASE.jar:5.2.7.RELEASE]
	at org.springframework.beans.factory.support.AbstractAutowireCapableBeanFactory.doCreateBean(AbstractAutowireCapableBeanFactory.java:594) ~[spring-beans-5.2.7.RELEASE.jar:5.2.7.RELEASE]
	at org.springframework.beans.factory.support.AbstractAutowireCapableBeanFactory.createBean(AbstractAutowireCapableBeanFactory.java:517) ~[spring-beans-5.2.7.RELEASE.jar:5.2.7.RELEASE]
	at org.springframework.beans.factory.support.AbstractBeanFactory.lambda$doGetBean$0(AbstractBeanFactory.java:323) ~[spring-beans-5.2.7.RELEASE.jar:5.2.7.RELEASE]
	at org.springframework.beans.factory.support.DefaultSingletonBeanRegistry.getSingleton(DefaultSingletonBeanRegistry.java:226) ~[spring-beans-5.2.7.RELEASE.jar:5.2.7.RELEASE]
	at org.springframework.beans.factory.support.AbstractBeanFactory.doGetBean(AbstractBeanFactory.java:321) ~[spring-beans-5.2.7.RELEASE.jar:5.2.7.RELEASE]
	at org.springframework.beans.factory.support.AbstractBeanFactory.getBean(AbstractBeanFactory.java:202) ~[spring-beans-5.2.7.RELEASE.jar:5.2.7.RELEASE]
	at org.springframework.beans.factory.support.DefaultListableBeanFactory.preInstantiateSingletons(DefaultListableBeanFactory.java:893) ~[spring-beans-5.2.7.RELEASE.jar:5.2.7.RELEASE]
	at org.springframework.context.support.AbstractApplicationContext.finishBeanFactoryInitialization(AbstractApplicationContext.java:879) ~[spring-context-5.2.7.RELEASE.jar:5.2.7.RELEASE]
	at org.springframework.context.support.AbstractApplicationContext.refresh(AbstractApplicationContext.java:551) ~[spring-context-5.2.7.RELEASE.jar:5.2.7.RELEASE]
	at org.springframework.boot.SpringApplication.refresh(SpringApplication.java:758) ~[spring-boot-2.3.1.RELEASE.jar:2.3.1.RELEASE]
	at org.springframework.boot.SpringApplication.refresh(SpringApplication.java:750) ~[spring-boot-2.3.1.RELEASE.jar:2.3.1.RELEASE]
	at org.springframework.boot.SpringApplication.refreshContext(SpringApplication.java:397) ~[spring-boot-2.3.1.RELEASE.jar:2.3.1.RELEASE]
	at org.springframework.boot.SpringApplication.run(SpringApplication.java:315) ~[spring-boot-2.3.1.RELEASE.jar:2.3.1.RELEASE]
	at org.springframework.boot.test.context.SpringBootContextLoader.loadContext(SpringBootContextLoader.java:120) ~[spring-boot-test-2.3.1.RELEASE.jar:2.3.1.RELEASE]
	at org.springframework.test.context.cache.DefaultCacheAwareContextLoaderDelegate.loadContextInternal(DefaultCacheAwareContextLoaderDelegate.java:99) ~[spring-test-5.2.7.RELEASE.jar:5.2.7.RELEASE]
	at org.springframework.test.context.cache.DefaultCacheAwareContextLoaderDelegate.loadContext(DefaultCacheAwareContextLoaderDelegate.java:124) ~[spring-test-5.2.7.RELEASE.jar:5.2.7.RELEASE]
	at org.springframework.test.context.support.DefaultTestContext.getApplicationContext(DefaultTestContext.java:123) ~[spring-test-5.2.7.RELEASE.jar:5.2.7.RELEASE]
	at org.springframework.test.context.web.ServletTestExecutionListener.setUpRequestContextIfNecessary(ServletTestExecutionListener.java:190) ~[spring-test-5.2.7.RELEASE.jar:5.2.7.RELEASE]
	at org.springframework.test.context.web.ServletTestExecutionListener.prepareTestInstance(ServletTestExecutionListener.java:132) ~[spring-test-5.2.7.RELEASE.jar:5.2.7.RELEASE]
	at org.springframework.test.context.TestContextManager.prepareTestInstance(TestContextManager.java:244) ~[spring-test-5.2.7.RELEASE.jar:5.2.7.RELEASE]
	at org.springframework.test.context.junit4.SpringJUnit4ClassRunner.createTest(SpringJUnit4ClassRunner.java:227) ~[spring-test-5.2.7.RELEASE.jar:5.2.7.RELEASE]
	at org.springframework.test.context.junit4.SpringJUnit4ClassRunner$1.runReflectiveCall(SpringJUnit4ClassRunner.java:289) ~[spring-test-5.2.7.RELEASE.jar:5.2.7.RELEASE]
	at org.junit.internal.runners.model.ReflectiveCallable.run(ReflectiveCallable.java:12) ~[junit-4.13.jar:4.13]
	at org.springframework.test.context.junit4.SpringJUnit4ClassRunner.methodBlock(SpringJUnit4ClassRunner.java:291) ~[spring-test-5.2.7.RELEASE.jar:5.2.7.RELEASE]
	at org.springframework.test.context.junit4.SpringJUnit4ClassRunner.runChild(SpringJUnit4ClassRunner.java:246) ~[spring-test-5.2.7.RELEASE.jar:5.2.7.RELEASE]
	at org.springframework.test.context.junit4.SpringJUnit4ClassRunner.runChild(SpringJUnit4ClassRunner.java:97) ~[spring-test-5.2.7.RELEASE.jar:5.2.7.RELEASE]
	at org.junit.runners.ParentRunner$4.run(ParentRunner.java:331) ~[junit-4.13.jar:4.13]
	at org.junit.runners.ParentRunner$1.schedule(ParentRunner.java:79) ~[junit-4.13.jar:4.13]
	at org.junit.runners.ParentRunner.runChildren(ParentRunner.java:329) ~[junit-4.13.jar:4.13]
	at org.junit.runners.ParentRunner.access$100(ParentRunner.java:66) ~[junit-4.13.jar:4.13]
	at org.junit.runners.ParentRunner$2.evaluate(ParentRunner.java:293) ~[junit-4.13.jar:4.13]
	at org.springframework.test.context.junit4.statements.RunBeforeTestClassCallbacks.evaluate(RunBeforeTestClassCallbacks.java:61) ~[spring-test-5.2.7.RELEASE.jar:5.2.7.RELEASE]
	at org.springframework.test.context.junit4.statements.RunAfterTestClassCallbacks.evaluate(RunAfterTestClassCallbacks.java:70) ~[spring-test-5.2.7.RELEASE.jar:5.2.7.RELEASE]
	at org.junit.runners.ParentRunner$3.evaluate(ParentRunner.java:306) ~[junit-4.13.jar:4.13]
	at org.junit.runners.ParentRunner.run(ParentRunner.java:413) ~[junit-4.13.jar:4.13]
	at org.springframework.test.context.junit4.SpringJUnit4ClassRunner.run(SpringJUnit4ClassRunner.java:190) ~[spring-test-5.2.7.RELEASE.jar:5.2.7.RELEASE]
	at org.junit.runner.JUnitCore.run(JUnitCore.java:137) ~[junit-4.13.jar:4.13]
	at org.junit.runner.JUnitCore.run(JUnitCore.java:115) ~[junit-4.13.jar:4.13]
	at org.junit.vintage.engine.execution.RunnerExecutor.execute(RunnerExecutor.java:43) ~[junit-vintage-engine-5.6.2.jar:5.6.2]
	at java.util.stream.ForEachOps$ForEachOp$OfRef.accept(ForEachOps.java:183) ~[?:?]
	at java.util.stream.ReferencePipeline$3$1.accept(ReferencePipeline.java:197) ~[?:?]
	at java.util.Iterator.forEachRemaining(Iterator.java:133) ~[?:?]
	at java.util.Spliterators$IteratorSpliterator.forEachRemaining(Spliterators.java:1845) ~[?:?]
	at java.util.stream.AbstractPipeline.copyInto(AbstractPipeline.java:509) ~[?:?]
	at java.util.stream.AbstractPipeline.wrapAndCopyInto(AbstractPipeline.java:499) ~[?:?]
	at java.util.stream.ForEachOps$ForEachOp.evaluateSequential(ForEachOps.java:150) ~[?:?]
	at java.util.stream.ForEachOps$ForEachOp$OfRef.evaluateSequential(ForEachOps.java:173) ~[?:?]
	at java.util.stream.AbstractPipeline.evaluate(AbstractPipeline.java:234) ~[?:?]
	at java.util.stream.ReferencePipeline.forEach(ReferencePipeline.java:596) ~[?:?]
	at org.junit.vintage.engine.VintageTestEngine.executeAllChildren(VintageTestEngine.java:82) ~[junit-vintage-engine-5.6.2.jar:5.6.2]
	at org.junit.vintage.engine.VintageTestEngine.execute(VintageTestEngine.java:73) ~[junit-vintage-engine-5.6.2.jar:5.6.2]
	at org.junit.platform.launcher.core.DefaultLauncher.execute(DefaultLauncher.java:220) ~[junit-platform-launcher-1.3.1.jar:1.3.1]
	at org.junit.platform.launcher.core.DefaultLauncher.lambda$execute$6(DefaultLauncher.java:188) ~[junit-platform-launcher-1.3.1.jar:1.3.1]
	at org.junit.platform.launcher.core.DefaultLauncher.withInterceptedStreams(DefaultLauncher.java:202) [junit-platform-launcher-1.3.1.jar:1.3.1]
	at org.junit.platform.launcher.core.DefaultLauncher.execute(DefaultLauncher.java:181) [junit-platform-launcher-1.3.1.jar:1.3.1]
	at org.junit.platform.launcher.core.DefaultLauncher.execute(DefaultLauncher.java:128) [junit-platform-launcher-1.3.1.jar:1.3.1]
	at org.apache.maven.surefire.junitplatform.JUnitPlatformProvider.invokeAllTests(JUnitPlatformProvider.java:150) [surefire-junit-platform-2.22.2.jar:2.22.2]
	at org.apache.maven.surefire.junitplatform.JUnitPlatformProvider.invoke(JUnitPlatformProvider.java:124) [surefire-junit-platform-2.22.2.jar:2.22.2]
	at org.apache.maven.surefire.booter.ForkedBooter.invokeProviderInSameClassLoader(ForkedBooter.java:384) [surefire-booter-2.22.2.jar:2.22.2]
	at org.apache.maven.surefire.booter.ForkedBooter.runSuitesInProcess(ForkedBooter.java:345) [surefire-booter-2.22.2.jar:2.22.2]
	at org.apache.maven.surefire.booter.ForkedBooter.execute(ForkedBooter.java:126) [surefire-booter-2.22.2.jar:2.22.2]
	at org.apache.maven.surefire.booter.ForkedBooter.main(ForkedBooter.java:418) [surefire-booter-2.22.2.jar:2.22.2]
Caused by: org.springframework.beans.factory.UnsatisfiedDependencyException: Error creating bean with name 'sharedBookServiceImpl': Unsatisfied dependency expressed through field 'baseMapper'; nested exception is org.springframework.beans.factory.UnsatisfiedDependencyException: Error creating bean with name 'sharedBookMemberMapper' defined in file [C:\Users\13292\Desktop\claudel1\reposNew\task30\target\classes\cn\jackbin\SimpleRecord\mapper\SharedBookMemberMapper.class]: Unsatisfied dependency expressed through bean property 'sqlSessionFactory'; nested exception is org.springframework.beans.factory.BeanCreationException: Error creating bean with name 'sqlSessionFactory' defined in class path resource [com/baomidou/mybatisplus/autoconfigure/MybatisPlusAutoConfiguration.class]: Bean instantiation via factory method failed; nested exception is org.springframework.beans.BeanInstantiationException: Failed to instantiate [org.apache.ibatis.session.SqlSessionFactory]: Factory method 'sqlSessionFactory' threw exception; nested exception is org.springframework.core.NestedIOException: Failed to parse mapping resource: 'file [C:\Users\13292\Desktop\claudel1\reposNew\task30\target\classes\mapper\BudgetMapper.xml]'; nested exception is org.apache.ibatis.builder.BuilderException: Error parsing Mapper XML. The XML location is 'file [C:\Users\13292\Desktop\claudel1\reposNew\task30\target\classes\mapper\BudgetMapper.xml]'. Cause: org.apache.ibatis.builder.BuilderException: Error resolving class. Cause: org.apache.ibatis.type.TypeException: Could not resolve type alias 'cn.jackbin.SimpleRecord.dto.BudgetExecutionDTO'.  Cause: java.lang.ClassNotFoundException: Cannot find class: cn.jackbin.SimpleRecord.dto.BudgetExecutionDTO
	at org.springframework.beans.factory.annotation.AutowiredAnnotationBeanPostProcessor$AutowiredFieldElement.inject(AutowiredAnnotationBeanPostProcessor.java:643) ~[spring-beans-5.2.7.RELEASE.jar:5.2.7.RELEASE]
	at org.springframework.beans.factory.annotation.InjectionMetadata.inject(InjectionMetadata.java:130) ~[spring-beans-5.2.7.RELEASE.jar:5.2.7.RELEASE]
	at org.springframework.beans.factory.annotation.AutowiredAnnotationBeanPostProcessor.postProcessProperties(AutowiredAnnotationBeanPostProcessor.java:399) ~[spring-beans-5.2.7.RELEASE.jar:5.2.7.RELEASE]
	at org.springframework.beans.factory.support.AbstractAutowireCapableBeanFactory.populateBean(AbstractAutowireCapableBeanFactory.java:1422) ~[spring-beans-5.2.7.RELEASE.jar:5.2.7.RELEASE]
	at org.springframework.beans.factory.support.AbstractAutowireCapableBeanFactory.doCreateBean(AbstractAutowireCapableBeanFactory.java:594) ~[spring-beans-5.2.7.RELEASE.jar:5.2.7.RELEASE]
	at org.springframework.beans.factory.support.AbstractAutowireCapableBeanFactory.createBean(AbstractAutowireCapableBeanFactory.java:517) ~[spring-beans-5.2.7.RELEASE.jar:5.2.7.RELEASE]
	at org.springframework.beans.factory.support.AbstractBeanFactory.lambda$doGetBean$0(AbstractBeanFactory.java:323) ~[spring-beans-5.2.7.RELEASE.jar:5.2.7.RELEASE]
	at org.springframework.beans.factory.support.DefaultSingletonBeanRegistry.getSingleton(DefaultSingletonBeanRegistry.java:226) ~[spring-beans-5.2.7.RELEASE.jar:5.2.7.RELEASE]
	at org.springframework.beans.factory.support.AbstractBeanFactory.doGetBean(AbstractBeanFactory.java:321) ~[spring-beans-5.2.7.RELEASE.jar:5.2.7.RELEASE]
	at org.springframework.beans.factory.support.AbstractBeanFactory.getBean(AbstractBeanFactory.java:202) ~[spring-beans-5.2.7.RELEASE.jar:5.2.7.RELEASE]
	at org.springframework.beans.factory.config.DependencyDescriptor.resolveCandidate(DependencyDescriptor.java:276) ~[spring-beans-5.2.7.RELEASE.jar:5.2.7.RELEASE]
	at org.springframework.beans.factory.support.DefaultListableBeanFactory.doResolveDependency(DefaultListableBeanFactory.java:1304) ~[spring-beans-5.2.7.RELEASE.jar:5.2.7.RELEASE]
	at org.springframework.beans.factory.support.DefaultListableBeanFactory.resolveDependency(DefaultListableBeanFactory.java:1224) ~[spring-beans-5.2.7.RELEASE.jar:5.2.7.RELEASE]
	at org.springframework.beans.factory.annotation.AutowiredAnnotationBeanPostProcessor$AutowiredFieldElement.inject(AutowiredAnnotationBeanPostProcessor.java:640) ~[spring-beans-5.2.7.RELEASE.jar:5.2.7.RELEASE]
	... 65 more
Caused by: org.springframework.beans.factory.UnsatisfiedDependencyException: Error creating bean with name 'sharedBookMemberMapper' defined in file [C:\Users\13292\Desktop\claudel1\reposNew\task30\target\classes\cn\jackbin\SimpleRecord\mapper\SharedBookMemberMapper.class]: Unsatisfied dependency expressed through bean property 'sqlSessionFactory'; nested exception is org.springframework.beans.factory.BeanCreationException: Error creating bean with name 'sqlSessionFactory' defined in class path resource [com/baomidou/mybatisplus/autoconfigure/MybatisPlusAutoConfiguration.class]: Bean instantiation via factory method failed; nested exception is org.springframework.beans.BeanInstantiationException: Failed to instantiate [org.apache.ibatis.session.SqlSessionFactory]: Factory method 'sqlSessionFactory' threw exception; nested exception is org.springframework.core.NestedIOException: Failed to parse mapping resource: 'file [C:\Users\13292\Desktop\claudel1\reposNew\task30\target\classes\mapper\BudgetMapper.xml]'; nested exception is org.apache.ibatis.builder.BuilderException: Error parsing Mapper XML. The XML location is 'file [C:\Users\13292\Desktop\claudel1\reposNew\task30\target\classes\mapper\BudgetMapper.xml]'. Cause: org.apache.ibatis.builder.BuilderException: Error resolving class. Cause: org.apache.ibatis.type.TypeException: Could not resolve type alias 'cn.jackbin.SimpleRecord.dto.BudgetExecutionDTO'.  Cause: java.lang.ClassNotFoundException: Cannot find class: cn.jackbin.SimpleRecord.dto.BudgetExecutionDTO
	at org.springframework.beans.factory.support.AbstractAutowireCapableBeanFactory.autowireByType(AbstractAutowireCapableBeanFactory.java:1526) ~[spring-beans-5.2.7.RELEASE.jar:5.2.7.RELEASE]
	at org.springframework.beans.factory.support.AbstractAutowireCapableBeanFactory.populateBean(AbstractAutowireCapableBeanFactory.java:1406) ~[spring-beans-5.2.7.RELEASE.jar:5.2.7.RELEASE]
	at org.springframework.beans.factory.support.AbstractAutowireCapableBeanFactory.doCreateBean(AbstractAutowireCapableBeanFactory.java:594) ~[spring-beans-5.2.7.RELEASE.jar:5.2.7.RELEASE]
	at org.springframework.beans.factory.support.AbstractAutowireCapableBeanFactory.createBean(AbstractAutowireCapableBeanFactory.java:517) ~[spring-beans-5.2.7.RELEASE.jar:5.2.7.RELEASE]
	at org.springframework.beans.factory.support.AbstractBeanFactory.lambda$doGetBean$0(AbstractBeanFactory.java:323) ~[spring-beans-5.2.7.RELEASE.jar:5.2.7.RELEASE]
	at org.springframework.beans.factory.support.DefaultSingletonBeanRegistry.getSingleton(DefaultSingletonBeanRegistry.java:226) ~[spring-beans-5.2.7.RELEASE.jar:5.2.7.RELEASE]
	at org.springframework.beans.factory.support.AbstractBeanFactory.doGetBean(AbstractBeanFactory.java:321) ~[spring-beans-5.2.7.RELEASE.jar:5.2.7.RELEASE]
	at org.springframework.beans.factory.support.AbstractBeanFactory.getBean(AbstractBeanFactory.java:202) ~[spring-beans-5.2.7.RELEASE.jar:5.2.7.RELEASE]
	at org.springframework.beans.factory.config.DependencyDescriptor.resolveCandidate(DependencyDescriptor.java:276) ~[spring-beans-5.2.7.RELEASE.jar:5.2.7.RELEASE]
	at org.springframework.beans.factory.support.DefaultListableBeanFactory.doResolveDependency(DefaultListableBeanFactory.java:1304) ~[spring-beans-5.2.7.RELEASE.jar:5.2.7.RELEASE]
	at org.springframework.beans.factory.support.DefaultListableBeanFactory.resolveDependency(DefaultListableBeanFactory.java:1224) ~[spring-beans-5.2.7.RELEASE.jar:5.2.7.RELEASE]
	at org.springframework.beans.factory.annotation.AutowiredAnnotationBeanPostProcessor$AutowiredFieldElement.inject(AutowiredAnnotationBeanPostProcessor.java:640) ~[spring-beans-5.2.7.RELEASE.jar:5.2.7.RELEASE]
	at org.springframework.beans.factory.annotation.InjectionMetadata.inject(InjectionMetadata.java:130) ~[spring-beans-5.2.7.RELEASE.jar:5.2.7.RELEASE]
	at org.springframework.beans.factory.annotation.AutowiredAnnotationBeanPostProcessor.postProcessProperties(AutowiredAnnotationBeanPostProcessor.java:399) ~[spring-beans-5.2.7.RELEASE.jar:5.2.7.RELEASE]
	at org.springframework.beans.factory.support.AbstractAutowireCapableBeanFactory.populateBean(AbstractAutowireCapableBeanFactory.java:1422) ~[spring-beans-5.2.7.RELEASE.jar:5.2.7.RELEASE]
	at org.springframework.beans.factory.support.AbstractAutowireCapableBeanFactory.doCreateBean(AbstractAutowireCapableBeanFactory.java:594) ~[spring-beans-5.2.7.RELEASE.jar:5.2.7.RELEASE]
	at org.springframework.beans.factory.support.AbstractAutowireCapableBeanFactory.createBean(AbstractAutowireCapableBeanFactory.java:517) ~[spring-beans-5.2.7.RELEASE.jar:5.2.7.RELEASE]
	at org.springframework.beans.factory.support.AbstractBeanFactory.lambda$doGetBean$0(AbstractBeanFactory.java:323) ~[spring-beans-5.2.7.RELEASE.jar:5.2.7.RELEASE]
	at org.springframework.beans.factory.support.DefaultSingletonBeanRegistry.getSingleton(DefaultSingletonBeanRegistry.java:226) ~[spring-beans-5.2.7.RELEASE.jar:5.2.7.RELEASE]
	at org.springframework.beans.factory.support.AbstractBeanFactory.doGetBean(AbstractBeanFactory.java:321) ~[spring-beans-5.2.7.RELEASE.jar:5.2.7.RELEASE]
	at org.springframework.beans.factory.support.AbstractBeanFactory.getBean(AbstractBeanFactory.java:202) ~[spring-beans-5.2.7.RELEASE.jar:5.2.7.RELEASE]
	at org.springframework.beans.factory.config.DependencyDescriptor.resolveCandidate(DependencyDescriptor.java:276) ~[spring-beans-5.2.7.RELEASE.jar:5.2.7.RELEASE]
	at org.springframework.beans.factory.support.DefaultListableBeanFactory.doResolveDependency(DefaultListableBeanFactory.java:1304) ~[spring-beans-5.2.7.RELEASE.jar:5.2.7.RELEASE]
	at org.springframework.beans.factory.support.DefaultListableBeanFactory.resolveDependency(DefaultListableBeanFactory.java:1224) ~[spring-beans-5.2.7.RELEASE.jar:5.2.7.RELEASE]
	at org.springframework.beans.factory.annotation.AutowiredAnnotationBeanPostProcessor$AutowiredFieldElement.inject(AutowiredAnnotationBeanPostProcessor.java:640) ~[spring-beans-5.2.7.RELEASE.jar:5.2.7.RELEASE]
	... 65 more
Caused by: org.springframework.beans.factory.BeanCreationException: Error creating bean with name 'sqlSessionFactory' defined in class path resource [com/baomidou/mybatisplus/autoconfigure/MybatisPlusAutoConfiguration.class]: Bean instantiation via factory method failed; nested exception is org.springframework.beans.BeanInstantiationException: Failed to instantiate [org.apache.ibatis.session.SqlSessionFactory]: Factory method 'sqlSessionFactory' threw exception; nested exception is org.springframework.core.NestedIOException: Failed to parse mapping resource: 'file [C:\Users\13292\Desktop\claudel1\reposNew\task30\target\classes\mapper\BudgetMapper.xml]'; nested exception is org.apache.ibatis.builder.BuilderException: Error parsing Mapper XML. The XML location is 'file [C:\Users\13292\Desktop\claudel1\reposNew\task30\target\classes\mapper\BudgetMapper.xml]'. Cause: org.apache.ibatis.builder.BuilderException: Error resolving class. Cause: org.apache.ibatis.type.TypeException: Could not resolve type alias 'cn.jackbin.SimpleRecord.dto.BudgetExecutionDTO'.  Cause: java.lang.ClassNotFoundException: Cannot find class: cn.jackbin.SimpleRecord.dto.BudgetExecutionDTO
	at org.springframework.beans.factory.support.ConstructorResolver.instantiate(ConstructorResolver.java:655) ~[spring-beans-5.2.7.RELEASE.jar:5.2.7.RELEASE]
	at org.springframework.beans.factory.support.ConstructorResolver.instantiateUsingFactoryMethod(ConstructorResolver.java:635) ~[spring-beans-5.2.7.RELEASE.jar:5.2.7.RELEASE]
	at org.springframework.beans.factory.support.AbstractAutowireCapableBeanFactory.instantiateUsingFactoryMethod(AbstractAutowireCapableBeanFactory.java:1338) ~[spring-beans-5.2.7.RELEASE.jar:5.2.7.RELEASE]
	at org.springframework.beans.factory.support.AbstractAutowireCapableBeanFactory.createBeanInstance(AbstractAutowireCapableBeanFactory.java:1177) ~[spring-beans-5.2.7.RELEASE.jar:5.2.7.RELEASE]
	at org.springframework.beans.factory.support.AbstractAutowireCapableBeanFactory.doCreateBean(AbstractAutowireCapableBeanFactory.java:557) ~[spring-beans-5.2.7.RELEASE.jar:5.2.7.RELEASE]
	at org.springframework.beans.factory.support.AbstractAutowireCapableBeanFactory.createBean(AbstractAutowireCapableBeanFactory.java:517) ~[spring-beans-5.2.7.RELEASE.jar:5.2.7.RELEASE]
	at org.springframework.beans.factory.support.AbstractBeanFactory.lambda$doGetBean$0(AbstractBeanFactory.java:323) ~[spring-beans-5.2.7.RELEASE.jar:5.2.7.RELEASE]
	at org.springframework.beans.factory.support.DefaultSingletonBeanRegistry.getSingleton(DefaultSingletonBeanRegistry.java:226) ~[spring-beans-5.2.7.RELEASE.jar:5.2.7.RELEASE]
	at org.springframework.beans.factory.support.AbstractBeanFactory.doGetBean(AbstractBeanFactory.java:321) ~[spring-beans-5.2.7.RELEASE.jar:5.2.7.RELEASE]
	at org.springframework.beans.factory.support.AbstractBeanFactory.getBean(AbstractBeanFactory.java:202) ~[spring-beans-5.2.7.RELEASE.jar:5.2.7.RELEASE]
	at org.springframework.beans.factory.config.DependencyDescriptor.resolveCandidate(DependencyDescriptor.java:276) ~[spring-beans-5.2.7.RELEASE.jar:5.2.7.RELEASE]
	at org.springframework.beans.factory.support.DefaultListableBeanFactory.doResolveDependency(DefaultListableBeanFactory.java:1304) ~[spring-beans-5.2.7.RELEASE.jar:5.2.7.RELEASE]
	at org.springframework.beans.factory.support.DefaultListableBeanFactory.resolveDependency(DefaultListableBeanFactory.java:1224) ~[spring-beans-5.2.7.RELEASE.jar:5.2.7.RELEASE]
	at org.springframework.beans.factory.support.AbstractAutowireCapableBeanFactory.autowireByType(AbstractAutowireCapableBeanFactory.java:1511) ~[spring-beans-5.2.7.RELEASE.jar:5.2.7.RELEASE]
	at org.springframework.beans.factory.support.AbstractAutowireCapableBeanFactory.populateBean(AbstractAutowireCapableBeanFactory.java:1406) ~[spring-beans-5.2.7.RELEASE.jar:5.2.7.RELEASE]
	at org.springframework.beans.factory.support.AbstractAutowireCapableBeanFactory.doCreateBean(AbstractAutowireCapableBeanFactory.java:594) ~[spring-beans-5.2.7.RELEASE.jar:5.2.7.RELEASE]
	at org.springframework.beans.factory.support.AbstractAutowireCapableBeanFactory.createBean(AbstractAutowireCapableBeanFactory.java:517) ~[spring-beans-5.2.7.RELEASE.jar:5.2.7.RELEASE]
	at org.springframework.beans.factory.support.AbstractBeanFactory.lambda$doGetBean$0(AbstractBeanFactory.java:323) ~[spring-beans-5.2.7.RELEASE.jar:5.2.7.RELEASE]
	at org.springframework.beans.factory.support.DefaultSingletonBeanRegistry.getSingleton(DefaultSingletonBeanRegistry.java:226) ~[spring-beans-5.2.7.RELEASE.jar:5.2.7.RELEASE]
	at org.springframework.beans.factory.support.AbstractBeanFactory.doGetBean(AbstractBeanFactory.java:321) ~[spring-beans-5.2.7.RELEASE.jar:5.2.7.RELEASE]
	at org.springframework.beans.factory.support.AbstractBeanFactory.getBean(AbstractBeanFactory.java:202) ~[spring-beans-5.2.7.RELEASE.jar:5.2.7.RELEASE]
	at org.springframework.beans.factory.config.DependencyDescriptor.resolveCandidate(DependencyDescriptor.java:276) ~[spring-beans-5.2.7.RELEASE.jar:5.2.7.RELEASE]
	at org.springframework.beans.factory.support.DefaultListableBeanFactory.doResolveDependency(DefaultListableBeanFactory.java:1304) ~[spring-beans-5.2.7.RELEASE.jar:5.2.7.RELEASE]
	at org.springframework.beans.factory.support.DefaultListableBeanFactory.resolveDependency(DefaultListableBeanFactory.java:1224) ~[spring-beans-5.2.7.RELEASE.jar:5.2.7.RELEASE]
	at org.springframework.beans.factory.annotation.AutowiredAnnotationBeanPostProcessor$AutowiredFieldElement.inject(AutowiredAnnotationBeanPostProcessor.java:640) ~[spring-beans-5.2.7.RELEASE.jar:5.2.7.RELEASE]
	at org.springframework.beans.factory.annotation.InjectionMetadata.inject(InjectionMetadata.java:130) ~[spring-beans-5.2.7.RELEASE.jar:5.2.7.RELEASE]
	at org.springframework.beans.factory.annotation.AutowiredAnnotationBeanPostProcessor.postProcessProperties(AutowiredAnnotationBeanPostProcessor.java:399) ~[spring-beans-5.2.7.RELEASE.jar:5.2.7.RELEASE]
	at org.springframework.beans.factory.support.AbstractAutowireCapableBeanFactory.populateBean(AbstractAutowireCapableBeanFactory.java:1422) ~[spring-beans-5.2.7.RELEASE.jar:5.2.7.RELEASE]
	at org.springframework.beans.factory.support.AbstractAutowireCapableBeanFactory.doCreateBean(AbstractAutowireCapableBeanFactory.java:594) ~[spring-beans-5.2.7.RELEASE.jar:5.2.7.RELEASE]
	at org.springframework.beans.factory.support.AbstractAutowireCapableBeanFactory.createBean(AbstractAutowireCapableBeanFactory.java:517) ~[spring-beans-5.2.7.RELEASE.jar:5.2.7.RELEASE]
	at org.springframework.beans.factory.support.AbstractBeanFactory.lambda$doGetBean$0(AbstractBeanFactory.java:323) ~[spring-beans-5.2.7.RELEASE.jar:5.2.7.RELEASE]
	at org.springframework.beans.factory.support.DefaultSingletonBeanRegistry.getSingleton(DefaultSingletonBeanRegistry.java:226) ~[spring-beans-5.2.7.RELEASE.jar:5.2.7.RELEASE]
	at org.springframework.beans.factory.support.AbstractBeanFactory.doGetBean(AbstractBeanFactory.java:321) ~[spring-beans-5.2.7.RELEASE.jar:5.2.7.RELEASE]
	at org.springframework.beans.factory.support.AbstractBeanFactory.getBean(AbstractBeanFactory.java:202) ~[spring-beans-5.2.7.RELEASE.jar:5.2.7.RELEASE]
	at org.springframework.beans.factory.config.DependencyDescriptor.resolveCandidate(DependencyDescriptor.java:276) ~[spring-beans-5.2.7.RELEASE.jar:5.2.7.RELEASE]
	at org.springframework.beans.factory.support.DefaultListableBeanFactory.doResolveDependency(DefaultListableBeanFactory.java:1304) ~[spring-beans-5.2.7.RELEASE.jar:5.2.7.RELEASE]
	at org.springframework.beans.factory.support.DefaultListableBeanFactory.resolveDependency(DefaultListableBeanFactory.java:1224) ~[spring-beans-5.2.7.RELEASE.jar:5.2.7.RELEASE]
	at org.springframework.beans.factory.annotation.AutowiredAnnotationBeanPostProcessor$AutowiredFieldElement.inject(AutowiredAnnotationBeanPostProcessor.java:640) ~[spring-beans-5.2.7.RELEASE.jar:5.2.7.RELEASE]
	... 65 more
Caused by: org.springframework.beans.BeanInstantiationException: Failed to instantiate [org.apache.ibatis.session.SqlSessionFactory]: Factory method 'sqlSessionFactory' threw exception; nested exception is org.springframework.core.NestedIOException: Failed to parse mapping resource: 'file [C:\Users\13292\Desktop\claudel1\reposNew\task30\target\classes\mapper\BudgetMapper.xml]'; nested exception is org.apache.ibatis.builder.BuilderException: Error parsing Mapper XML. The XML location is 'file [C:\Users\13292\Desktop\claudel1\reposNew\task30\target\classes\mapper\BudgetMapper.xml]'. Cause: org.apache.ibatis.builder.BuilderException: Error resolving class. Cause: org.apache.ibatis.type.TypeException: Could not resolve type alias 'cn.jackbin.SimpleRecord.dto.BudgetExecutionDTO'.  Cause: java.lang.ClassNotFoundException: Cannot find class: cn.jackbin.SimpleRecord.dto.BudgetExecutionDTO
	at org.springframework.beans.factory.support.SimpleInstantiationStrategy.instantiate(SimpleInstantiationStrategy.java:185) ~[spring-beans-5.2.7.RELEASE.jar:5.2.7.RELEASE]
	at org.springframework.beans.factory.support.ConstructorResolver.instantiate(ConstructorResolver.java:650) ~[spring-beans-5.2.7.RELEASE.jar:5.2.7.RELEASE]
	at org.springframework.beans.factory.support.ConstructorResolver.instantiateUsingFactoryMethod(ConstructorResolver.java:635) ~[spring-beans-5.2.7.RELEASE.jar:5.2.7.RELEASE]
	at org.springframework.beans.factory.support.AbstractAutowireCapableBeanFactory.instantiateUsingFactoryMethod(AbstractAutowireCapableBeanFactory.java:1338) ~[spring-beans-5.2.7.RELEASE.jar:5.2.7.RELEASE]
	at org.springframework.beans.factory.support.AbstractAutowireCapableBeanFactory.createBeanInstance(AbstractAutowireCapableBeanFactory.java:1177) ~[spring-beans-5.2.7.RELEASE.jar:5.2.7.RELEASE]
	at org.springframework.beans.factory.support.AbstractAutowireCapableBeanFactory.doCreateBean(AbstractAutowireCapableBeanFactory.java:557) ~[spring-beans-5.2.7.RELEASE.jar:5.2.7.RELEASE]
	at org.springframework.beans.factory.support.AbstractAutowireCapableBeanFactory.createBean(AbstractAutowireCapableBeanFactory.java:517) ~[spring-beans-5.2.7.RELEASE.jar:5.2.7.RELEASE]
	at org.springframework.beans.factory.support.AbstractBeanFactory.lambda$doGetBean$0(AbstractBeanFactory.java:323) ~[spring-beans-5.2.7.RELEASE.jar:5.2.7.RELEASE]
	at org.springframework.beans.factory.support.DefaultSingletonBeanRegistry.getSingleton(DefaultSingletonBeanRegistry.java:226) ~[spring-beans-5.2.7.RELEASE.jar:5.2.7.RELEASE]
	at org.springframework.beans.factory.support.AbstractBeanFactory.doGetBean(AbstractBeanFactory.java:321) ~[spring-beans-5.2.7.RELEASE.jar:5.2.7.RELEASE]
	at org.springframework.beans.factory.support.AbstractBeanFactory.getBean(AbstractBeanFactory.java:202) ~[spring-beans-5.2.7.RELEASE.jar:5.2.7.RELEASE]
	at org.springframework.beans.factory.config.DependencyDescriptor.resolveCandidate(DependencyDescriptor.java:276) ~[spring-beans-5.2.7.RELEASE.jar:5.2.7.RELEASE]
	at org.springframework.beans.factory.support.DefaultListableBeanFactory.doResolveDependency(DefaultListableBeanFactory.java:1304) ~[spring-beans-5.2.7.RELEASE.jar:5.2.7.RELEASE]
	at org.springframework.beans.factory.support.DefaultListableBeanFactory.resolveDependency(DefaultListableBeanFactory.java:1224) ~[spring-beans-5.2.7.RELEASE.jar:5.2.7.RELEASE]
	at org.springframework.beans.factory.support.AbstractAutowireCapableBeanFactory.autowireByType(AbstractAutowireCapableBeanFactory.java:1511) ~[spring-beans-5.2.7.RELEASE.jar:5.2.7.RELEASE]
	at org.springframework.beans.factory.support.AbstractAutowireCapableBeanFactory.populateBean(AbstractAutowireCapableBeanFactory.java:1406) ~[spring-beans-5.2.7.RELEASE.jar:5.2.7.RELEASE]
	at org.springframework.beans.factory.support.AbstractAutowireCapableBeanFactory.doCreateBean(AbstractAutowireCapableBeanFactory.java:594) ~[spring-beans-5.2.7.RELEASE.jar:5.2.7.RELEASE]
	at org.springframework.beans.factory.support.AbstractAutowireCapableBeanFactory.createBean(AbstractAutowireCapableBeanFactory.java:517) ~[spring-beans-5.2.7.RELEASE.jar:5.2.7.RELEASE]
	at org.springframework.beans.factory.support.AbstractBeanFactory.lambda$doGetBean$0(AbstractBeanFactory.java:323) ~[spring-beans-5.2.7.RELEASE.jar:5.2.7.RELEASE]
	at org.springframework.beans.factory.support.DefaultSingletonBeanRegistry.getSingleton(DefaultSingletonBeanRegistry.java:226) ~[spring-beans-5.2.7.RELEASE.jar:5.2.7.RELEASE]
	at org.springframework.beans.factory.support.AbstractBeanFactory.doGetBean(AbstractBeanFactory.java:321) ~[spring-beans-5.2.7.RELEASE.jar:5.2.7.RELEASE]
	at org.springframework.beans.factory.support.AbstractBeanFactory.getBean(AbstractBeanFactory.java:202) ~[spring-beans-5.2.7.RELEASE.jar:5.2.7.RELEASE]
	at org.springframework.beans.factory.config.DependencyDescriptor.resolveCandidate(DependencyDescriptor.java:276) ~[spring-beans-5.2.7.RELEASE.jar:5.2.7.RELEASE]
	at org.springframework.beans.factory.support.DefaultListableBeanFactory.doResolveDependency(DefaultListableBeanFactory.java:1304) ~[spring-beans-5.2.7.RELEASE.jar:5.2.7.RELEASE]
	at org.springframework.beans.factory.support.DefaultListableBeanFactory.resolveDependency(DefaultListableBeanFactory.java:1224) ~[spring-beans-5.2.7.RELEASE.jar:5.2.7.RELEASE]
	at org.springframework.beans.factory.annotation.AutowiredAnnotationBeanPostProcessor$AutowiredFieldElement.inject(AutowiredAnnotationBeanPostProcessor.java:640) ~[spring-beans-5.2.7.RELEASE.jar:5.2.7.RELEASE]
	at org.springframework.beans.factory.annotation.InjectionMetadata.inject(InjectionMetadata.java:130) ~[spring-beans-5.2.7.RELEASE.jar:5.2.7.RELEASE]
	at org.springframework.beans.factory.annotation.AutowiredAnnotationBeanPostProcessor.postProcessProperties(AutowiredAnnotationBeanPostProcessor.java:399) ~[spring-beans-5.2.7.RELEASE.jar:5.2.7.RELEASE]
	at org.springframework.beans.factory.support.AbstractAutowireCapableBeanFactory.populateBean(AbstractAutowireCapableBeanFactory.java:1422) ~[spring-beans-5.2.7.RELEASE.jar:5.2.7.RELEASE]
	at org.springframework.beans.factory.support.AbstractAutowireCapableBeanFactory.doCreateBean(AbstractAutowireCapableBeanFactory.java:594) ~[spring-beans-5.2.7.RELEASE.jar:5.2.7.RELEASE]
	at org.springframework.beans.factory.support.AbstractAutowireCapableBeanFactory.createBean(AbstractAutowireCapableBeanFactory.java:517) ~[spring-beans-5.2.7.RELEASE.jar:5.2.7.RELEASE]
	at org.springframework.beans.factory.support.AbstractBeanFactory.lambda$doGetBean$0(AbstractBeanFactory.java:323) ~[spring-beans-5.2.7.RELEASE.jar:5.2.7.RELEASE]
	at org.springframework.beans.factory.support.DefaultSingletonBeanRegistry.getSingleton(DefaultSingletonBeanRegistry.java:226) ~[spring-beans-5.2.7.RELEASE.jar:5.2.7.RELEASE]
	at org.springframework.beans.factory.support.AbstractBeanFactory.doGetBean(AbstractBeanFactory.java:321) ~[spring-beans-5.2.7.RELEASE.jar:5.2.7.RELEASE]
	at org.springframework.beans.factory.support.AbstractBeanFactory.getBean(AbstractBeanFactory.java:202) ~[spring-beans-5.2.7.RELEASE.jar:5.2.7.RELEASE]
	at org.springframework.beans.factory.config.DependencyDescriptor.resolveCandidate(DependencyDescriptor.java:276) ~[spring-beans-5.2.7.RELEASE.jar:5.2.7.RELEASE]
	at org.springframework.beans.factory.support.DefaultListableBeanFactory.doResolveDependency(DefaultListableBeanFactory.java:1304) ~[spring-beans-5.2.7.RELEASE.jar:5.2.7.RELEASE]
	at org.springframework.beans.factory.support.DefaultListableBeanFactory.resolveDependency(DefaultListableBeanFactory.java:1224) ~[spring-beans-5.2.7.RELEASE.jar:5.2.7.RELEASE]
	at org.springframework.beans.factory.annotation.AutowiredAnnotationBeanPostProcessor$AutowiredFieldElement.inject(AutowiredAnnotationBeanPostProcessor.java:640) ~[spring-beans-5.2.7.RELEASE.jar:5.2.7.RELEASE]
	... 65 more
Caused by: org.springframework.core.NestedIOException: Failed to parse mapping resource: 'file [C:\Users\13292\Desktop\claudel1\reposNew\task30\target\classes\mapper\BudgetMapper.xml]'; nested exception is org.apache.ibatis.builder.BuilderException: Error parsing Mapper XML. The XML location is 'file [C:\Users\13292\Desktop\claudel1\reposNew\task30\target\classes\mapper\BudgetMapper.xml]'. Cause: org.apache.ibatis.builder.BuilderException: Error resolving class. Cause: org.apache.ibatis.type.TypeException: Could not resolve type alias 'cn.jackbin.SimpleRecord.dto.BudgetExecutionDTO'.  Cause: java.lang.ClassNotFoundException: Cannot find class: cn.jackbin.SimpleRecord.dto.BudgetExecutionDTO
	at com.baomidou.mybatisplus.extension.spring.MybatisSqlSessionFactoryBean.buildSqlSessionFactory(MybatisSqlSessionFactoryBean.java:593) ~[mybatis-plus-extension-3.3.2.jar:3.3.2]
	at com.baomidou.mybatisplus.extension.spring.MybatisSqlSessionFactoryBean.afterPropertiesSet(MybatisSqlSessionFactoryBean.java:429) ~[mybatis-plus-extension-3.3.2.jar:3.3.2]
	at com.baomidou.mybatisplus.extension.spring.MybatisSqlSessionFactoryBean.getObject(MybatisSqlSessionFactoryBean.java:626) ~[mybatis-plus-extension-3.3.2.jar:3.3.2]
	at com.baomidou.mybatisplus.autoconfigure.MybatisPlusAutoConfiguration.sqlSessionFactory(MybatisPlusAutoConfiguration.java:215) ~[mybatis-plus-boot-starter-3.3.2.jar:3.3.2]
	at com.baomidou.mybatisplus.autoconfigure.MybatisPlusAutoConfiguration$$EnhancerBySpringCGLIB$$f1427f39.CGLIB$sqlSessionFactory$1(<generated>) ~[mybatis-plus-boot-starter-3.3.2.jar:3.3.2]
	at com.baomidou.mybatisplus.autoconfigure.MybatisPlusAutoConfiguration$$EnhancerBySpringCGLIB$$f1427f39$$FastClassBySpringCGLIB$$38ba60c2.invoke(<generated>) ~[mybatis-plus-boot-starter-3.3.2.jar:3.3.2]
	at org.springframework.cglib.proxy.MethodProxy.invokeSuper(MethodProxy.java:244) ~[spring-core-5.2.7.RELEASE.jar:5.2.7.RELEASE]
	at org.springframework.context.annotation.ConfigurationClassEnhancer$BeanMethodInterceptor.intercept(ConfigurationClassEnhancer.java:331) ~[spring-context-5.2.7.RELEASE.jar:5.2.7.RELEASE]
	at com.baomidou.mybatisplus.autoconfigure.MybatisPlusAutoConfiguration$$EnhancerBySpringCGLIB$$f1427f39.sqlSessionFactory(<generated>) ~[mybatis-plus-boot-starter-3.3.2.jar:3.3.2]
	at jdk.internal.reflect.NativeMethodAccessorImpl.invoke0(Native Method) ~[?:?]
	at jdk.internal.reflect.NativeMethodAccessorImpl.invoke(NativeMethodAccessorImpl.java:77) ~[?:?]
	at jdk.internal.reflect.DelegatingMethodAccessorImpl.invoke(DelegatingMethodAccessorImpl.java:43) ~[?:?]
	at java.lang.reflect.Method.invoke(Method.java:569) ~[?:?]
	at org.springframework.beans.factory.support.SimpleInstantiationStrategy.instantiate(SimpleInstantiationStrategy.java:154) ~[spring-beans-5.2.7.RELEASE.jar:5.2.7.RELEASE]
	at org.springframework.beans.factory.support.ConstructorResolver.instantiate(ConstructorResolver.java:650) ~[spring-beans-5.2.7.RELEASE.jar:5.2.7.RELEASE]
	at org.springframework.beans.factory.support.ConstructorResolver.instantiateUsingFactoryMethod(ConstructorResolver.java:635) ~[spring-beans-5.2.7.RELEASE.jar:5.2.7.RELEASE]
	at org.springframework.beans.factory.support.AbstractAutowireCapableBeanFactory.instantiateUsingFactoryMethod(AbstractAutowireCapableBeanFactory.java:1338) ~[spring-beans-5.2.7.RELEASE.jar:5.2.7.RELEASE]
	at org.springframework.beans.factory.support.AbstractAutowireCapableBeanFactory.createBeanInstance(AbstractAutowireCapableBeanFactory.java:1177) ~[spring-beans-5.2.7.RELEASE.jar:5.2.7.RELEASE]
	at org.springframework.beans.factory.support.AbstractAutowireCapableBeanFactory.doCreateBean(AbstractAutowireCapableBeanFactory.java:557) ~[spring-beans-5.2.7.RELEASE.jar:5.2.7.RELEASE]
	at org.springframework.beans.factory.support.AbstractAutowireCapableBeanFactory.createBean(AbstractAutowireCapableBeanFactory.java:517) ~[spring-beans-5.2.7.RELEASE.jar:5.2.7.RELEASE]
	at org.springframework.beans.factory.support.AbstractBeanFactory.lambda$doGetBean$0(AbstractBeanFactory.java:323) ~[spring-beans-5.2.7.RELEASE.jar:5.2.7.RELEASE]
	at org.springframework.beans.factory.support.DefaultSingletonBeanRegistry.getSingleton(DefaultSingletonBeanRegistry.java:226) ~[spring-beans-5.2.7.RELEASE.jar:5.2.7.RELEASE]
	at org.springframework.beans.factory.support.AbstractBeanFactory.doGetBean(AbstractBeanFactory.java:321) ~[spring-beans-5.2.7.RELEASE.jar:5.2.7.RELEASE]
	at org.springframework.beans.factory.support.AbstractBeanFactory.getBean(AbstractBeanFactory.java:202) ~[spring-beans-5.2.7.RELEASE.jar:5.2.7.RELEASE]
	at org.springframework.beans.factory.config.DependencyDescriptor.resolveCandidate(DependencyDescriptor.java:276) ~[spring-beans-5.2.7.RELEASE.jar:5.2.7.RELEASE]
	at org.springframework.beans.factory.support.DefaultListableBeanFactory.doResolveDependency(DefaultListableBeanFactory.java:1304) ~[spring-beans-5.2.7.RELEASE.jar:5.2.7.RELEASE]
	at org.springframework.beans.factory.support.DefaultListableBeanFactory.resolveDependency(DefaultListableBeanFactory.java:1224) ~[spring-beans-5.2.7.RELEASE.jar:5.2.7.RELEASE]
	at org.springframework.beans.factory.support.AbstractAutowireCapableBeanFactory.autowireByType(AbstractAutowireCapableBeanFactory.java:1511) ~[spring-beans-5.2.7.RELEASE.jar:5.2.7.RELEASE]
	at org.springframework.beans.factory.support.AbstractAutowireCapableBeanFactory.populateBean(AbstractAutowireCapableBeanFactory.java:1406) ~[spring-beans-5.2.7.RELEASE.jar:5.2.7.RELEASE]
	at org.springframework.beans.factory.support.AbstractAutowireCapableBeanFactory.doCreateBean(AbstractAutowireCapableBeanFactory.java:594) ~[spring-beans-5.2.7.RELEASE.jar:5.2.7.RELEASE]
	at org.springframework.beans.factory.support.AbstractAutowireCapableBeanFactory.createBean(AbstractAutowireCapableBeanFactory.java:517) ~[spring-beans-5.2.7.RELEASE.jar:5.2.7.RELEASE]
	at org.springframework.beans.factory.support.AbstractBeanFactory.lambda$doGetBean$0(AbstractBeanFactory.java:323) ~[spring-beans-5.2.7.RELEASE.jar:5.2.7.RELEASE]
	at org.springframework.beans.factory.support.DefaultSingletonBeanRegistry.getSingleton(DefaultSingletonBeanRegistry.java:226) ~[spring-beans-5.2.7.RELEASE.jar:5.2.7.RELEASE]
	at org.springframework.beans.factory.support.AbstractBeanFactory.doGetBean(AbstractBeanFactory.java:321) ~[spring-beans-5.2.7.RELEASE.jar:5.2.7.RELEASE]
	at org.springframework.beans.factory.support.AbstractBeanFactory.getBean(AbstractBeanFactory.java:202) ~[spring-beans-5.2.7.RELEASE.jar:5.2.7.RELEASE]
	at org.springframework.beans.factory.config.DependencyDescriptor.resolveCandidate(DependencyDescriptor.java:276) ~[spring-beans-5.2.7.RELEASE.jar:5.2.7.RELEASE]
	at org.springframework.beans.factory.support.DefaultListableBeanFactory.doResolveDependency(DefaultListableBeanFactory.java:1304) ~[spring-beans-5.2.7.RELEASE.jar:5.2.7.RELEASE]
	at org.springframework.beans.factory.support.DefaultListableBeanFactory.resolveDependency(DefaultListableBeanFactory.java:1224) ~[spring-beans-5.2.7.RELEASE.jar:5.2.7.RELEASE]
	at org.springframework.beans.factory.annotation.AutowiredAnnotationBeanPostProcessor$AutowiredFieldElement.inject(AutowiredAnnotationBeanPostProcessor.java:640) ~[spring-beans-5.2.7.RELEASE.jar:5.2.7.RELEASE]
	at org.springframework.beans.factory.annotation.InjectionMetadata.inject(InjectionMetadata.java:130) ~[spring-beans-5.2.7.RELEASE.jar:5.2.7.RELEASE]
	at org.springframework.beans.factory.annotation.AutowiredAnnotationBeanPostProcessor.postProcessProperties(AutowiredAnnotationBeanPostProcessor.java:399) ~[spring-beans-5.2.7.RELEASE.jar:5.2.7.RELEASE]
	at org.springframework.beans.factory.support.AbstractAutowireCapableBeanFactory.populateBean(AbstractAutowireCapableBeanFactory.java:1422) ~[spring-beans-5.2.7.RELEASE.jar:5.2.7.RELEASE]
	at org.springframework.beans.factory.support.AbstractAutowireCapableBeanFactory.doCreateBean(AbstractAutowireCapableBeanFactory.java:594) ~[spring-beans-5.2.7.RELEASE.jar:5.2.7.RELEASE]
	at org.springframework.beans.factory.support.AbstractAutowireCapableBeanFactory.createBean(AbstractAutowireCapableBeanFactory.java:517) ~[spring-beans-5.2.7.RELEASE.jar:5.2.7.RELEASE]
	at org.springframework.beans.factory.support.AbstractBeanFactory.lambda$doGetBean$0(AbstractBeanFactory.java:323) ~[spring-beans-5.2.7.RELEASE.jar:5.2.7.RELEASE]
	at org.springframework.beans.factory.support.DefaultSingletonBeanRegistry.getSingleton(DefaultSingletonBeanRegistry.java:226) ~[spring-beans-5.2.7.RELEASE.jar:5.2.7.RELEASE]
	at org.springframework.beans.factory.support.AbstractBeanFactory.doGetBean(AbstractBeanFactory.java:321) ~[spring-beans-5.2.7.RELEASE.jar:5.2.7.RELEASE]
	at org.springframework.beans.factory.support.AbstractBeanFactory.getBean(AbstractBeanFactory.java:202) ~[spring-beans-5.2.7.RELEASE.jar:5.2.7.RELEASE]
	at org.springframework.beans.factory.config.DependencyDescriptor.resolveCandidate(DependencyDescriptor.java:276) ~[spring-beans-5.2.7.RELEASE.jar:5.2.7.RELEASE]
	at org.springframework.beans.factory.support.DefaultListableBeanFactory.doResolveDependency(DefaultListableBeanFactory.java:1304) ~[spring-beans-5.2.7.RELEASE.jar:5.2.7.RELEASE]
	at org.springframework.beans.factory.support.DefaultListableBeanFactory.resolveDependency(DefaultListableBeanFactory.java:1224) ~[spring-beans-5.2.7.RELEASE.jar:5.2.7.RELEASE]
	at org.springframework.beans.factory.annotation.AutowiredAnnotationBeanPostProcessor$AutowiredFieldElement.inject(AutowiredAnnotationBeanPostProcessor.java:640) ~[spring-beans-5.2.7.RELEASE.jar:5.2.7.RELEASE]
	... 65 more
Caused by: org.apache.ibatis.builder.BuilderException: Error parsing Mapper XML. The XML location is 'file [C:\Users\13292\Desktop\claudel1\reposNew\task30\target\classes\mapper\BudgetMapper.xml]'. Cause: org.apache.ibatis.builder.BuilderException: Error resolving class. Cause: org.apache.ibatis.type.TypeException: Could not resolve type alias 'cn.jackbin.SimpleRecord.dto.BudgetExecutionDTO'.  Cause: java.lang.ClassNotFoundException: Cannot find class: cn.jackbin.SimpleRecord.dto.BudgetExecutionDTO
	at org.apache.ibatis.builder.xml.XMLMapperBuilder.configurationElement(XMLMapperBuilder.java:122) ~[mybatis-3.5.4.jar:3.5.4]
	at org.apache.ibatis.builder.xml.XMLMapperBuilder.parse(XMLMapperBuilder.java:94) ~[mybatis-3.5.4.jar:3.5.4]
	at com.baomidou.mybatisplus.extension.spring.MybatisSqlSessionFactoryBean.buildSqlSessionFactory(MybatisSqlSessionFactoryBean.java:591) ~[mybatis-plus-extension-3.3.2.jar:3.3.2]
	at com.baomidou.mybatisplus.extension.spring.MybatisSqlSessionFactoryBean.afterPropertiesSet(MybatisSqlSessionFactoryBean.java:429) ~[mybatis-plus-extension-3.3.2.jar:3.3.2]
	at com.baomidou.mybatisplus.extension.spring.MybatisSqlSessionFactoryBean.getObject(MybatisSqlSessionFactoryBean.java:626) ~[mybatis-plus-extension-3.3.2.jar:3.3.2]
	at com.baomidou.mybatisplus.autoconfigure.MybatisPlusAutoConfiguration.sqlSessionFactory(MybatisPlusAutoConfiguration.java:215) ~[mybatis-plus-boot-starter-3.3.2.jar:3.3.2]
	at com.baomidou.mybatisplus.autoconfigure.MybatisPlusAutoConfiguration$$EnhancerBySpringCGLIB$$f1427f39.CGLIB$sqlSessionFactory$1(<generated>) ~[mybatis-plus-boot-starter-3.3.2.jar:3.3.2]
	at com.baomidou.mybatisplus.autoconfigure.MybatisPlusAutoConfiguration$$EnhancerBySpringCGLIB$$f1427f39$$FastClassBySpringCGLIB$$38ba60c2.invoke(<generated>) ~[mybatis-plus-boot-starter-3.3.2.jar:3.3.2]
	at org.springframework.cglib.proxy.MethodProxy.invokeSuper(MethodProxy.java:244) ~[spring-core-5.2.7.RELEASE.jar:5.2.7.RELEASE]
	at org.springframework.context.annotation.ConfigurationClassEnhancer$BeanMethodInterceptor.intercept(ConfigurationClassEnhancer.java:331) ~[spring-context-5.2.7.RELEASE.jar:5.2.7.RELEASE]
	at com.baomidou.mybatisplus.autoconfigure.MybatisPlusAutoConfiguration$$EnhancerBySpringCGLIB$$f1427f39.sqlSessionFactory(<generated>) ~[mybatis-plus-boot-starter-3.3.2.jar:3.3.2]
	at jdk.internal.reflect.NativeMethodAccessorImpl.invoke0(Native Method) ~[?:?]
	at jdk.internal.reflect.NativeMethodAccessorImpl.invoke(NativeMethodAccessorImpl.java:77) ~[?:?]
	at jdk.internal.reflect.DelegatingMethodAccessorImpl.invoke(DelegatingMethodAccessorImpl.java:43) ~[?:?]
	at java.lang.reflect.Method.invoke(Method.java:569) ~[?:?]
	at org.springframework.beans.factory.support.SimpleInstantiationStrategy.instantiate(SimpleInstantiationStrategy.java:154) ~[spring-beans-5.2.7.RELEASE.jar:5.2.7.RELEASE]
	at org.springframework.beans.factory.support.ConstructorResolver.instantiate(ConstructorResolver.java:650) ~[spring-beans-5.2.7.RELEASE.jar:5.2.7.RELEASE]
	at org.springframework.beans.factory.support.ConstructorResolver.instantiateUsingFactoryMethod(ConstructorResolver.java:635) ~[spring-beans-5.2.7.RELEASE.jar:5.2.7.RELEASE]
	at org.springframework.beans.factory.support.AbstractAutowireCapableBeanFactory.instantiateUsingFactoryMethod(AbstractAutowireCapableBeanFactory.java:1338) ~[spring-beans-5.2.7.RELEASE.jar:5.2.7.RELEASE]
	at org.springframework.beans.factory.support.AbstractAutowireCapableBeanFactory.createBeanInstance(AbstractAutowireCapableBeanFactory.java:1177) ~[spring-beans-5.2.7.RELEASE.jar:5.2.7.RELEASE]
	at org.springframework.beans.factory.support.AbstractAutowireCapableBeanFactory.doCreateBean(AbstractAutowireCapableBeanFactory.java:557) ~[spring-beans-5.2.7.RELEASE.jar:5.2.7.RELEASE]
	at org.springframework.beans.factory.support.AbstractAutowireCapableBeanFactory.createBean(AbstractAutowireCapableBeanFactory.java:517) ~[spring-beans-5.2.7.RELEASE.jar:5.2.7.RELEASE]
	at org.springframework.beans.factory.support.AbstractBeanFactory.lambda$doGetBean$0(AbstractBeanFactory.java:323) ~[spring-beans-5.2.7.RELEASE.jar:5.2.7.RELEASE]
	at org.springframework.beans.factory.support.DefaultSingletonBeanRegistry.getSingleton(DefaultSingletonBeanRegistry.java:226) ~[spring-beans-5.2.7.RELEASE.jar:5.2.7.RELEASE]
	at org.springframework.beans.factory.support.AbstractBeanFactory.doGetBean(AbstractBeanFactory.java:321) ~[spring-beans-5.2.7.RELEASE.jar:5.2.7.RELEASE]
	at org.springframework.beans.factory.support.AbstractBeanFactory.getBean(AbstractBeanFactory.java:202) ~[spring-beans-5.2.7.RELEASE.jar:5.2.7.RELEASE]
	at org.springframework.beans.factory.config.DependencyDescriptor.resolveCandidate(DependencyDescriptor.java:276) ~[spring-beans-5.2.7.RELEASE.jar:5.2.7.RELEASE]
	at org.springframework.beans.factory.support.DefaultListableBeanFactory.doResolveDependency(DefaultListableBeanFactory.java:1304) ~[spring-beans-5.2.7.RELEASE.jar:5.2.7.RELEASE]
	at org.springframework.beans.factory.support.DefaultListableBeanFactory.resolveDependency(DefaultListableBeanFactory.java:1224) ~[spring-beans-5.2.7.RELEASE.jar:5.2.7.RELEASE]
	at org.springframework.beans.factory.support.AbstractAutowireCapableBeanFactory.autowireByType(AbstractAutowireCapableBeanFactory.java:1511) ~[spring-beans-5.2.7.RELEASE.jar:5.2.7.RELEASE]
	at org.springframework.beans.factory.support.AbstractAutowireCapableBeanFactory.populateBean(AbstractAutowireCapableBeanFactory.java:1406) ~[spring-beans-5.2.7.RELEASE.jar:5.2.7.RELEASE]
	at org.springframework.beans.factory.support.AbstractAutowireCapableBeanFactory.doCreateBean(AbstractAutowireCapableBeanFactory.java:594) ~[spring-beans-5.2.7.RELEASE.jar:5.2.7.RELEASE]
	at org.springframework.beans.factory.support.AbstractAutowireCapableBeanFactory.createBean(AbstractAutowireCapableBeanFactory.java:517) ~[spring-beans-5.2.7.RELEASE.jar:5.2.7.RELEASE]
	at org.springframework.beans.factory.support.AbstractBeanFactory.lambda$doGetBean$0(AbstractBeanFactory.java:323) ~[spring-beans-5.2.7.RELEASE.jar:5.2.7.RELEASE]
	at org.springframework.beans.factory.support.DefaultSingletonBeanRegistry.getSingleton(DefaultSingletonBeanRegistry.java:226) ~[spring-beans-5.2.7.RELEASE.jar:5.2.7.RELEASE]
	at org.springframework.beans.factory.support.AbstractBeanFactory.doGetBean(AbstractBeanFactory.java:321) ~[spring-beans-5.2.7.RELEASE.jar:5.2.7.RELEASE]
	at org.springframework.beans.factory.support.AbstractBeanFactory.getBean(AbstractBeanFactory.java:202) ~[spring-beans-5.2.7.RELEASE.jar:5.2.7.RELEASE]
	at org.springframework.beans.factory.config.DependencyDescriptor.resolveCandidate(DependencyDescriptor.java:276) ~[spring-beans-5.2.7.RELEASE.jar:5.2.7.RELEASE]
	at org.springframework.beans.factory.support.DefaultListableBeanFactory.doResolveDependency(DefaultListableBeanFactory.java:1304) ~[spring-beans-5.2.7.RELEASE.jar:5.2.7.RELEASE]
	at org.springframework.beans.factory.support.DefaultListableBeanFactory.resolveDependency(DefaultListableBeanFactory.java:1224) ~[spring-beans-5.2.7.RELEASE.jar:5.2.7.RELEASE]
	at org.springframework.beans.factory.annotation.AutowiredAnnotationBeanPostProcessor$AutowiredFieldElement.inject(AutowiredAnnotationBeanPostProcessor.java:640) ~[spring-beans-5.2.7.RELEASE.jar:5.2.7.RELEASE]
	at org.springframework.beans.factory.annotation.InjectionMetadata.inject(InjectionMetadata.java:130) ~[spring-beans-5.2.7.RELEASE.jar:5.2.7.RELEASE]
	at org.springframework.beans.factory.annotation.AutowiredAnnotationBeanPostProcessor.postProcessProperties(AutowiredAnnotationBeanPostProcessor.java:399) ~[spring-beans-5.2.7.RELEASE.jar:5.2.7.RELEASE]
	at org.springframework.beans.factory.support.AbstractAutowireCapableBeanFactory.populateBean(AbstractAutowireCapableBeanFactory.java:1422) ~[spring-beans-5.2.7.RELEASE.jar:5.2.7.RELEASE]
	at org.springframework.beans.factory.support.AbstractAutowireCapableBeanFactory.doCreateBean(AbstractAutowireCapableBeanFactory.java:594) ~[spring-beans-5.2.7.RELEASE.jar:5.2.7.RELEASE]
	at org.springframework.beans.factory.support.AbstractAutowireCapableBeanFactory.createBean(AbstractAutowireCapableBeanFactory.java:517) ~[spring-beans-5.2.7.RELEASE.jar:5.2.7.RELEASE]
	at org.springframework.beans.factory.support.AbstractBeanFactory.lambda$doGetBean$0(AbstractBeanFactory.java:323) ~[spring-beans-5.2.7.RELEASE.jar:5.2.7.RELEASE]
	at org.springframework.beans.factory.support.DefaultSingletonBeanRegistry.getSingleton(DefaultSingletonBeanRegistry.java:226) ~[spring-beans-5.2.7.RELEASE.jar:5.2.7.RELEASE]
	at org.springframework.beans.factory.support.AbstractBeanFactory.doGetBean(AbstractBeanFactory.java:321) ~[spring-beans-5.2.7.RELEASE.jar:5.2.7.RELEASE]
	at org.springframework.beans.factory.support.AbstractBeanFactory.getBean(AbstractBeanFactory.java:202) ~[spring-beans-5.2.7.RELEASE.jar:5.2.7.RELEASE]
	at org.springframework.beans.factory.config.DependencyDescriptor.resolveCandidate(DependencyDescriptor.java:276) ~[spring-beans-5.2.7.RELEASE.jar:5.2.7.RELEASE]
	at org.springframework.beans.factory.support.DefaultListableBeanFactory.doResolveDependency(DefaultListableBeanFactory.java:1304) ~[spring-beans-5.2.7.RELEASE.jar:5.2.7.RELEASE]
	at org.springframework.beans.factory.support.DefaultListableBeanFactory.resolveDependency(DefaultListableBeanFactory.java:1224) ~[spring-beans-5.2.7.RELEASE.jar:5.2.7.RELEASE]
	at org.springframework.beans.factory.annotation.AutowiredAnnotationBeanPostProcessor$AutowiredFieldElement.inject(AutowiredAnnotationBeanPostProcessor.java:640) ~[spring-beans-5.2.7.RELEASE.jar:5.2.7.RELEASE]
	... 65 more
Caused by: org.apache.ibatis.builder.BuilderException: Error resolving class. Cause: org.apache.ibatis.type.TypeException: Could not resolve type alias 'cn.jackbin.SimpleRecord.dto.BudgetExecutionDTO'.  Cause: java.lang.ClassNotFoundException: Cannot find class: cn.jackbin.SimpleRecord.dto.BudgetExecutionDTO
	at org.apache.ibatis.builder.BaseBuilder.resolveClass(BaseBuilder.java:118) ~[mybatis-3.5.4.jar:3.5.4]
	at org.apache.ibatis.builder.xml.XMLStatementBuilder.parseStatementNode(XMLStatementBuilder.java:102) ~[mybatis-3.5.4.jar:3.5.4]
	at org.apache.ibatis.builder.xml.XMLMapperBuilder.buildStatementFromContext(XMLMapperBuilder.java:137) ~[mybatis-3.5.4.jar:3.5.4]
	at org.apache.ibatis.builder.xml.XMLMapperBuilder.buildStatementFromContext(XMLMapperBuilder.java:130) ~[mybatis-3.5.4.jar:3.5.4]
	at org.apache.ibatis.builder.xml.XMLMapperBuilder.configurationElement(XMLMapperBuilder.java:120) ~[mybatis-3.5.4.jar:3.5.4]
	at org.apache.ibatis.builder.xml.XMLMapperBuilder.parse(XMLMapperBuilder.java:94) ~[mybatis-3.5.4.jar:3.5.4]
	at com.baomidou.mybatisplus.extension.spring.MybatisSqlSessionFactoryBean.buildSqlSessionFactory(MybatisSqlSessionFactoryBean.java:591) ~[mybatis-plus-extension-3.3.2.jar:3.3.2]
	at com.baomidou.mybatisplus.extension.spring.MybatisSqlSessionFactoryBean.afterPropertiesSet(MybatisSqlSessionFactoryBean.java:429) ~[mybatis-plus-extension-3.3.2.jar:3.3.2]
	at com.baomidou.mybatisplus.extension.spring.MybatisSqlSessionFactoryBean.getObject(MybatisSqlSessionFactoryBean.java:626) ~[mybatis-plus-extension-3.3.2.jar:3.3.2]
	at com.baomidou.mybatisplus.autoconfigure.MybatisPlusAutoConfiguration.sqlSessionFactory(MybatisPlusAutoConfiguration.java:215) ~[mybatis-plus-boot-starter-3.3.2.jar:3.3.2]
	at com.baomidou.mybatisplus.autoconfigure.MybatisPlusAutoConfiguration$$EnhancerBySpringCGLIB$$f1427f39.CGLIB$sqlSessionFactory$1(<generated>) ~[mybatis-plus-boot-starter-3.3.2.jar:3.3.2]
	at com.baomidou.mybatisplus.autoconfigure.MybatisPlusAutoConfiguration$$EnhancerBySpringCGLIB$$f1427f39$$FastClassBySpringCGLIB$$38ba60c2.invoke(<generated>) ~[mybatis-plus-boot-starter-3.3.2.jar:3.3.2]
	at org.springframework.cglib.proxy.MethodProxy.invokeSuper(MethodProxy.java:244) ~[spring-core-5.2.7.RELEASE.jar:5.2.7.RELEASE]
	at org.springframework.context.annotation.ConfigurationClassEnhancer$BeanMethodInterceptor.intercept(ConfigurationClassEnhancer.java:331) ~[spring-context-5.2.7.RELEASE.jar:5.2.7.RELEASE]
	at com.baomidou.mybatisplus.autoconfigure.MybatisPlusAutoConfiguration$$EnhancerBySpringCGLIB$$f1427f39.sqlSessionFactory(<generated>) ~[mybatis-plus-boot-starter-3.3.2.jar:3.3.2]
	at jdk.internal.reflect.NativeMethodAccessorImpl.invoke0(Native Method) ~[?:?]
	at jdk.internal.reflect.NativeMethodAccessorImpl.invoke(NativeMethodAccessorImpl.java:77) ~[?:?]
	at jdk.internal.reflect.DelegatingMethodAccessorImpl.invoke(DelegatingMethodAccessorImpl.java:43) ~[?:?]
	at java.lang.reflect.Method.invoke(Method.java:569) ~[?:?]
	at org.springframework.beans.factory.support.SimpleInstantiationStrategy.instantiate(SimpleInstantiationStrategy.java:154) ~[spring-beans-5.2.7.RELEASE.jar:5.2.7.RELEASE]
	at org.springframework.beans.factory.support.ConstructorResolver.instantiate(ConstructorResolver.java:650) ~[spring-beans-5.2.7.RELEASE.jar:5.2.7.RELEASE]
	at org.springframework.beans.factory.support.ConstructorResolver.instantiateUsingFactoryMethod(ConstructorResolver.java:635) ~[spring-beans-5.2.7.RELEASE.jar:5.2.7.RELEASE]
	at org.springframework.beans.factory.support.AbstractAutowireCapableBeanFactory.instantiateUsingFactoryMethod(AbstractAutowireCapableBeanFactory.java:1338) ~[spring-beans-5.2.7.RELEASE.jar:5.2.7.RELEASE]
	at org.springframework.beans.factory.support.AbstractAutowireCapableBeanFactory.createBeanInstance(AbstractAutowireCapableBeanFactory.java:1177) ~[spring-beans-5.2.7.RELEASE.jar:5.2.7.RELEASE]
	at org.springframework.beans.factory.support.AbstractAutowireCapableBeanFactory.doCreateBean(AbstractAutowireCapableBeanFactory.java:557) ~[spring-beans-5.2.7.RELEASE.jar:5.2.7.RELEASE]
	at org.springframework.beans.factory.support.AbstractAutowireCapableBeanFactory.createBean(AbstractAutowireCapableBeanFactory.java:517) ~[spring-beans-5.2.7.RELEASE.jar:5.2.7.RELEASE]
	at org.springframework.beans.factory.support.AbstractBeanFactory.lambda$doGetBean$0(AbstractBeanFactory.java:323) ~[spring-beans-5.2.7.RELEASE.jar:5.2.7.RELEASE]
	at org.springframework.beans.factory.support.DefaultSingletonBeanRegistry.getSingleton(DefaultSingletonBeanRegistry.java:226) ~[spring-beans-5.2.7.RELEASE.jar:5.2.7.RELEASE]
	at org.springframework.beans.factory.support.AbstractBeanFactory.doGetBean(AbstractBeanFactory.java:321) ~[spring-beans-5.2.7.RELEASE.jar:5.2.7.RELEASE]
	at org.springframework.beans.factory.support.AbstractBeanFactory.getBean(AbstractBeanFactory.java:202) ~[spring-beans-5.2.7.RELEASE.jar:5.2.7.RELEASE]
	at org.springframework.beans.factory.config.DependencyDescriptor.resolveCandidate(DependencyDescriptor.java:276) ~[spring-beans-5.2.7.RELEASE.jar:5.2.7.RELEASE]
	at org.springframework.beans.factory.support.DefaultListableBeanFactory.doResolveDependency(DefaultListableBeanFactory.java:1304) ~[spring-beans-5.2.7.RELEASE.jar:5.2.7.RELEASE]
	at org.springframework.beans.factory.support.DefaultListableBeanFactory.resolveDependency(DefaultListableBeanFactory.java:1224) ~[spring-beans-5.2.7.RELEASE.jar:5.2.7.RELEASE]
	at org.springframework.beans.factory.support.AbstractAutowireCapableBeanFactory.autowireByType(AbstractAutowireCapableBeanFactory.java:1511) ~[spring-beans-5.2.7.RELEASE.jar:5.2.7.RELEASE]
	at org.springframework.beans.factory.support.AbstractAutowireCapableBeanFactory.populateBean(AbstractAutowireCapableBeanFactory.java:1406) ~[spring-beans-5.2.7.RELEASE.jar:5.2.7.RELEASE]
	at org.springframework.beans.factory.support.AbstractAutowireCapableBeanFactory.doCreateBean(AbstractAutowireCapableBeanFactory.java:594) ~[spring-beans-5.2.7.RELEASE.jar:5.2.7.RELEASE]
	at org.springframework.beans.factory.support.AbstractAutowireCapableBeanFactory.createBean(AbstractAutowireCapableBeanFactory.java:517) ~[spring-beans-5.2.7.RELEASE.jar:5.2.7.RELEASE]
	at org.springframework.beans.factory.support.AbstractBeanFactory.lambda$doGetBean$0(AbstractBeanFactory.java:323) ~[spring-beans-5.2.7.RELEASE.jar:5.2.7.RELEASE]
	at org.springframework.beans.factory.support.DefaultSingletonBeanRegistry.getSingleton(DefaultSingletonBeanRegistry.java:226) ~[spring-beans-5.2.7.RELEASE.jar:5.2.7.RELEASE]
	at org.springframework.beans.factory.support.AbstractBeanFactory.doGetBean(AbstractBeanFactory.java:321) ~[spring-beans-5.2.7.RELEASE.jar:5.2.7.RELEASE]
	at org.springframework.beans.factory.support.AbstractBeanFactory.getBean(AbstractBeanFactory.java:202) ~[spring-beans-5.2.7.RELEASE.jar:5.2.7.RELEASE]
	at org.springframework.beans.factory.config.DependencyDescriptor.resolveCandidate(DependencyDescriptor.java:276) ~[spring-beans-5.2.7.RELEASE.jar:5.2.7.RELEASE]
	at org.springframework.beans.factory.support.DefaultListableBeanFactory.doResolveDependency(DefaultListableBeanFactory.java:1304) ~[spring-beans-5.2.7.RELEASE.jar:5.2.7.RELEASE]
	at org.springframework.beans.factory.support.DefaultListableBeanFactory.resolveDependency(DefaultListableBeanFactory.java:1224) ~[spring-beans-5.2.7.RELEASE.jar:5.2.7.RELEASE]
	at org.springframework.beans.factory.annotation.AutowiredAnnotationBeanPostProcessor$AutowiredFieldElement.inject(AutowiredAnnotationBeanPostProcessor.java:640) ~[spring-beans-5.2.7.RELEASE.jar:5.2.7.RELEASE]
	at org.springframework.beans.factory.annotation.InjectionMetadata.inject(InjectionMetadata.java:130) ~[spring-beans-5.2.7.RELEASE.jar:5.2.7.RELEASE]
	at org.springframework.beans.factory.annotation.AutowiredAnnotationBeanPostProcessor.postProcessProperties(AutowiredAnnotationBeanPostProcessor.java:399) ~[spring-beans-5.2.7.RELEASE.jar:5.2.7.RELEASE]
	at org.springframework.beans.factory.support.AbstractAutowireCapableBeanFactory.populateBean(AbstractAutowireCapableBeanFactory.java:1422) ~[spring-beans-5.2.7.RELEASE.jar:5.2.7.RELEASE]
	at org.springframework.beans.factory.support.AbstractAutowireCapableBeanFactory.doCreateBean(AbstractAutowireCapableBeanFactory.java:594) ~[spring-beans-5.2.7.RELEASE.jar:5.2.7.RELEASE]
	at org.springframework.beans.factory.support.AbstractAutowireCapableBeanFactory.createBean(AbstractAutowireCapableBeanFactory.java:517) ~[spring-beans-5.2.7.RELEASE.jar:5.2.7.RELEASE]
	at org.springframework.beans.factory.support.AbstractBeanFactory.lambda$doGetBean$0(AbstractBeanFactory.java:323) ~[spring-beans-5.2.7.RELEASE.jar:5.2.7.RELEASE]
	at org.springframework.beans.factory.support.DefaultSingletonBeanRegistry.getSingleton(DefaultSingletonBeanRegistry.java:226) ~[spring-beans-5.2.7.RELEASE.jar:5.2.7.RELEASE]
	at org.springframework.beans.factory.support.AbstractBeanFactory.doGetBean(AbstractBeanFactory.java:321) ~[spring-beans-5.2.7.RELEASE.jar:5.2.7.RELEASE]
	at org.springframework.beans.factory.support.AbstractBeanFactory.getBean(AbstractBeanFactory.java:202) ~[spring-beans-5.2.7.RELEASE.jar:5.2.7.RELEASE]
	at org.springframework.beans.factory.config.DependencyDescriptor.resolveCandidate(DependencyDescriptor.java:276) ~[spring-beans-5.2.7.RELEASE.jar:5.2.7.RELEASE]
	at org.springframework.beans.factory.support.DefaultListableBeanFactory.doResolveDependency(DefaultListableBeanFactory.java:1304) ~[spring-beans-5.2.7.RELEASE.jar:5.2.7.RELEASE]
	at org.springframework.beans.factory.support.DefaultListableBeanFactory.resolveDependency(DefaultListableBeanFactory.java:1224) ~[spring-beans-5.2.7.RELEASE.jar:5.2.7.RELEASE]
	at org.springframework.beans.factory.annotation.AutowiredAnnotationBeanPostProcessor$AutowiredFieldElement.inject(AutowiredAnnotationBeanPostProcessor.java:640) ~[spring-beans-5.2.7.RELEASE.jar:5.2.7.RELEASE]
	... 65 more
Caused by: org.apache.ibatis.type.TypeException: Could not resolve type alias 'cn.jackbin.SimpleRecord.dto.BudgetExecutionDTO'.  Cause: java.lang.ClassNotFoundException: Cannot find class: cn.jackbin.SimpleRecord.dto.BudgetExecutionDTO
	at org.apache.ibatis.type.TypeAliasRegistry.resolveAlias(TypeAliasRegistry.java:120) ~[mybatis-3.5.4.jar:3.5.4]
	at org.apache.ibatis.builder.BaseBuilder.resolveAlias(BaseBuilder.java:149) ~[mybatis-3.5.4.jar:3.5.4]
	at org.apache.ibatis.builder.BaseBuilder.resolveClass(BaseBuilder.java:116) ~[mybatis-3.5.4.jar:3.5.4]
	at org.apache.ibatis.builder.xml.XMLStatementBuilder.parseStatementNode(XMLStatementBuilder.java:102) ~[mybatis-3.5.4.jar:3.5.4]
	at org.apache.ibatis.builder.xml.XMLMapperBuilder.buildStatementFromContext(XMLMapperBuilder.java:137) ~[mybatis-3.5.4.jar:3.5.4]
	at org.apache.ibatis.builder.xml.XMLMapperBuilder.buildStatementFromContext(XMLMapperBuilder.java:130) ~[mybatis-3.5.4.jar:3.5.4]
	at org.apache.ibatis.builder.xml.XMLMapperBuilder.configurationElement(XMLMapperBuilder.java:120) ~[mybatis-3.5.4.jar:3.5.4]
	at org.apache.ibatis.builder.xml.XMLMapperBuilder.parse(XMLMapperBuilder.java:94) ~[mybatis-3.5.4.jar:3.5.4]
	at com.baomidou.mybatisplus.extension.spring.MybatisSqlSessionFactoryBean.buildSqlSessionFactory(MybatisSqlSessionFactoryBean.java:591) ~[mybatis-plus-extension-3.3.2.jar:3.3.2]
	at com.baomidou.mybatisplus.extension.spring.MybatisSqlSessionFactoryBean.afterPropertiesSet(MybatisSqlSessionFactoryBean.java:429) ~[mybatis-plus-extension-3.3.2.jar:3.3.2]
	at com.baomidou.mybatisplus.extension.spring.MybatisSqlSessionFactoryBean.getObject(MybatisSqlSessionFactoryBean.java:626) ~[mybatis-plus-extension-3.3.2.jar:3.3.2]
	at com.baomidou.mybatisplus.autoconfigure.MybatisPlusAutoConfiguration.sqlSessionFactory(MybatisPlusAutoConfiguration.java:215) ~[mybatis-plus-boot-starter-3.3.2.jar:3.3.2]
	at com.baomidou.mybatisplus.autoconfigure.MybatisPlusAutoConfiguration$$EnhancerBySpringCGLIB$$f1427f39.CGLIB$sqlSessionFactory$1(<generated>) ~[mybatis-plus-boot-starter-3.3.2.jar:3.3.2]
	at com.baomidou.mybatisplus.autoconfigure.MybatisPlusAutoConfiguration$$EnhancerBySpringCGLIB$$f1427f39$$FastClassBySpringCGLIB$$38ba60c2.invoke(<generated>) ~[mybatis-plus-boot-starter-3.3.2.jar:3.3.2]
	at org.springframework.cglib.proxy.MethodProxy.invokeSuper(MethodProxy.java:244) ~[spring-core-5.2.7.RELEASE.jar:5.2.7.RELEASE]
	at org.springframework.context.annotation.ConfigurationClassEnhancer$BeanMethodInterceptor.intercept(ConfigurationClassEnhancer.java:331) ~[spring-context-5.2.7.RELEASE.jar:5.2.7.RELEASE]
	at com.baomidou.mybatisplus.autoconfigure.MybatisPlusAutoConfiguration$$EnhancerBySpringCGLIB$$f1427f39.sqlSessionFactory(<generated>) ~[mybatis-plus-boot-starter-3.3.2.jar:3.3.2]
	at jdk.internal.reflect.NativeMethodAccessorImpl.invoke0(Native Method) ~[?:?]
	at jdk.internal.reflect.NativeMethodAccessorImpl.invoke(NativeMethodAccessorImpl.java:77) ~[?:?]
	at jdk.internal.reflect.DelegatingMethodAccessorImpl.invoke(DelegatingMethodAccessorImpl.java:43) ~[?:?]
	at java.lang.reflect.Method.invoke(Method.java:569) ~[?:?]
	at org.springframework.beans.factory.support.SimpleInstantiationStrategy.instantiate(SimpleInstantiationStrategy.java:154) ~[spring-beans-5.2.7.RELEASE.jar:5.2.7.RELEASE]
	at org.springframework.beans.factory.support.ConstructorResolver.instantiate(ConstructorResolver.java:650) ~[spring-beans-5.2.7.RELEASE.jar:5.2.7.RELEASE]
	at org.springframework.beans.factory.support.ConstructorResolver.instantiateUsingFactoryMethod(ConstructorResolver.java:635) ~[spring-beans-5.2.7.RELEASE.jar:5.2.7.RELEASE]
	at org.springframework.beans.factory.support.AbstractAutowireCapableBeanFactory.instantiateUsingFactoryMethod(AbstractAutowireCapableBeanFactory.java:1338) ~[spring-beans-5.2.7.RELEASE.jar:5.2.7.RELEASE]
	at org.springframework.beans.factory.support.AbstractAutowireCapableBeanFactory.createBeanInstance(AbstractAutowireCapableBeanFactory.java:1177) ~[spring-beans-5.2.7.RELEASE.jar:5.2.7.RELEASE]
	at org.springframework.beans.factory.support.AbstractAutowireCapableBeanFactory.doCreateBean(AbstractAutowireCapableBeanFactory.java:557) ~[spring-beans-5.2.7.RELEASE.jar:5.2.7.RELEASE]
	at org.springframework.beans.factory.support.AbstractAutowireCapableBeanFactory.createBean(AbstractAutowireCapableBeanFactory.java:517) ~[spring-beans-5.2.7.RELEASE.jar:5.2.7.RELEASE]
	at org.springframework.beans.factory.support.AbstractBeanFactory.lambda$doGetBean$0(AbstractBeanFactory.java:323) ~[spring-beans-5.2.7.RELEASE.jar:5.2.7.RELEASE]
	at org.springframework.beans.factory.support.DefaultSingletonBeanRegistry.getSingleton(DefaultSingletonBeanRegistry.java:226) ~[spring-beans-5.2.7.RELEASE.jar:5.2.7.RELEASE]
	at org.springframework.beans.factory.support.AbstractBeanFactory.doGetBean(AbstractBeanFactory.java:321) ~[spring-beans-5.2.7.RELEASE.jar:5.2.7.RELEASE]
	at org.springframework.beans.factory.support.AbstractBeanFactory.getBean(AbstractBeanFactory.java:202) ~[spring-beans-5.2.7.RELEASE.jar:5.2.7.RELEASE]
	at org.springframework.beans.factory.config.DependencyDescriptor.resolveCandidate(DependencyDescriptor.java:276) ~[spring-beans-5.2.7.RELEASE.jar:5.2.7.RELEASE]
	at org.springframework.beans.factory.support.DefaultListableBeanFactory.doResolveDependency(DefaultListableBeanFactory.java:1304) ~[spring-beans-5.2.7.RELEASE.jar:5.2.7.RELEASE]
	at org.springframework.beans.factory.support.DefaultListableBeanFactory.resolveDependency(DefaultListableBeanFactory.java:1224) ~[spring-beans-5.2.7.RELEASE.jar:5.2.7.RELEASE]
	at org.springframework.beans.factory.support.AbstractAutowireCapableBeanFactory.autowireByType(AbstractAutowireCapableBeanFactory.java:1511) ~[spring-beans-5.2.7.RELEASE.jar:5.2.7.RELEASE]
	at org.springframework.beans.factory.support.AbstractAutowireCapableBeanFactory.populateBean(AbstractAutowireCapableBeanFactory.java:1406) ~[spring-beans-5.2.7.RELEASE.jar:5.2.7.RELEASE]
	at org.springframework.beans.factory.support.AbstractAutowireCapableBeanFactory.doCreateBean(AbstractAutowireCapableBeanFactory.java:594) ~[spring-beans-5.2.7.RELEASE.jar:5.2.7.RELEASE]
	at org.springframework.beans.factory.support.AbstractAutowireCapableBeanFactory.createBean(AbstractAutowireCapableBeanFactory.java:517) ~[spring-beans-5.2.7.RELEASE.jar:5.2.7.RELEASE]
	at org.springframework.beans.factory.support.AbstractBeanFactory.lambda$doGetBean$0(AbstractBeanFactory.java:323) ~[spring-beans-5.2.7.RELEASE.jar:5.2.7.RELEASE]
	at org.springframework.beans.factory.support.DefaultSingletonBeanRegistry.getSingleton(DefaultSingletonBeanRegistry.java:226) ~[spring-beans-5.2.7.RELEASE.jar:5.2.7.RELEASE]
	at org.springframework.beans.factory.support.AbstractBeanFactory.doGetBean(AbstractBeanFactory.java:321) ~[spring-beans-5.2.7.RELEASE.jar:5.2.7.RELEASE]
	at org.springframework.beans.factory.support.AbstractBeanFactory.getBean(AbstractBeanFactory.java:202) ~[spring-beans-5.2.7.RELEASE.jar:5.2.7.RELEASE]
	at org.springframework.beans.factory.config.DependencyDescriptor.resolveCandidate(DependencyDescriptor.java:276) ~[spring-beans-5.2.7.RELEASE.jar:5.2.7.RELEASE]
	at org.springframework.beans.factory.support.DefaultListableBeanFactory.doResolveDependency(DefaultListableBeanFactory.java:1304) ~[spring-beans-5.2.7.RELEASE.jar:5.2.7.RELEASE]
	at org.springframework.beans.factory.support.DefaultListableBeanFactory.resolveDependency(DefaultListableBeanFactory.java:1224) ~[spring-beans-5.2.7.RELEASE.jar:5.2.7.RELEASE]
	at org.springframework.beans.factory.annotation.AutowiredAnnotationBeanPostProcessor$AutowiredFieldElement.inject(AutowiredAnnotationBeanPostProcessor.java:640) ~[spring-beans-5.2.7.RELEASE.jar:5.2.7.RELEASE]
	at org.springframework.beans.factory.annotation.InjectionMetadata.inject(InjectionMetadata.java:130) ~[spring-beans-5.2.7.RELEASE.jar:5.2.7.RELEASE]
	at org.springframework.beans.factory.annotation.AutowiredAnnotationBeanPostProcessor.postProcessProperties(AutowiredAnnotationBeanPostProcessor.java:399) ~[spring-beans-5.2.7.RELEASE.jar:5.2.7.RELEASE]
	at org.springframework.beans.factory.support.AbstractAutowireCapableBeanFactory.populateBean(AbstractAutowireCapableBeanFactory.java:1422) ~[spring-beans-5.2.7.RELEASE.jar:5.2.7.RELEASE]
	at org.springframework.beans.factory.support.AbstractAutowireCapableBeanFactory.doCreateBean(AbstractAutowireCapableBeanFactory.java:594) ~[spring-beans-5.2.7.RELEASE.jar:5.2.7.RELEASE]
	at org.springframework.beans.factory.support.AbstractAutowireCapableBeanFactory.createBean(AbstractAutowireCapableBeanFactory.java:517) ~[spring-beans-5.2.7.RELEASE.jar:5.2.7.RELEASE]
	at org.springframework.beans.factory.support.AbstractBeanFactory.lambda$doGetBean$0(AbstractBeanFactory.java:323) ~[spring-beans-5.2.7.RELEASE.jar:5.2.7.RELEASE]
	at org.springframework.beans.factory.support.DefaultSingletonBeanRegistry.getSingleton(DefaultSingletonBeanRegistry.java:226) ~[spring-beans-5.2.7.RELEASE.jar:5.2.7.RELEASE]
	at org.springframework.beans.factory.support.AbstractBeanFactory.doGetBean(AbstractBeanFactory.java:321) ~[spring-beans-5.2.7.RELEASE.jar:5.2.7.RELEASE]
	at org.springframework.beans.factory.support.AbstractBeanFactory.getBean(AbstractBeanFactory.java:202) ~[spring-beans-5.2.7.RELEASE.jar:5.2.7.RELEASE]
	at org.springframework.beans.factory.config.DependencyDescriptor.resolveCandidate(DependencyDescriptor.java:276) ~[spring-beans-5.2.7.RELEASE.jar:5.2.7.RELEASE]
	at org.springframework.beans.factory.support.DefaultListableBeanFactory.doResolveDependency(DefaultListableBeanFactory.java:1304) ~[spring-beans-5.2.7.RELEASE.jar:5.2.7.RELEASE]
	at org.springframework.beans.factory.support.DefaultListableBeanFactory.resolveDependency(DefaultListableBeanFactory.java:1224) ~[spring-beans-5.2.7.RELEASE.jar:5.2.7.RELEASE]
	at org.springframework.beans.factory.annotation.AutowiredAnnotationBeanPostProcessor$AutowiredFieldElement.inject(AutowiredAnnotationBeanPostProcessor.java:640) ~[spring-beans-5.2.7.RELEASE.jar:5.2.7.RELEASE]
	... 65 more
Caused by: java.lang.ClassNotFoundException: Cannot find class: cn.jackbin.SimpleRecord.dto.BudgetExecutionDTO
	at org.apache.ibatis.io.ClassLoaderWrapper.classForName(ClassLoaderWrapper.java:200) ~[mybatis-3.5.4.jar:3.5.4]
	at org.apache.ibatis.io.ClassLoaderWrapper.classForName(ClassLoaderWrapper.java:89) ~[mybatis-3.5.4.jar:3.5.4]
	at org.apache.ibatis.io.Resources.classForName(Resources.java:261) ~[mybatis-3.5.4.jar:3.5.4]
	at org.apache.ibatis.type.TypeAliasRegistry.resolveAlias(TypeAliasRegistry.java:116) ~[mybatis-3.5.4.jar:3.5.4]
	at org.apache.ibatis.builder.BaseBuilder.resolveAlias(BaseBuilder.java:149) ~[mybatis-3.5.4.jar:3.5.4]
	at org.apache.ibatis.builder.BaseBuilder.resolveClass(BaseBuilder.java:116) ~[mybatis-3.5.4.jar:3.5.4]
	at org.apache.ibatis.builder.xml.XMLStatementBuilder.parseStatementNode(XMLStatementBuilder.java:102) ~[mybatis-3.5.4.jar:3.5.4]
	at org.apache.ibatis.builder.xml.XMLMapperBuilder.buildStatementFromContext(XMLMapperBuilder.java:137) ~[mybatis-3.5.4.jar:3.5.4]
	at org.apache.ibatis.builder.xml.XMLMapperBuilder.buildStatementFromContext(XMLMapperBuilder.java:130) ~[mybatis-3.5.4.jar:3.5.4]
	at org.apache.ibatis.builder.xml.XMLMapperBuilder.configurationElement(XMLMapperBuilder.java:120) ~[mybatis-3.5.4.jar:3.5.4]
	at org.apache.ibatis.builder.xml.XMLMapperBuilder.parse(XMLMapperBuilder.java:94) ~[mybatis-3.5.4.jar:3.5.4]
	at com.baomidou.mybatisplus.extension.spring.MybatisSqlSessionFactoryBean.buildSqlSessionFactory(MybatisSqlSessionFactoryBean.java:591) ~[mybatis-plus-extension-3.3.2.jar:3.3.2]
	at com.baomidou.mybatisplus.extension.spring.MybatisSqlSessionFactoryBean.afterPropertiesSet(MybatisSqlSessionFactoryBean.java:429) ~[mybatis-plus-extension-3.3.2.jar:3.3.2]
	at com.baomidou.mybatisplus.extension.spring.MybatisSqlSessionFactoryBean.getObject(MybatisSqlSessionFactoryBean.java:626) ~[mybatis-plus-extension-3.3.2.jar:3.3.2]
	at com.baomidou.mybatisplus.autoconfigure.MybatisPlusAutoConfiguration.sqlSessionFactory(MybatisPlusAutoConfiguration.java:215) ~[mybatis-plus-boot-starter-3.3.2.jar:3.3.2]
	at com.baomidou.mybatisplus.autoconfigure.MybatisPlusAutoConfiguration$$EnhancerBySpringCGLIB$$f1427f39.CGLIB$sqlSessionFactory$1(<generated>) ~[mybatis-plus-boot-starter-3.3.2.jar:3.3.2]
	at com.baomidou.mybatisplus.autoconfigure.MybatisPlusAutoConfiguration$$EnhancerBySpringCGLIB$$f1427f39$$FastClassBySpringCGLIB$$38ba60c2.invoke(<generated>) ~[mybatis-plus-boot-starter-3.3.2.jar:3.3.2]
	at org.springframework.cglib.proxy.MethodProxy.invokeSuper(MethodProxy.java:244) ~[spring-core-5.2.7.RELEASE.jar:5.2.7.RELEASE]
	at org.springframework.context.annotation.ConfigurationClassEnhancer$BeanMethodInterceptor.intercept(ConfigurationClassEnhancer.java:331) ~[spring-context-5.2.7.RELEASE.jar:5.2.7.RELEASE]
	at com.baomidou.mybatisplus.autoconfigure.MybatisPlusAutoConfiguration$$EnhancerBySpringCGLIB$$f1427f39.sqlSessionFactory(<generated>) ~[mybatis-plus-boot-starter-3.3.2.jar:3.3.2]
	at jdk.internal.reflect.NativeMethodAccessorImpl.invoke0(Native Method) ~[?:?]
	at jdk.internal.reflect.NativeMethodAccessorImpl.invoke(NativeMethodAccessorImpl.java:77) ~[?:?]
	at jdk.internal.reflect.DelegatingMethodAccessorImpl.invoke(DelegatingMethodAccessorImpl.java:43) ~[?:?]
	at java.lang.reflect.Method.invoke(Method.java:569) ~[?:?]
	at org.springframework.beans.factory.support.SimpleInstantiationStrategy.instantiate(SimpleInstantiationStrategy.java:154) ~[spring-beans-5.2.7.RELEASE.jar:5.2.7.RELEASE]
	at org.springframework.beans.factory.support.ConstructorResolver.instantiate(ConstructorResolver.java:650) ~[spring-beans-5.2.7.RELEASE.jar:5.2.7.RELEASE]
	at org.springframework.beans.factory.support.ConstructorResolver.instantiateUsingFactoryMethod(ConstructorResolver.java:635) ~[spring-beans-5.2.7.RELEASE.jar:5.2.7.RELEASE]
	at org.springframework.beans.factory.support.AbstractAutowireCapableBeanFactory.instantiateUsingFactoryMethod(AbstractAutowireCapableBeanFactory.java:1338) ~[spring-beans-5.2.7.RELEASE.jar:5.2.7.RELEASE]
	at org.springframework.beans.factory.support.AbstractAutowireCapableBeanFactory.createBeanInstance(AbstractAutowireCapableBeanFactory.java:1177) ~[spring-beans-5.2.7.RELEASE.jar:5.2.7.RELEASE]
	at org.springframework.beans.factory.support.AbstractAutowireCapableBeanFactory.doCreateBean(AbstractAutowireCapableBeanFactory.java:557) ~[spring-beans-5.2.7.RELEASE.jar:5.2.7.RELEASE]
	at org.springframework.beans.factory.support.AbstractAutowireCapableBeanFactory.createBean(AbstractAutowireCapableBeanFactory.java:517) ~[spring-beans-5.2.7.RELEASE.jar:5.2.7.RELEASE]
	at org.springframework.beans.factory.support.AbstractBeanFactory.lambda$doGetBean$0(AbstractBeanFactory.java:323) ~[spring-beans-5.2.7.RELEASE.jar:5.2.7.RELEASE]
	at org.springframework.beans.factory.support.DefaultSingletonBeanRegistry.getSingleton(DefaultSingletonBeanRegistry.java:226) ~[spring-beans-5.2.7.RELEASE.jar:5.2.7.RELEASE]
	at org.springframework.beans.factory.support.AbstractBeanFactory.doGetBean(AbstractBeanFactory.java:321) ~[spring-beans-5.2.7.RELEASE.jar:5.2.7.RELEASE]
	at org.springframework.beans.factory.support.AbstractBeanFactory.getBean(AbstractBeanFactory.java:202) ~[spring-beans-5.2.7.RELEASE.jar:5.2.7.RELEASE]
	at org.springframework.beans.factory.config.DependencyDescriptor.resolveCandidate(DependencyDescriptor.java:276) ~[spring-beans-5.2.7.RELEASE.jar:5.2.7.RELEASE]
	at org.springframework.beans.factory.support.DefaultListableBeanFactory.doResolveDependency(DefaultListableBeanFactory.java:1304) ~[spring-beans-5.2.7.RELEASE.jar:5.2.7.RELEASE]
	at org.springframework.beans.factory.support.DefaultListableBeanFactory.resolveDependency(DefaultListableBeanFactory.java:1224) ~[spring-beans-5.2.7.RELEASE.jar:5.2.7.RELEASE]
	at org.springframework.beans.factory.support.AbstractAutowireCapableBeanFactory.autowireByType(AbstractAutowireCapableBeanFactory.java:1511) ~[spring-beans-5.2.7.RELEASE.jar:5.2.7.RELEASE]
	at org.springframework.beans.factory.support.AbstractAutowireCapableBeanFactory.populateBean(AbstractAutowireCapableBeanFactory.java:1406) ~[spring-beans-5.2.7.RELEASE.jar:5.2.7.RELEASE]
	at org.springframework.beans.factory.support.AbstractAutowireCapableBeanFactory.doCreateBean(AbstractAutowireCapableBeanFactory.java:594) ~[spring-beans-5.2.7.RELEASE.jar:5.2.7.RELEASE]
	at org.springframework.beans.factory.support.AbstractAutowireCapableBeanFactory.createBean(AbstractAutowireCapableBeanFactory.java:517) ~[spring-beans-5.2.7.RELEASE.jar:5.2.7.RELEASE]
	at org.springframework.beans.factory.support.AbstractBeanFactory.lambda$doGetBean$0(AbstractBeanFactory.java:323) ~[spring-beans-5.2.7.RELEASE.jar:5.2.7.RELEASE]
	at org.springframework.beans.factory.support.DefaultSingletonBeanRegistry.getSingleton(DefaultSingletonBeanRegistry.java:226) ~[spring-beans-5.2.7.RELEASE.jar:5.2.7.RELEASE]
	at org.springframework.beans.factory.support.AbstractBeanFactory.doGetBean(AbstractBeanFactory.java:321) ~[spring-beans-5.2.7.RELEASE.jar:5.2.7.RELEASE]
	at org.springframework.beans.factory.support.AbstractBeanFactory.getBean(AbstractBeanFactory.java:202) ~[spring-beans-5.2.7.RELEASE.jar:5.2.7.RELEASE]
	at org.springframework.beans.factory.config.DependencyDescriptor.resolveCandidate(DependencyDescriptor.java:276) ~[spring-beans-5.2.7.RELEASE.jar:5.2.7.RELEASE]
	at org.springframework.beans.factory.support.DefaultListableBeanFactory.doResolveDependency(DefaultListableBeanFactory.java:1304) ~[spring-beans-5.2.7.RELEASE.jar:5.2.7.RELEASE]
	at org.springframework.beans.factory.support.DefaultListableBeanFactory.resolveDependency(DefaultListableBeanFactory.java:1224) ~[spring-beans-5.2.7.RELEASE.jar:5.2.7.RELEASE]
	at org.springframework.beans.factory.annotation.AutowiredAnnotationBeanPostProcessor$AutowiredFieldElement.inject(AutowiredAnnotationBeanPostProcessor.java:640) ~[spring-beans-5.2.7.RELEASE.jar:5.2.7.RELEASE]
	at org.springframework.beans.factory.annotation.InjectionMetadata.inject(InjectionMetadata.java:130) ~[spring-beans-5.2.7.RELEASE.jar:5.2.7.RELEASE]
	at org.springframework.beans.factory.annotation.AutowiredAnnotationBeanPostProcessor.postProcessProperties(AutowiredAnnotationBeanPostProcessor.java:399) ~[spring-beans-5.2.7.RELEASE.jar:5.2.7.RELEASE]
	at org.springframework.beans.factory.support.AbstractAutowireCapableBeanFactory.populateBean(AbstractAutowireCapableBeanFactory.java:1422) ~[spring-beans-5.2.7.RELEASE.jar:5.2.7.RELEASE]
	at org.springframework.beans.factory.support.AbstractAutowireCapableBeanFactory.doCreateBean(AbstractAutowireCapableBeanFactory.java:594) ~[spring-beans-5.2.7.RELEASE.jar:5.2.7.RELEASE]
	at org.springframework.beans.factory.support.AbstractAutowireCapableBeanFactory.createBean(AbstractAutowireCapableBeanFactory.java:517) ~[spring-beans-5.2.7.RELEASE.jar:5.2.7.RELEASE]
	at org.springframework.beans.factory.support.AbstractBeanFactory.lambda$doGetBean$0(AbstractBeanFactory.java:323) ~[spring-beans-5.2.7.RELEASE.jar:5.2.7.RELEASE]
	at org.springframework.beans.factory.support.DefaultSingletonBeanRegistry.getSingleton(DefaultSingletonBeanRegistry.java:226) ~[spring-beans-5.2.7.RELEASE.jar:5.2.7.RELEASE]
	at org.springframework.beans.factory.support.AbstractBeanFactory.doGetBean(AbstractBeanFactory.java:321) ~[spring-beans-5.2.7.RELEASE.jar:5.2.7.RELEASE]
	at org.springframework.beans.factory.support.AbstractBeanFactory.getBean(AbstractBeanFactory.java:202) ~[spring-beans-5.2.7.RELEASE.jar:5.2.7.RELEASE]
	at org.springframework.beans.factory.config.DependencyDescriptor.resolveCandidate(DependencyDescriptor.java:276) ~[spring-beans-5.2.7.RELEASE.jar:5.2.7.RELEASE]
	at org.springframework.beans.factory.support.DefaultListableBeanFactory.doResolveDependency(DefaultListableBeanFactory.java:1304) ~[spring-beans-5.2.7.RELEASE.jar:5.2.7.RELEASE]
	at org.springframework.beans.factory.support.DefaultListableBeanFactory.resolveDependency(DefaultListableBeanFactory.java:1224) ~[spring-beans-5.2.7.RELEASE.jar:5.2.7.RELEASE]
	at org.springframework.beans.factory.annotation.AutowiredAnnotationBeanPostProcessor$AutowiredFieldElement.inject(AutowiredAnnotationBeanPostProcessor.java:640) ~[spring-beans-5.2.7.RELEASE.jar:5.2.7.RELEASE]
	... 65 more
[2026-06-11 21:39:50:201] [ERROR] - org.springframework.test.context.TestContextManager.prepareTestInstance(TestContextManager.java:248) - Caught exception while allowing TestExecutionListener [org.springframework.test.context.web.ServletTestExecutionListener@2e6ee0bc] to prepare test instance [cn.jackbin.SimpleRecord.mapper.PermissionMapperTest@4ff1e20b]
java.lang.IllegalStateException: Failed to load ApplicationContext
	at org.springframework.test.context.cache.DefaultCacheAwareContextLoaderDelegate.loadContext(DefaultCacheAwareContextLoaderDelegate.java:132) ~[spring-test-5.2.7.RELEASE.jar:5.2.7.RELEASE]
	at org.springframework.test.context.support.DefaultTestContext.getApplicationContext(DefaultTestContext.java:123) ~[spring-test-5.2.7.RELEASE.jar:5.2.7.RELEASE]
	at org.springframework.test.context.web.ServletTestExecutionListener.setUpRequestContextIfNecessary(ServletTestExecutionListener.java:190) ~[spring-test-5.2.7.RELEASE.jar:5.2.7.RELEASE]
	at org.springframework.test.context.web.ServletTestExecutionListener.prepareTestInstance(ServletTestExecutionListener.java:132) ~[spring-test-5.2.7.RELEASE.jar:5.2.7.RELEASE]
	at org.springframework.test.context.TestContextManager.prepareTestInstance(TestContextManager.java:244) ~[spring-test-5.2.7.RELEASE.jar:5.2.7.RELEASE]
	at org.springframework.test.context.junit4.SpringJUnit4ClassRunner.createTest(SpringJUnit4ClassRunner.java:227) ~[spring-test-5.2.7.RELEASE.jar:5.2.7.RELEASE]
	at org.springframework.test.context.junit4.SpringJUnit4ClassRunner$1.runReflectiveCall(SpringJUnit4ClassRunner.java:289) ~[spring-test-5.2.7.RELEASE.jar:5.2.7.RELEASE]
	at org.junit.internal.runners.model.ReflectiveCallable.run(ReflectiveCallable.java:12) ~[junit-4.13.jar:4.13]
	at org.springframework.test.context.junit4.SpringJUnit4ClassRunner.methodBlock(SpringJUnit4ClassRunner.java:291) ~[spring-test-5.2.7.RELEASE.jar:5.2.7.RELEASE]
	at org.springframework.test.context.junit4.SpringJUnit4ClassRunner.runChild(SpringJUnit4ClassRunner.java:246) ~[spring-test-5.2.7.RELEASE.jar:5.2.7.RELEASE]
	at org.springframework.test.context.junit4.SpringJUnit4ClassRunner.runChild(SpringJUnit4ClassRunner.java:97) ~[spring-test-5.2.7.RELEASE.jar:5.2.7.RELEASE]
	at org.junit.runners.ParentRunner$4.run(ParentRunner.java:331) ~[junit-4.13.jar:4.13]
	at org.junit.runners.ParentRunner$1.schedule(ParentRunner.java:79) ~[junit-4.13.jar:4.13]
	at org.junit.runners.ParentRunner.runChildren(ParentRunner.java:329) ~[junit-4.13.jar:4.13]
	at org.junit.runners.ParentRunner.access$100(ParentRunner.java:66) ~[junit-4.13.jar:4.13]
	at org.junit.runners.ParentRunner$2.evaluate(ParentRunner.java:293) ~[junit-4.13.jar:4.13]
	at org.springframework.test.context.junit4.statements.RunBeforeTestClassCallbacks.evaluate(RunBeforeTestClassCallbacks.java:61) ~[spring-test-5.2.7.RELEASE.jar:5.2.7.RELEASE]
	at org.springframework.test.context.junit4.statements.RunAfterTestClassCallbacks.evaluate(RunAfterTestClassCallbacks.java:70) ~[spring-test-5.2.7.RELEASE.jar:5.2.7.RELEASE]
	at org.junit.runners.ParentRunner$3.evaluate(ParentRunner.java:306) ~[junit-4.13.jar:4.13]
	at org.junit.runners.ParentRunner.run(ParentRunner.java:413) ~[junit-4.13.jar:4.13]
	at org.springframework.test.context.junit4.SpringJUnit4ClassRunner.run(SpringJUnit4ClassRunner.java:190) ~[spring-test-5.2.7.RELEASE.jar:5.2.7.RELEASE]
	at org.junit.runner.JUnitCore.run(JUnitCore.java:137) ~[junit-4.13.jar:4.13]
	at org.junit.runner.JUnitCore.run(JUnitCore.java:115) ~[junit-4.13.jar:4.13]
	at org.junit.vintage.engine.execution.RunnerExecutor.execute(RunnerExecutor.java:43) ~[junit-vintage-engine-5.6.2.jar:5.6.2]
	at java.util.stream.ForEachOps$ForEachOp$OfRef.accept(ForEachOps.java:183) ~[?:?]
	at java.util.stream.ReferencePipeline$3$1.accept(ReferencePipeline.java:197) ~[?:?]
	at java.util.Iterator.forEachRemaining(Iterator.java:133) ~[?:?]
	at java.util.Spliterators$IteratorSpliterator.forEachRemaining(Spliterators.java:1845) ~[?:?]
	at java.util.stream.AbstractPipeline.copyInto(AbstractPipeline.java:509) ~[?:?]
	at java.util.stream.AbstractPipeline.wrapAndCopyInto(AbstractPipeline.java:499) ~[?:?]
	at java.util.stream.ForEachOps$ForEachOp.evaluateSequential(ForEachOps.java:150) ~[?:?]
	at java.util.stream.ForEachOps$ForEachOp$OfRef.evaluateSequential(ForEachOps.java:173) ~[?:?]
	at java.util.stream.AbstractPipeline.evaluate(AbstractPipeline.java:234) ~[?:?]
	at java.util.stream.ReferencePipeline.forEach(ReferencePipeline.java:596) ~[?:?]
	at org.junit.vintage.engine.VintageTestEngine.executeAllChildren(VintageTestEngine.java:82) ~[junit-vintage-engine-5.6.2.jar:5.6.2]
	at org.junit.vintage.engine.VintageTestEngine.execute(VintageTestEngine.java:73) ~[junit-vintage-engine-5.6.2.jar:5.6.2]
	at org.junit.platform.launcher.core.DefaultLauncher.execute(DefaultLauncher.java:220) ~[junit-platform-launcher-1.3.1.jar:1.3.1]
	at org.junit.platform.launcher.core.DefaultLauncher.lambda$execute$6(DefaultLauncher.java:188) ~[junit-platform-launcher-1.3.1.jar:1.3.1]
	at org.junit.platform.launcher.core.DefaultLauncher.withInterceptedStreams(DefaultLauncher.java:202) [junit-platform-launcher-1.3.1.jar:1.3.1]
	at org.junit.platform.launcher.core.DefaultLauncher.execute(DefaultLauncher.java:181) [junit-platform-launcher-1.3.1.jar:1.3.1]
	at org.junit.platform.launcher.core.DefaultLauncher.execute(DefaultLauncher.java:128) [junit-platform-launcher-1.3.1.jar:1.3.1]
	at org.apache.maven.surefire.junitplatform.JUnitPlatformProvider.invokeAllTests(JUnitPlatformProvider.java:150) [surefire-junit-platform-2.22.2.jar:2.22.2]
	at org.apache.maven.surefire.junitplatform.JUnitPlatformProvider.invoke(JUnitPlatformProvider.java:124) [surefire-junit-platform-2.22.2.jar:2.22.2]
	at org.apache.maven.surefire.booter.ForkedBooter.invokeProviderInSameClassLoader(ForkedBooter.java:384) [surefire-booter-2.22.2.jar:2.22.2]
	at org.apache.maven.surefire.booter.ForkedBooter.runSuitesInProcess(ForkedBooter.java:345) [surefire-booter-2.22.2.jar:2.22.2]
	at org.apache.maven.surefire.booter.ForkedBooter.execute(ForkedBooter.java:126) [surefire-booter-2.22.2.jar:2.22.2]
	at org.apache.maven.surefire.booter.ForkedBooter.main(ForkedBooter.java:418) [surefire-booter-2.22.2.jar:2.22.2]
Caused by: org.springframework.beans.factory.UnsatisfiedDependencyException: Error creating bean with name 'sharedBookPermissionChecker': Unsatisfied dependency expressed through field 'sharedBookService'; nested exception is org.springframework.beans.factory.UnsatisfiedDependencyException: Error creating bean with name 'sharedBookServiceImpl': Unsatisfied dependency expressed through field 'baseMapper'; nested exception is org.springframework.beans.factory.UnsatisfiedDependencyException: Error creating bean with name 'sharedBookMemberMapper' defined in file [C:\Users\13292\Desktop\claudel1\reposNew\task30\target\classes\cn\jackbin\SimpleRecord\mapper\SharedBookMemberMapper.class]: Unsatisfied dependency expressed through bean property 'sqlSessionFactory'; nested exception is org.springframework.beans.factory.BeanCreationException: Error creating bean with name 'sqlSessionFactory' defined in class path resource [com/baomidou/mybatisplus/autoconfigure/MybatisPlusAutoConfiguration.class]: Bean instantiation via factory method failed; nested exception is org.springframework.beans.BeanInstantiationException: Failed to instantiate [org.apache.ibatis.session.SqlSessionFactory]: Factory method 'sqlSessionFactory' threw exception; nested exception is org.springframework.core.NestedIOException: Failed to parse mapping resource: 'file [C:\Users\13292\Desktop\claudel1\reposNew\task30\target\classes\mapper\BudgetMapper.xml]'; nested exception is org.apache.ibatis.builder.BuilderException: Error parsing Mapper XML. The XML location is 'file [C:\Users\13292\Desktop\claudel1\reposNew\task30\target\classes\mapper\BudgetMapper.xml]'. Cause: org.apache.ibatis.builder.BuilderException: Error resolving class. Cause: org.apache.ibatis.type.TypeException: Could not resolve type alias 'cn.jackbin.SimpleRecord.dto.BudgetExecutionDTO'.  Cause: java.lang.ClassNotFoundException: Cannot find class: cn.jackbin.SimpleRecord.dto.BudgetExecutionDTO
	at org.springframework.beans.factory.annotation.AutowiredAnnotationBeanPostProcessor$AutowiredFieldElement.inject(AutowiredAnnotationBeanPostProcessor.java:643) ~[spring-beans-5.2.7.RELEASE.jar:5.2.7.RELEASE]
	at org.springframework.beans.factory.annotation.InjectionMetadata.inject(InjectionMetadata.java:130) ~[spring-beans-5.2.7.RELEASE.jar:5.2.7.RELEASE]
	at org.springframework.beans.factory.annotation.AutowiredAnnotationBeanPostProcessor.postProcessProperties(AutowiredAnnotationBeanPostProcessor.java:399) ~[spring-beans-5.2.7.RELEASE.jar:5.2.7.RELEASE]
	at org.springframework.beans.factory.support.AbstractAutowireCapableBeanFactory.populateBean(AbstractAutowireCapableBeanFactory.java:1422) ~[spring-beans-5.2.7.RELEASE.jar:5.2.7.RELEASE]
	at org.springframework.beans.factory.support.AbstractAutowireCapableBeanFactory.doCreateBean(AbstractAutowireCapableBeanFactory.java:594) ~[spring-beans-5.2.7.RELEASE.jar:5.2.7.RELEASE]
	at org.springframework.beans.factory.support.AbstractAutowireCapableBeanFactory.createBean(AbstractAutowireCapableBeanFactory.java:517) ~[spring-beans-5.2.7.RELEASE.jar:5.2.7.RELEASE]
	at org.springframework.beans.factory.support.AbstractBeanFactory.lambda$doGetBean$0(AbstractBeanFactory.java:323) ~[spring-beans-5.2.7.RELEASE.jar:5.2.7.RELEASE]
	at org.springframework.beans.factory.support.DefaultSingletonBeanRegistry.getSingleton(DefaultSingletonBeanRegistry.java:226) ~[spring-beans-5.2.7.RELEASE.jar:5.2.7.RELEASE]
	at org.springframework.beans.factory.support.AbstractBeanFactory.doGetBean(AbstractBeanFactory.java:321) ~[spring-beans-5.2.7.RELEASE.jar:5.2.7.RELEASE]
	at org.springframework.beans.factory.support.AbstractBeanFactory.getBean(AbstractBeanFactory.java:202) ~[spring-beans-5.2.7.RELEASE.jar:5.2.7.RELEASE]
	at org.springframework.beans.factory.support.DefaultListableBeanFactory.preInstantiateSingletons(DefaultListableBeanFactory.java:893) ~[spring-beans-5.2.7.RELEASE.jar:5.2.7.RELEASE]
	at org.springframework.context.support.AbstractApplicationContext.finishBeanFactoryInitialization(AbstractApplicationContext.java:879) ~[spring-context-5.2.7.RELEASE.jar:5.2.7.RELEASE]
	at org.springframework.context.support.AbstractApplicationContext.refresh(AbstractApplicationContext.java:551) ~[spring-context-5.2.7.RELEASE.jar:5.2.7.RELEASE]
	at org.springframework.boot.SpringApplication.refresh(SpringApplication.java:758) ~[spring-boot-2.3.1.RELEASE.jar:2.3.1.RELEASE]
	at org.springframework.boot.SpringApplication.refresh(SpringApplication.java:750) ~[spring-boot-2.3.1.RELEASE.jar:2.3.1.RELEASE]
	at org.springframework.boot.SpringApplication.refreshContext(SpringApplication.java:397) ~[spring-boot-2.3.1.RELEASE.jar:2.3.1.RELEASE]
	at org.springframework.boot.SpringApplication.run(SpringApplication.java:315) ~[spring-boot-2.3.1.RELEASE.jar:2.3.1.RELEASE]
	at org.springframework.boot.test.context.SpringBootContextLoader.loadContext(SpringBootContextLoader.java:120) ~[spring-boot-test-2.3.1.RELEASE.jar:2.3.1.RELEASE]
	at org.springframework.test.context.cache.DefaultCacheAwareContextLoaderDelegate.loadContextInternal(DefaultCacheAwareContextLoaderDelegate.java:99) ~[spring-test-5.2.7.RELEASE.jar:5.2.7.RELEASE]
	at org.springframework.test.context.cache.DefaultCacheAwareContextLoaderDelegate.loadContext(DefaultCacheAwareContextLoaderDelegate.java:124) ~[spring-test-5.2.7.RELEASE.jar:5.2.7.RELEASE]
	... 46 more
Caused by: org.springframework.beans.factory.UnsatisfiedDependencyException: Error creating bean with name 'sharedBookServiceImpl': Unsatisfied dependency expressed through field 'baseMapper'; nested exception is org.springframework.beans.factory.UnsatisfiedDependencyException: Error creating bean with name 'sharedBookMemberMapper' defined in file [C:\Users\13292\Desktop\claudel1\reposNew\task30\target\classes\cn\jackbin\SimpleRecord\mapper\SharedBookMemberMapper.class]: Unsatisfied dependency expressed through bean property 'sqlSessionFactory'; nested exception is org.springframework.beans.factory.BeanCreationException: Error creating bean with name 'sqlSessionFactory' defined in class path resource [com/baomidou/mybatisplus/autoconfigure/MybatisPlusAutoConfiguration.class]: Bean instantiation via factory method failed; nested exception is org.springframework.beans.BeanInstantiationException: Failed to instantiate [org.apache.ibatis.session.SqlSessionFactory]: Factory method 'sqlSessionFactory' threw exception; nested exception is org.springframework.core.NestedIOException: Failed to parse mapping resource: 'file [C:\Users\13292\Desktop\claudel1\reposNew\task30\target\classes\mapper\BudgetMapper.xml]'; nested exception is org.apache.ibatis.builder.BuilderException: Error parsing Mapper XML. The XML location is 'file [C:\Users\13292\Desktop\claudel1\reposNew\task30\target\classes\mapper\BudgetMapper.xml]'. Cause: org.apache.ibatis.builder.BuilderException: Error resolving class. Cause: org.apache.ibatis.type.TypeException: Could not resolve type alias 'cn.jackbin.SimpleRecord.dto.BudgetExecutionDTO'.  Cause: java.lang.ClassNotFoundException: Cannot find class: cn.jackbin.SimpleRecord.dto.BudgetExecutionDTO
	at org.springframework.beans.factory.annotation.AutowiredAnnotationBeanPostProcessor$AutowiredFieldElement.inject(AutowiredAnnotationBeanPostProcessor.java:643) ~[spring-beans-5.2.7.RELEASE.jar:5.2.7.RELEASE]
	at org.springframework.beans.factory.annotation.InjectionMetadata.inject(InjectionMetadata.java:130) ~[spring-beans-5.2.7.RELEASE.jar:5.2.7.RELEASE]
	at org.springframework.beans.factory.annotation.AutowiredAnnotationBeanPostProcessor.postProcessProperties(AutowiredAnnotationBeanPostProcessor.java:399) ~[spring-beans-5.2.7.RELEASE.jar:5.2.7.RELEASE]
	at org.springframework.beans.factory.support.AbstractAutowireCapableBeanFactory.populateBean(AbstractAutowireCapableBeanFactory.java:1422) ~[spring-beans-5.2.7.RELEASE.jar:5.2.7.RELEASE]
	at org.springframework.beans.factory.support.AbstractAutowireCapableBeanFactory.doCreateBean(AbstractAutowireCapableBeanFactory.java:594) ~[spring-beans-5.2.7.RELEASE.jar:5.2.7.RELEASE]
	at org.springframework.beans.factory.support.AbstractAutowireCapableBeanFactory.createBean(AbstractAutowireCapableBeanFactory.java:517) ~[spring-beans-5.2.7.RELEASE.jar:5.2.7.RELEASE]
	at org.springframework.beans.factory.support.AbstractBeanFactory.lambda$doGetBean$0(AbstractBeanFactory.java:323) ~[spring-beans-5.2.7.RELEASE.jar:5.2.7.RELEASE]
	at org.springframework.beans.factory.support.DefaultSingletonBeanRegistry.getSingleton(DefaultSingletonBeanRegistry.java:226) ~[spring-beans-5.2.7.RELEASE.jar:5.2.7.RELEASE]
	at org.springframework.beans.factory.support.AbstractBeanFactory.doGetBean(AbstractBeanFactory.java:321) ~[spring-beans-5.2.7.RELEASE.jar:5.2.7.RELEASE]
	at org.springframework.beans.factory.support.AbstractBeanFactory.getBean(AbstractBeanFactory.java:202) ~[spring-beans-5.2.7.RELEASE.jar:5.2.7.RELEASE]
	at org.springframework.beans.factory.config.DependencyDescriptor.resolveCandidate(DependencyDescriptor.java:276) ~[spring-beans-5.2.7.RELEASE.jar:5.2.7.RELEASE]
	at org.springframework.beans.factory.support.DefaultListableBeanFactory.doResolveDependency(DefaultListableBeanFactory.java:1304) ~[spring-beans-5.2.7.RELEASE.jar:5.2.7.RELEASE]
	at org.springframework.beans.factory.support.DefaultListableBeanFactory.resolveDependency(DefaultListableBeanFactory.java:1224) ~[spring-beans-5.2.7.RELEASE.jar:5.2.7.RELEASE]
	at org.springframework.beans.factory.annotation.AutowiredAnnotationBeanPostProcessor$AutowiredFieldElement.inject(AutowiredAnnotationBeanPostProcessor.java:640) ~[spring-beans-5.2.7.RELEASE.jar:5.2.7.RELEASE]
	at org.springframework.beans.factory.annotation.InjectionMetadata.inject(InjectionMetadata.java:130) ~[spring-beans-5.2.7.RELEASE.jar:5.2.7.RELEASE]
	at org.springframework.beans.factory.annotation.AutowiredAnnotationBeanPostProcessor.postProcessProperties(AutowiredAnnotationBeanPostProcessor.java:399) ~[spring-beans-5.2.7.RELEASE.jar:5.2.7.RELEASE]
	at org.springframework.beans.factory.support.AbstractAutowireCapableBeanFactory.populateBean(AbstractAutowireCapableBeanFactory.java:1422) ~[spring-beans-5.2.7.RELEASE.jar:5.2.7.RELEASE]
	at org.springframework.beans.factory.support.AbstractAutowireCapableBeanFactory.doCreateBean(AbstractAutowireCapableBeanFactory.java:594) ~[spring-beans-5.2.7.RELEASE.jar:5.2.7.RELEASE]
	at org.springframework.beans.factory.support.AbstractAutowireCapableBeanFactory.createBean(AbstractAutowireCapableBeanFactory.java:517) ~[spring-beans-5.2.7.RELEASE.jar:5.2.7.RELEASE]
	at org.springframework.beans.factory.support.AbstractBeanFactory.lambda$doGetBean$0(AbstractBeanFactory.java:323) ~[spring-beans-5.2.7.RELEASE.jar:5.2.7.RELEASE]
	at org.springframework.beans.factory.support.DefaultSingletonBeanRegistry.getSingleton(DefaultSingletonBeanRegistry.java:226) ~[spring-beans-5.2.7.RELEASE.jar:5.2.7.RELEASE]
	at org.springframework.beans.factory.support.AbstractBeanFactory.doGetBean(AbstractBeanFactory.java:321) ~[spring-beans-5.2.7.RELEASE.jar:5.2.7.RELEASE]
	at org.springframework.beans.factory.support.AbstractBeanFactory.getBean(AbstractBeanFactory.java:202) ~[spring-beans-5.2.7.RELEASE.jar:5.2.7.RELEASE]
	at org.springframework.beans.factory.support.DefaultListableBeanFactory.preInstantiateSingletons(DefaultListableBeanFactory.java:893) ~[spring-beans-5.2.7.RELEASE.jar:5.2.7.RELEASE]
	at org.springframework.context.support.AbstractApplicationContext.finishBeanFactoryInitialization(AbstractApplicationContext.java:879) ~[spring-context-5.2.7.RELEASE.jar:5.2.7.RELEASE]
	at org.springframework.context.support.AbstractApplicationContext.refresh(AbstractApplicationContext.java:551) ~[spring-context-5.2.7.RELEASE.jar:5.2.7.RELEASE]
	at org.springframework.boot.SpringApplication.refresh(SpringApplication.java:758) ~[spring-boot-2.3.1.RELEASE.jar:2.3.1.RELEASE]
	at org.springframework.boot.SpringApplication.refresh(SpringApplication.java:750) ~[spring-boot-2.3.1.RELEASE.jar:2.3.1.RELEASE]
	at org.springframework.boot.SpringApplication.refreshContext(SpringApplication.java:397) ~[spring-boot-2.3.1.RELEASE.jar:2.3.1.RELEASE]
	at org.springframework.boot.SpringApplication.run(SpringApplication.java:315) ~[spring-boot-2.3.1.RELEASE.jar:2.3.1.RELEASE]
	at org.springframework.boot.test.context.SpringBootContextLoader.loadContext(SpringBootContextLoader.java:120) ~[spring-boot-test-2.3.1.RELEASE.jar:2.3.1.RELEASE]
	at org.springframework.test.context.cache.DefaultCacheAwareContextLoaderDelegate.loadContextInternal(DefaultCacheAwareContextLoaderDelegate.java:99) ~[spring-test-5.2.7.RELEASE.jar:5.2.7.RELEASE]
	at org.springframework.test.context.cache.DefaultCacheAwareContextLoaderDelegate.loadContext(DefaultCacheAwareContextLoaderDelegate.java:124) ~[spring-test-5.2.7.RELEASE.jar:5.2.7.RELEASE]
	... 46 more
Caused by: org.springframework.beans.factory.UnsatisfiedDependencyException: Error creating bean with name 'sharedBookMemberMapper' defined in file [C:\Users\13292\Desktop\claudel1\reposNew\task30\target\classes\cn\jackbin\SimpleRecord\mapper\SharedBookMemberMapper.class]: Unsatisfied dependency expressed through bean property 'sqlSessionFactory'; nested exception is org.springframework.beans.factory.BeanCreationException: Error creating bean with name 'sqlSessionFactory' defined in class path resource [com/baomidou/mybatisplus/autoconfigure/MybatisPlusAutoConfiguration.class]: Bean instantiation via factory method failed; nested exception is org.springframework.beans.BeanInstantiationException: Failed to instantiate [org.apache.ibatis.session.SqlSessionFactory]: Factory method 'sqlSessionFactory' threw exception; nested exception is org.springframework.core.NestedIOException: Failed to parse mapping resource: 'file [C:\Users\13292\Desktop\claudel1\reposNew\task30\target\classes\mapper\BudgetMapper.xml]'; nested exception is org.apache.ibatis.builder.BuilderException: Error parsing Mapper XML. The XML location is 'file [C:\Users\13292\Desktop\claudel1\reposNew\task30\target\classes\mapper\BudgetMapper.xml]'. Cause: org.apache.ibatis.builder.BuilderException: Error resolving class. Cause: org.apache.ibatis.type.TypeException: Could not resolve type alias 'cn.jackbin.SimpleRecord.dto.BudgetExecutionDTO'.  Cause: java.lang.ClassNotFoundException: Cannot find class: cn.jackbin.SimpleRecord.dto.BudgetExecutionDTO
	at org.springframework.beans.factory.support.AbstractAutowireCapableBeanFactory.autowireByType(AbstractAutowireCapableBeanFactory.java:1526) ~[spring-beans-5.2.7.RELEASE.jar:5.2.7.RELEASE]
	at org.springframework.beans.factory.support.AbstractAutowireCapableBeanFactory.populateBean(AbstractAutowireCapableBeanFactory.java:1406) ~[spring-beans-5.2.7.RELEASE.jar:5.2.7.RELEASE]
	at org.springframework.beans.factory.support.AbstractAutowireCapableBeanFactory.doCreateBean(AbstractAutowireCapableBeanFactory.java:594) ~[spring-beans-5.2.7.RELEASE.jar:5.2.7.RELEASE]
	at org.springframework.beans.factory.support.AbstractAutowireCapableBeanFactory.createBean(AbstractAutowireCapableBeanFactory.java:517) ~[spring-beans-5.2.7.RELEASE.jar:5.2.7.RELEASE]
	at org.springframework.beans.factory.support.AbstractBeanFactory.lambda$doGetBean$0(AbstractBeanFactory.java:323) ~[spring-beans-5.2.7.RELEASE.jar:5.2.7.RELEASE]
	at org.springframework.beans.factory.support.DefaultSingletonBeanRegistry.getSingleton(DefaultSingletonBeanRegistry.java:226) ~[spring-beans-5.2.7.RELEASE.jar:5.2.7.RELEASE]
	at org.springframework.beans.factory.support.AbstractBeanFactory.doGetBean(AbstractBeanFactory.java:321) ~[spring-beans-5.2.7.RELEASE.jar:5.2.7.RELEASE]
	at org.springframework.beans.factory.support.AbstractBeanFactory.getBean(AbstractBeanFactory.java:202) ~[spring-beans-5.2.7.RELEASE.jar:5.2.7.RELEASE]
	at org.springframework.beans.factory.config.DependencyDescriptor.resolveCandidate(DependencyDescriptor.java:276) ~[spring-beans-5.2.7.RELEASE.jar:5.2.7.RELEASE]
	at org.springframework.beans.factory.support.DefaultListableBeanFactory.doResolveDependency(DefaultListableBeanFactory.java:1304) ~[spring-beans-5.2.7.RELEASE.jar:5.2.7.RELEASE]
	at org.springframework.beans.factory.support.DefaultListableBeanFactory.resolveDependency(DefaultListableBeanFactory.java:1224) ~[spring-beans-5.2.7.RELEASE.jar:5.2.7.RELEASE]
	at org.springframework.beans.factory.annotation.AutowiredAnnotationBeanPostProcessor$AutowiredFieldElement.inject(AutowiredAnnotationBeanPostProcessor.java:640) ~[spring-beans-5.2.7.RELEASE.jar:5.2.7.RELEASE]
	at org.springframework.beans.factory.annotation.InjectionMetadata.inject(InjectionMetadata.java:130) ~[spring-beans-5.2.7.RELEASE.jar:5.2.7.RELEASE]
	at org.springframework.beans.factory.annotation.AutowiredAnnotationBeanPostProcessor.postProcessProperties(AutowiredAnnotationBeanPostProcessor.java:399) ~[spring-beans-5.2.7.RELEASE.jar:5.2.7.RELEASE]
	at org.springframework.beans.factory.support.AbstractAutowireCapableBeanFactory.populateBean(AbstractAutowireCapableBeanFactory.java:1422) ~[spring-beans-5.2.7.RELEASE.jar:5.2.7.RELEASE]
	at org.springframework.beans.factory.support.AbstractAutowireCapableBeanFactory.doCreateBean(AbstractAutowireCapableBeanFactory.java:594) ~[spring-beans-5.2.7.RELEASE.jar:5.2.7.RELEASE]
	at org.springframework.beans.factory.support.AbstractAutowireCapableBeanFactory.createBean(AbstractAutowireCapableBeanFactory.java:517) ~[spring-beans-5.2.7.RELEASE.jar:5.2.7.RELEASE]
	at org.springframework.beans.factory.support.AbstractBeanFactory.lambda$doGetBean$0(AbstractBeanFactory.java:323) ~[spring-beans-5.2.7.RELEASE.jar:5.2.7.RELEASE]
	at org.springframework.beans.factory.support.DefaultSingletonBeanRegistry.getSingleton(DefaultSingletonBeanRegistry.java:226) ~[spring-beans-5.2.7.RELEASE.jar:5.2.7.RELEASE]
	at org.springframework.beans.factory.support.AbstractBeanFactory.doGetBean(AbstractBeanFactory.java:321) ~[spring-beans-5.2.7.RELEASE.jar:5.2.7.RELEASE]
	at org.springframework.beans.factory.support.AbstractBeanFactory.getBean(AbstractBeanFactory.java:202) ~[spring-beans-5.2.7.RELEASE.jar:5.2.7.RELEASE]
	at org.springframework.beans.factory.config.DependencyDescriptor.resolveCandidate(DependencyDescriptor.java:276) ~[spring-beans-5.2.7.RELEASE.jar:5.2.7.RELEASE]
	at org.springframework.beans.factory.support.DefaultListableBeanFactory.doResolveDependency(DefaultListableBeanFactory.java:1304) ~[spring-beans-5.2.7.RELEASE.jar:5.2.7.RELEASE]
	at org.springframework.beans.factory.support.DefaultListableBeanFactory.resolveDependency(DefaultListableBeanFactory.java:1224) ~[spring-beans-5.2.7.RELEASE.jar:5.2.7.RELEASE]
	at org.springframework.beans.factory.annotation.AutowiredAnnotationBeanPostProcessor$AutowiredFieldElement.inject(AutowiredAnnotationBeanPostProcessor.java:640) ~[spring-beans-5.2.7.RELEASE.jar:5.2.7.RELEASE]
	at org.springframework.beans.factory.annotation.InjectionMetadata.inject(InjectionMetadata.java:130) ~[spring-beans-5.2.7.RELEASE.jar:5.2.7.RELEASE]
	at org.springframework.beans.factory.annotation.AutowiredAnnotationBeanPostProcessor.postProcessProperties(AutowiredAnnotationBeanPostProcessor.java:399) ~[spring-beans-5.2.7.RELEASE.jar:5.2.7.RELEASE]
	at org.springframework.beans.factory.support.AbstractAutowireCapableBeanFactory.populateBean(AbstractAutowireCapableBeanFactory.java:1422) ~[spring-beans-5.2.7.RELEASE.jar:5.2.7.RELEASE]
	at org.springframework.beans.factory.support.AbstractAutowireCapableBeanFactory.doCreateBean(AbstractAutowireCapableBeanFactory.java:594) ~[spring-beans-5.2.7.RELEASE.jar:5.2.7.RELEASE]
	at org.springframework.beans.factory.support.AbstractAutowireCapableBeanFactory.createBean(AbstractAutowireCapableBeanFactory.java:517) ~[spring-beans-5.2.7.RELEASE.jar:5.2.7.RELEASE]
	at org.springframework.beans.factory.support.AbstractBeanFactory.lambda$doGetBean$0(AbstractBeanFactory.java:323) ~[spring-beans-5.2.7.RELEASE.jar:5.2.7.RELEASE]
	at org.springframework.beans.factory.support.DefaultSingletonBeanRegistry.getSingleton(DefaultSingletonBeanRegistry.java:226) ~[spring-beans-5.2.7.RELEASE.jar:5.2.7.RELEASE]
	at org.springframework.beans.factory.support.AbstractBeanFactory.doGetBean(AbstractBeanFactory.java:321) ~[spring-beans-5.2.7.RELEASE.jar:5.2.7.RELEASE]
	at org.springframework.beans.factory.support.AbstractBeanFactory.getBean(AbstractBeanFactory.java:202) ~[spring-beans-5.2.7.RELEASE.jar:5.2.7.RELEASE]
	at org.springframework.beans.factory.support.DefaultListableBeanFactory.preInstantiateSingletons(DefaultListableBeanFactory.java:893) ~[spring-beans-5.2.7.RELEASE.jar:5.2.7.RELEASE]
	at org.springframework.context.support.AbstractApplicationContext.finishBeanFactoryInitialization(AbstractApplicationContext.java:879) ~[spring-context-5.2.7.RELEASE.jar:5.2.7.RELEASE]
	at org.springframework.context.support.AbstractApplicationContext.refresh(AbstractApplicationContext.java:551) ~[spring-context-5.2.7.RELEASE.jar:5.2.7.RELEASE]
	at org.springframework.boot.SpringApplication.refresh(SpringApplication.java:758) ~[spring-boot-2.3.1.RELEASE.jar:2.3.1.RELEASE]
	at org.springframework.boot.SpringApplication.refresh(SpringApplication.java:750) ~[spring-boot-2.3.1.RELEASE.jar:2.3.1.RELEASE]
	at org.springframework.boot.SpringApplication.refreshContext(SpringApplication.java:397) ~[spring-boot-2.3.1.RELEASE.jar:2.3.1.RELEASE]
	at org.springframework.boot.SpringApplication.run(SpringApplication.java:315) ~[spring-boot-2.3.1.RELEASE.jar:2.3.1.RELEASE]
	at org.springframework.boot.test.context.SpringBootContextLoader.loadContext(SpringBootContextLoader.java:120) ~[spring-boot-test-2.3.1.RELEASE.jar:2.3.1.RELEASE]
	at org.springframework.test.context.cache.DefaultCacheAwareContextLoaderDelegate.loadContextInternal(DefaultCacheAwareContextLoaderDelegate.java:99) ~[spring-test-5.2.7.RELEASE.jar:5.2.7.RELEASE]
	at org.springframework.test.context.cache.DefaultCacheAwareContextLoaderDelegate.loadContext(DefaultCacheAwareContextLoaderDelegate.java:124) ~[spring-test-5.2.7.RELEASE.jar:5.2.7.RELEASE]
	... 46 more
Caused by: org.springframework.beans.factory.BeanCreationException: Error creating bean with name 'sqlSessionFactory' defined in class path resource [com/baomidou/mybatisplus/autoconfigure/MybatisPlusAutoConfiguration.class]: Bean instantiation via factory method failed; nested exception is org.springframework.beans.BeanInstantiationException: Failed to instantiate [org.apache.ibatis.session.SqlSessionFactory]: Factory method 'sqlSessionFactory' threw exception; nested exception is org.springframework.core.NestedIOException: Failed to parse mapping resource: 'file [C:\Users\13292\Desktop\claudel1\reposNew\task30\target\classes\mapper\BudgetMapper.xml]'; nested exception is org.apache.ibatis.builder.BuilderException: Error parsing Mapper XML. The XML location is 'file [C:\Users\13292\Desktop\claudel1\reposNew\task30\target\classes\mapper\BudgetMapper.xml]'. Cause: org.apache.ibatis.builder.BuilderException: Error resolving class. Cause: org.apache.ibatis.type.TypeException: Could not resolve type alias 'cn.jackbin.SimpleRecord.dto.BudgetExecutionDTO'.  Cause: java.lang.ClassNotFoundException: Cannot find class: cn.jackbin.SimpleRecord.dto.BudgetExecutionDTO
	at org.springframework.beans.factory.support.ConstructorResolver.instantiate(ConstructorResolver.java:655) ~[spring-beans-5.2.7.RELEASE.jar:5.2.7.RELEASE]
	at org.springframework.beans.factory.support.ConstructorResolver.instantiateUsingFactoryMethod(ConstructorResolver.java:635) ~[spring-beans-5.2.7.RELEASE.jar:5.2.7.RELEASE]
	at org.springframework.beans.factory.support.AbstractAutowireCapableBeanFactory.instantiateUsingFactoryMethod(AbstractAutowireCapableBeanFactory.java:1338) ~[spring-beans-5.2.7.RELEASE.jar:5.2.7.RELEASE]
	at org.springframework.beans.factory.support.AbstractAutowireCapableBeanFactory.createBeanInstance(AbstractAutowireCapableBeanFactory.java:1177) ~[spring-beans-5.2.7.RELEASE.jar:5.2.7.RELEASE]
	at org.springframework.beans.factory.support.AbstractAutowireCapableBeanFactory.doCreateBean(AbstractAutowireCapableBeanFactory.java:557) ~[spring-beans-5.2.7.RELEASE.jar:5.2.7.RELEASE]
	at org.springframework.beans.factory.support.AbstractAutowireCapableBeanFactory.createBean(AbstractAutowireCapableBeanFactory.java:517) ~[spring-beans-5.2.7.RELEASE.jar:5.2.7.RELEASE]
	at org.springframework.beans.factory.support.AbstractBeanFactory.lambda$doGetBean$0(AbstractBeanFactory.java:323) ~[spring-beans-5.2.7.RELEASE.jar:5.2.7.RELEASE]
	at org.springframework.beans.factory.support.DefaultSingletonBeanRegistry.getSingleton(DefaultSingletonBeanRegistry.java:226) ~[spring-beans-5.2.7.RELEASE.jar:5.2.7.RELEASE]
	at org.springframework.beans.factory.support.AbstractBeanFactory.doGetBean(AbstractBeanFactory.java:321) ~[spring-beans-5.2.7.RELEASE.jar:5.2.7.RELEASE]
	at org.springframework.beans.factory.support.AbstractBeanFactory.getBean(AbstractBeanFactory.java:202) ~[spring-beans-5.2.7.RELEASE.jar:5.2.7.RELEASE]
	at org.springframework.beans.factory.config.DependencyDescriptor.resolveCandidate(DependencyDescriptor.java:276) ~[spring-beans-5.2.7.RELEASE.jar:5.2.7.RELEASE]
	at org.springframework.beans.factory.support.DefaultListableBeanFactory.doResolveDependency(DefaultListableBeanFactory.java:1304) ~[spring-beans-5.2.7.RELEASE.jar:5.2.7.RELEASE]
	at org.springframework.beans.factory.support.DefaultListableBeanFactory.resolveDependency(DefaultListableBeanFactory.java:1224) ~[spring-beans-5.2.7.RELEASE.jar:5.2.7.RELEASE]
	at org.springframework.beans.factory.support.AbstractAutowireCapableBeanFactory.autowireByType(AbstractAutowireCapableBeanFactory.java:1511) ~[spring-beans-5.2.7.RELEASE.jar:5.2.7.RELEASE]
	at org.springframework.beans.factory.support.AbstractAutowireCapableBeanFactory.populateBean(AbstractAutowireCapableBeanFactory.java:1406) ~[spring-beans-5.2.7.RELEASE.jar:5.2.7.RELEASE]
	at org.springframework.beans.factory.support.AbstractAutowireCapableBeanFactory.doCreateBean(AbstractAutowireCapableBeanFactory.java:594) ~[spring-beans-5.2.7.RELEASE.jar:5.2.7.RELEASE]
	at org.springframework.beans.factory.support.AbstractAutowireCapableBeanFactory.createBean(AbstractAutowireCapableBeanFactory.java:517) ~[spring-beans-5.2.7.RELEASE.jar:5.2.7.RELEASE]
	at org.springframework.beans.factory.support.AbstractBeanFactory.lambda$doGetBean$0(AbstractBeanFactory.java:323) ~[spring-beans-5.2.7.RELEASE.jar:5.2.7.RELEASE]
	at org.springframework.beans.factory.support.DefaultSingletonBeanRegistry.getSingleton(DefaultSingletonBeanRegistry.java:226) ~[spring-beans-5.2.7.RELEASE.jar:5.2.7.RELEASE]
	at org.springframework.beans.factory.support.AbstractBeanFactory.doGetBean(AbstractBeanFactory.java:321) ~[spring-beans-5.2.7.RELEASE.jar:5.2.7.RELEASE]
	at org.springframework.beans.factory.support.AbstractBeanFactory.getBean(AbstractBeanFactory.java:202) ~[spring-beans-5.2.7.RELEASE.jar:5.2.7.RELEASE]
	at org.springframework.beans.factory.config.DependencyDescriptor.resolveCandidate(DependencyDescriptor.java:276) ~[spring-beans-5.2.7.RELEASE.jar:5.2.7.RELEASE]
	at org.springframework.beans.factory.support.DefaultListableBeanFactory.doResolveDependency(DefaultListableBeanFactory.java:1304) ~[spring-beans-5.2.7.RELEASE.jar:5.2.7.RELEASE]
	at org.springframework.beans.factory.support.DefaultListableBeanFactory.resolveDependency(DefaultListableBeanFactory.java:1224) ~[spring-beans-5.2.7.RELEASE.jar:5.2.7.RELEASE]
	at org.springframework.beans.factory.annotation.AutowiredAnnotationBeanPostProcessor$AutowiredFieldElement.inject(AutowiredAnnotationBeanPostProcessor.java:640) ~[spring-beans-5.2.7.RELEASE.jar:5.2.7.RELEASE]
	at org.springframework.beans.factory.annotation.InjectionMetadata.inject(InjectionMetadata.java:130) ~[spring-beans-5.2.7.RELEASE.jar:5.2.7.RELEASE]
	at org.springframework.beans.factory.annotation.AutowiredAnnotationBeanPostProcessor.postProcessProperties(AutowiredAnnotationBeanPostProcessor.java:399) ~[spring-beans-5.2.7.RELEASE.jar:5.2.7.RELEASE]
	at org.springframework.beans.factory.support.AbstractAutowireCapableBeanFactory.populateBean(AbstractAutowireCapableBeanFactory.java:1422) ~[spring-beans-5.2.7.RELEASE.jar:5.2.7.RELEASE]
	at org.springframework.beans.factory.support.AbstractAutowireCapableBeanFactory.doCreateBean(AbstractAutowireCapableBeanFactory.java:594) ~[spring-beans-5.2.7.RELEASE.jar:5.2.7.RELEASE]
	at org.springframework.beans.factory.support.AbstractAutowireCapableBeanFactory.createBean(AbstractAutowireCapableBeanFactory.java:517) ~[spring-beans-5.2.7.RELEASE.jar:5.2.7.RELEASE]
	at org.springframework.beans.factory.support.AbstractBeanFactory.lambda$doGetBean$0(AbstractBeanFactory.java:323) ~[spring-beans-5.2.7.RELEASE.jar:5.2.7.RELEASE]
	at org.springframework.beans.factory.support.DefaultSingletonBeanRegistry.getSingleton(DefaultSingletonBeanRegistry.java:226) ~[spring-beans-5.2.7.RELEASE.jar:5.2.7.RELEASE]
	at org.springframework.beans.factory.support.AbstractBeanFactory.doGetBean(AbstractBeanFactory.java:321) ~[spring-beans-5.2.7.RELEASE.jar:5.2.7.RELEASE]
	at org.springframework.beans.factory.support.AbstractBeanFactory.getBean(AbstractBeanFactory.java:202) ~[spring-beans-5.2.7.RELEASE.jar:5.2.7.RELEASE]
	at org.springframework.beans.factory.config.DependencyDescriptor.resolveCandidate(DependencyDescriptor.java:276) ~[spring-beans-5.2.7.RELEASE.jar:5.2.7.RELEASE]
	at org.springframework.beans.factory.support.DefaultListableBeanFactory.doResolveDependency(DefaultListableBeanFactory.java:1304) ~[spring-beans-5.2.7.RELEASE.jar:5.2.7.RELEASE]
	at org.springframework.beans.factory.support.DefaultListableBeanFactory.resolveDependency(DefaultListableBeanFactory.java:1224) ~[spring-beans-5.2.7.RELEASE.jar:5.2.7.RELEASE]
	at org.springframework.beans.factory.annotation.AutowiredAnnotationBeanPostProcessor$AutowiredFieldElement.inject(AutowiredAnnotationBeanPostProcessor.java:640) ~[spring-beans-5.2.7.RELEASE.jar:5.2.7.RELEASE]
	at org.springframework.beans.factory.annotation.InjectionMetadata.inject(InjectionMetadata.java:130) ~[spring-beans-5.2.7.RELEASE.jar:5.2.7.RELEASE]
	at org.springframework.beans.factory.annotation.AutowiredAnnotationBeanPostProcessor.postProcessProperties(AutowiredAnnotationBeanPostProcessor.java:399) ~[spring-beans-5.2.7.RELEASE.jar:5.2.7.RELEASE]
	at org.springframework.beans.factory.support.AbstractAutowireCapableBeanFactory.populateBean(AbstractAutowireCapableBeanFactory.java:1422) ~[spring-beans-5.2.7.RELEASE.jar:5.2.7.RELEASE]
	at org.springframework.beans.factory.support.AbstractAutowireCapableBeanFactory.doCreateBean(AbstractAutowireCapableBeanFactory.java:594) ~[spring-beans-5.2.7.RELEASE.jar:5.2.7.RELEASE]
	at org.springframework.beans.factory.support.AbstractAutowireCapableBeanFactory.createBean(AbstractAutowireCapableBeanFactory.java:517) ~[spring-beans-5.2.7.RELEASE.jar:5.2.7.RELEASE]
	at org.springframework.beans.factory.support.AbstractBeanFactory.lambda$doGetBean$0(AbstractBeanFactory.java:323) ~[spring-beans-5.2.7.RELEASE.jar:5.2.7.RELEASE]
	at org.springframework.beans.factory.support.DefaultSingletonBeanRegistry.getSingleton(DefaultSingletonBeanRegistry.java:226) ~[spring-beans-5.2.7.RELEASE.jar:5.2.7.RELEASE]
	at org.springframework.beans.factory.support.AbstractBeanFactory.doGetBean(AbstractBeanFactory.java:321) ~[spring-beans-5.2.7.RELEASE.jar:5.2.7.RELEASE]
	at org.springframework.beans.factory.support.AbstractBeanFactory.getBean(AbstractBeanFactory.java:202) ~[spring-beans-5.2.7.RELEASE.jar:5.2.7.RELEASE]
	at org.springframework.beans.factory.support.DefaultListableBeanFactory.preInstantiateSingletons(DefaultListableBeanFactory.java:893) ~[spring-beans-5.2.7.RELEASE.jar:5.2.7.RELEASE]
	at org.springframework.context.support.AbstractApplicationContext.finishBeanFactoryInitialization(AbstractApplicationContext.java:879) ~[spring-context-5.2.7.RELEASE.jar:5.2.7.RELEASE]
	at org.springframework.context.support.AbstractApplicationContext.refresh(AbstractApplicationContext.java:551) ~[spring-context-5.2.7.RELEASE.jar:5.2.7.RELEASE]
	at org.springframework.boot.SpringApplication.refresh(SpringApplication.java:758) ~[spring-boot-2.3.1.RELEASE.jar:2.3.1.RELEASE]
	at org.springframework.boot.SpringApplication.refresh(SpringApplication.java:750) ~[spring-boot-2.3.1.RELEASE.jar:2.3.1.RELEASE]
	at org.springframework.boot.SpringApplication.refreshContext(SpringApplication.java:397) ~[spring-boot-2.3.1.RELEASE.jar:2.3.1.RELEASE]
	at org.springframework.boot.SpringApplication.run(SpringApplication.java:315) ~[spring-boot-2.3.1.RELEASE.jar:2.3.1.RELEASE]
	at org.springframework.boot.test.context.SpringBootContextLoader.loadContext(SpringBootContextLoader.java:120) ~[spring-boot-test-2.3.1.RELEASE.jar:2.3.1.RELEASE]
	at org.springframework.test.context.cache.DefaultCacheAwareContextLoaderDelegate.loadContextInternal(DefaultCacheAwareContextLoaderDelegate.java:99) ~[spring-test-5.2.7.RELEASE.jar:5.2.7.RELEASE]
	at org.springframework.test.context.cache.DefaultCacheAwareContextLoaderDelegate.loadContext(DefaultCacheAwareContextLoaderDelegate.java:124) ~[spring-test-5.2.7.RELEASE.jar:5.2.7.RELEASE]
	... 46 more
Caused by: org.springframework.beans.BeanInstantiationException: Failed to instantiate [org.apache.ibatis.session.SqlSessionFactory]: Factory method 'sqlSessionFactory' threw exception; nested exception is org.springframework.core.NestedIOException: Failed to parse mapping resource: 'file [C:\Users\13292\Desktop\claudel1\reposNew\task30\target\classes\mapper\BudgetMapper.xml]'; nested exception is org.apache.ibatis.builder.BuilderException: Error parsing Mapper XML. The XML location is 'file [C:\Users\13292\Desktop\claudel1\reposNew\task30\target\classes\mapper\BudgetMapper.xml]'. Cause: org.apache.ibatis.builder.BuilderException: Error resolving class. Cause: org.apache.ibatis.type.TypeException: Could not resolve type alias 'cn.jackbin.SimpleRecord.dto.BudgetExecutionDTO'.  Cause: java.lang.ClassNotFoundException: Cannot find class: cn.jackbin.SimpleRecord.dto.BudgetExecutionDTO
	at org.springframework.beans.factory.support.SimpleInstantiationStrategy.instantiate(SimpleInstantiationStrategy.java:185) ~[spring-beans-5.2.7.RELEASE.jar:5.2.7.RELEASE]
	at org.springframework.beans.factory.support.ConstructorResolver.instantiate(ConstructorResolver.java:650) ~[spring-beans-5.2.7.RELEASE.jar:5.2.7.RELEASE]
	at org.springframework.beans.factory.support.ConstructorResolver.instantiateUsingFactoryMethod(ConstructorResolver.java:635) ~[spring-beans-5.2.7.RELEASE.jar:5.2.7.RELEASE]
	at org.springframework.beans.factory.support.AbstractAutowireCapableBeanFactory.instantiateUsingFactoryMethod(AbstractAutowireCapableBeanFactory.java:1338) ~[spring-beans-5.2.7.RELEASE.jar:5.2.7.RELEASE]
	at org.springframework.beans.factory.support.AbstractAutowireCapableBeanFactory.createBeanInstance(AbstractAutowireCapableBeanFactory.java:1177) ~[spring-beans-5.2.7.RELEASE.jar:5.2.7.RELEASE]
	at org.springframework.beans.factory.support.AbstractAutowireCapableBeanFactory.doCreateBean(AbstractAutowireCapableBeanFactory.java:557) ~[spring-beans-5.2.7.RELEASE.jar:5.2.7.RELEASE]
	at org.springframework.beans.factory.support.AbstractAutowireCapableBeanFactory.createBean(AbstractAutowireCapableBeanFactory.java:517) ~[spring-beans-5.2.7.RELEASE.jar:5.2.7.RELEASE]
	at org.springframework.beans.factory.support.AbstractBeanFactory.lambda$doGetBean$0(AbstractBeanFactory.java:323) ~[spring-beans-5.2.7.RELEASE.jar:5.2.7.RELEASE]
	at org.springframework.beans.factory.support.DefaultSingletonBeanRegistry.getSingleton(DefaultSingletonBeanRegistry.java:226) ~[spring-beans-5.2.7.RELEASE.jar:5.2.7.RELEASE]
	at org.springframework.beans.factory.support.AbstractBeanFactory.doGetBean(AbstractBeanFactory.java:321) ~[spring-beans-5.2.7.RELEASE.jar:5.2.7.RELEASE]
	at org.springframework.beans.factory.support.AbstractBeanFactory.getBean(AbstractBeanFactory.java:202) ~[spring-beans-5.2.7.RELEASE.jar:5.2.7.RELEASE]
	at org.springframework.beans.factory.config.DependencyDescriptor.resolveCandidate(DependencyDescriptor.java:276) ~[spring-beans-5.2.7.RELEASE.jar:5.2.7.RELEASE]
	at org.springframework.beans.factory.support.DefaultListableBeanFactory.doResolveDependency(DefaultListableBeanFactory.java:1304) ~[spring-beans-5.2.7.RELEASE.jar:5.2.7.RELEASE]
	at org.springframework.beans.factory.support.DefaultListableBeanFactory.resolveDependency(DefaultListableBeanFactory.java:1224) ~[spring-beans-5.2.7.RELEASE.jar:5.2.7.RELEASE]
	at org.springframework.beans.factory.support.AbstractAutowireCapableBeanFactory.autowireByType(AbstractAutowireCapableBeanFactory.java:1511) ~[spring-beans-5.2.7.RELEASE.jar:5.2.7.RELEASE]
	at org.springframework.beans.factory.support.AbstractAutowireCapableBeanFactory.populateBean(AbstractAutowireCapableBeanFactory.java:1406) ~[spring-beans-5.2.7.RELEASE.jar:5.2.7.RELEASE]
	at org.springframework.beans.factory.support.AbstractAutowireCapableBeanFactory.doCreateBean(AbstractAutowireCapableBeanFactory.java:594) ~[spring-beans-5.2.7.RELEASE.jar:5.2.7.RELEASE]
	at org.springframework.beans.factory.support.AbstractAutowireCapableBeanFactory.createBean(AbstractAutowireCapableBeanFactory.java:517) ~[spring-beans-5.2.7.RELEASE.jar:5.2.7.RELEASE]
	at org.springframework.beans.factory.support.AbstractBeanFactory.lambda$doGetBean$0(AbstractBeanFactory.java:323) ~[spring-beans-5.2.7.RELEASE.jar:5.2.7.RELEASE]
	at org.springframework.beans.factory.support.DefaultSingletonBeanRegistry.getSingleton(DefaultSingletonBeanRegistry.java:226) ~[spring-beans-5.2.7.RELEASE.jar:5.2.7.RELEASE]
	at org.springframework.beans.factory.support.AbstractBeanFactory.doGetBean(AbstractBeanFactory.java:321) ~[spring-beans-5.2.7.RELEASE.jar:5.2.7.RELEASE]
	at org.springframework.beans.factory.support.AbstractBeanFactory.getBean(AbstractBeanFactory.java:202) ~[spring-beans-5.2.7.RELEASE.jar:5.2.7.RELEASE]
	at org.springframework.beans.factory.config.DependencyDescriptor.resolveCandidate(DependencyDescriptor.java:276) ~[spring-beans-5.2.7.RELEASE.jar:5.2.7.RELEASE]
	at org.springframework.beans.factory.support.DefaultListableBeanFactory.doResolveDependency(DefaultListableBeanFactory.java:1304) ~[spring-beans-5.2.7.RELEASE.jar:5.2.7.RELEASE]
	at org.springframework.beans.factory.support.DefaultListableBeanFactory.resolveDependency(DefaultListableBeanFactory.java:1224) ~[spring-beans-5.2.7.RELEASE.jar:5.2.7.RELEASE]
	at org.springframework.beans.factory.annotation.AutowiredAnnotationBeanPostProcessor$AutowiredFieldElement.inject(AutowiredAnnotationBeanPostProcessor.java:640) ~[spring-beans-5.2.7.RELEASE.jar:5.2.7.RELEASE]
	at org.springframework.beans.factory.annotation.InjectionMetadata.inject(InjectionMetadata.java:130) ~[spring-beans-5.2.7.RELEASE.jar:5.2.7.RELEASE]
	at org.springframework.beans.factory.annotation.AutowiredAnnotationBeanPostProcessor.postProcessProperties(AutowiredAnnotationBeanPostProcessor.java:399) ~[spring-beans-5.2.7.RELEASE.jar:5.2.7.RELEASE]
	at org.springframework.beans.factory.support.AbstractAutowireCapableBeanFactory.populateBean(AbstractAutowireCapableBeanFactory.java:1422) ~[spring-beans-5.2.7.RELEASE.jar:5.2.7.RELEASE]
	at org.springframework.beans.factory.support.AbstractAutowireCapableBeanFactory.doCreateBean(AbstractAutowireCapableBeanFactory.java:594) ~[spring-beans-5.2.7.RELEASE.jar:5.2.7.RELEASE]
	at org.springframework.beans.factory.support.AbstractAutowireCapableBeanFactory.createBean(AbstractAutowireCapableBeanFactory.java:517) ~[spring-beans-5.2.7.RELEASE.jar:5.2.7.RELEASE]
	at org.springframework.beans.factory.support.AbstractBeanFactory.lambda$doGetBean$0(AbstractBeanFactory.java:323) ~[spring-beans-5.2.7.RELEASE.jar:5.2.7.RELEASE]
	at org.springframework.beans.factory.support.DefaultSingletonBeanRegistry.getSingleton(DefaultSingletonBeanRegistry.java:226) ~[spring-beans-5.2.7.RELEASE.jar:5.2.7.RELEASE]
	at org.springframework.beans.factory.support.AbstractBeanFactory.doGetBean(AbstractBeanFactory.java:321) ~[spring-beans-5.2.7.RELEASE.jar:5.2.7.RELEASE]
	at org.springframework.beans.factory.support.AbstractBeanFactory.getBean(AbstractBeanFactory.java:202) ~[spring-beans-5.2.7.RELEASE.jar:5.2.7.RELEASE]
	at org.springframework.beans.factory.config.DependencyDescriptor.resolveCandidate(DependencyDescriptor.java:276) ~[spring-beans-5.2.7.RELEASE.jar:5.2.7.RELEASE]
	at org.springframework.beans.factory.support.DefaultListableBeanFactory.doResolveDependency(DefaultListableBeanFactory.java:1304) ~[spring-beans-5.2.7.RELEASE.jar:5.2.7.RELEASE]
	at org.springframework.beans.factory.support.DefaultListableBeanFactory.resolveDependency(DefaultListableBeanFactory.java:1224) ~[spring-beans-5.2.7.RELEASE.jar:5.2.7.RELEASE]
	at org.springframework.beans.factory.annotation.AutowiredAnnotationBeanPostProcessor$AutowiredFieldElement.inject(AutowiredAnnotationBeanPostProcessor.java:640) ~[spring-beans-5.2.7.RELEASE.jar:5.2.7.RELEASE]
	at org.springframework.beans.factory.annotation.InjectionMetadata.inject(InjectionMetadata.java:130) ~[spring-beans-5.2.7.RELEASE.jar:5.2.7.RELEASE]
	at org.springframework.beans.factory.annotation.AutowiredAnnotationBeanPostProcessor.postProcessProperties(AutowiredAnnotationBeanPostProcessor.java:399) ~[spring-beans-5.2.7.RELEASE.jar:5.2.7.RELEASE]
	at org.springframework.beans.factory.support.AbstractAutowireCapableBeanFactory.populateBean(AbstractAutowireCapableBeanFactory.java:1422) ~[spring-beans-5.2.7.RELEASE.jar:5.2.7.RELEASE]
	at org.springframework.beans.factory.support.AbstractAutowireCapableBeanFactory.doCreateBean(AbstractAutowireCapableBeanFactory.java:594) ~[spring-beans-5.2.7.RELEASE.jar:5.2.7.RELEASE]
	at org.springframework.beans.factory.support.AbstractAutowireCapableBeanFactory.createBean(AbstractAutowireCapableBeanFactory.java:517) ~[spring-beans-5.2.7.RELEASE.jar:5.2.7.RELEASE]
	at org.springframework.beans.factory.support.AbstractBeanFactory.lambda$doGetBean$0(AbstractBeanFactory.java:323) ~[spring-beans-5.2.7.RELEASE.jar:5.2.7.RELEASE]
	at org.springframework.beans.factory.support.DefaultSingletonBeanRegistry.getSingleton(DefaultSingletonBeanRegistry.java:226) ~[spring-beans-5.2.7.RELEASE.jar:5.2.7.RELEASE]
	at org.springframework.beans.factory.support.AbstractBeanFactory.doGetBean(AbstractBeanFactory.java:321) ~[spring-beans-5.2.7.RELEASE.jar:5.2.7.RELEASE]
	at org.springframework.beans.factory.support.AbstractBeanFactory.getBean(AbstractBeanFactory.java:202) ~[spring-beans-5.2.7.RELEASE.jar:5.2.7.RELEASE]
	at org.springframework.beans.factory.support.DefaultListableBeanFactory.preInstantiateSingletons(DefaultListableBeanFactory.java:893) ~[spring-beans-5.2.7.RELEASE.jar:5.2.7.RELEASE]
	at org.springframework.context.support.AbstractApplicationContext.finishBeanFactoryInitialization(AbstractApplicationContext.java:879) ~[spring-context-5.2.7.RELEASE.jar:5.2.7.RELEASE]
	at org.springframework.context.support.AbstractApplicationContext.refresh(AbstractApplicationContext.java:551) ~[spring-context-5.2.7.RELEASE.jar:5.2.7.RELEASE]
	at org.springframework.boot.SpringApplication.refresh(SpringApplication.java:758) ~[spring-boot-2.3.1.RELEASE.jar:2.3.1.RELEASE]
	at org.springframework.boot.SpringApplication.refresh(SpringApplication.java:750) ~[spring-boot-2.3.1.RELEASE.jar:2.3.1.RELEASE]
	at org.springframework.boot.SpringApplication.refreshContext(SpringApplication.java:397) ~[spring-boot-2.3.1.RELEASE.jar:2.3.1.RELEASE]
	at org.springframework.boot.SpringApplication.run(SpringApplication.java:315) ~[spring-boot-2.3.1.RELEASE.jar:2.3.1.RELEASE]
	at org.springframework.boot.test.context.SpringBootContextLoader.loadContext(SpringBootContextLoader.java:120) ~[spring-boot-test-2.3.1.RELEASE.jar:2.3.1.RELEASE]
	at org.springframework.test.context.cache.DefaultCacheAwareContextLoaderDelegate.loadContextInternal(DefaultCacheAwareContextLoaderDelegate.java:99) ~[spring-test-5.2.7.RELEASE.jar:5.2.7.RELEASE]
	at org.springframework.test.context.cache.DefaultCacheAwareContextLoaderDelegate.loadContext(DefaultCacheAwareContextLoaderDelegate.java:124) ~[spring-test-5.2.7.RELEASE.jar:5.2.7.RELEASE]
	... 46 more
Caused by: org.springframework.core.NestedIOException: Failed to parse mapping resource: 'file [C:\Users\13292\Desktop\claudel1\reposNew\task30\target\classes\mapper\BudgetMapper.xml]'; nested exception is org.apache.ibatis.builder.BuilderException: Error parsing Mapper XML. The XML location is 'file [C:\Users\13292\Desktop\claudel1\reposNew\task30\target\classes\mapper\BudgetMapper.xml]'. Cause: org.apache.ibatis.builder.BuilderException: Error resolving class. Cause: org.apache.ibatis.type.TypeException: Could not resolve type alias 'cn.jackbin.SimpleRecord.dto.BudgetExecutionDTO'.  Cause: java.lang.ClassNotFoundException: Cannot find class: cn.jackbin.SimpleRecord.dto.BudgetExecutionDTO
	at com.baomidou.mybatisplus.extension.spring.MybatisSqlSessionFactoryBean.buildSqlSessionFactory(MybatisSqlSessionFactoryBean.java:593) ~[mybatis-plus-extension-3.3.2.jar:3.3.2]
	at com.baomidou.mybatisplus.extension.spring.MybatisSqlSessionFactoryBean.afterPropertiesSet(MybatisSqlSessionFactoryBean.java:429) ~[mybatis-plus-extension-3.3.2.jar:3.3.2]
	at com.baomidou.mybatisplus.extension.spring.MybatisSqlSessionFactoryBean.getObject(MybatisSqlSessionFactoryBean.java:626) ~[mybatis-plus-extension-3.3.2.jar:3.3.2]
	at com.baomidou.mybatisplus.autoconfigure.MybatisPlusAutoConfiguration.sqlSessionFactory(MybatisPlusAutoConfiguration.java:215) ~[mybatis-plus-boot-starter-3.3.2.jar:3.3.2]
	at com.baomidou.mybatisplus.autoconfigure.MybatisPlusAutoConfiguration$$EnhancerBySpringCGLIB$$f1427f39.CGLIB$sqlSessionFactory$1(<generated>) ~[mybatis-plus-boot-starter-3.3.2.jar:3.3.2]
	at com.baomidou.mybatisplus.autoconfigure.MybatisPlusAutoConfiguration$$EnhancerBySpringCGLIB$$f1427f39$$FastClassBySpringCGLIB$$38ba60c2.invoke(<generated>) ~[mybatis-plus-boot-starter-3.3.2.jar:3.3.2]
	at org.springframework.cglib.proxy.MethodProxy.invokeSuper(MethodProxy.java:244) ~[spring-core-5.2.7.RELEASE.jar:5.2.7.RELEASE]
	at org.springframework.context.annotation.ConfigurationClassEnhancer$BeanMethodInterceptor.intercept(ConfigurationClassEnhancer.java:331) ~[spring-context-5.2.7.RELEASE.jar:5.2.7.RELEASE]
	at com.baomidou.mybatisplus.autoconfigure.MybatisPlusAutoConfiguration$$EnhancerBySpringCGLIB$$f1427f39.sqlSessionFactory(<generated>) ~[mybatis-plus-boot-starter-3.3.2.jar:3.3.2]
	at jdk.internal.reflect.NativeMethodAccessorImpl.invoke0(Native Method) ~[?:?]
	at jdk.internal.reflect.NativeMethodAccessorImpl.invoke(NativeMethodAccessorImpl.java:77) ~[?:?]
	at jdk.internal.reflect.DelegatingMethodAccessorImpl.invoke(DelegatingMethodAccessorImpl.java:43) ~[?:?]
	at java.lang.reflect.Method.invoke(Method.java:569) ~[?:?]
	at org.springframework.beans.factory.support.SimpleInstantiationStrategy.instantiate(SimpleInstantiationStrategy.java:154) ~[spring-beans-5.2.7.RELEASE.jar:5.2.7.RELEASE]
	at org.springframework.beans.factory.support.ConstructorResolver.instantiate(ConstructorResolver.java:650) ~[spring-beans-5.2.7.RELEASE.jar:5.2.7.RELEASE]
	at org.springframework.beans.factory.support.ConstructorResolver.instantiateUsingFactoryMethod(ConstructorResolver.java:635) ~[spring-beans-5.2.7.RELEASE.jar:5.2.7.RELEASE]
	at org.springframework.beans.factory.support.AbstractAutowireCapableBeanFactory.instantiateUsingFactoryMethod(AbstractAutowireCapableBeanFactory.java:1338) ~[spring-beans-5.2.7.RELEASE.jar:5.2.7.RELEASE]
	at org.springframework.beans.factory.support.AbstractAutowireCapableBeanFactory.createBeanInstance(AbstractAutowireCapableBeanFactory.java:1177) ~[spring-beans-5.2.7.RELEASE.jar:5.2.7.RELEASE]
	at org.springframework.beans.factory.support.AbstractAutowireCapableBeanFactory.doCreateBean(AbstractAutowireCapableBeanFactory.java:557) ~[spring-beans-5.2.7.RELEASE.jar:5.2.7.RELEASE]
	at org.springframework.beans.factory.support.AbstractAutowireCapableBeanFactory.createBean(AbstractAutowireCapableBeanFactory.java:517) ~[spring-beans-5.2.7.RELEASE.jar:5.2.7.RELEASE]
	at org.springframework.beans.factory.support.AbstractBeanFactory.lambda$doGetBean$0(AbstractBeanFactory.java:323) ~[spring-beans-5.2.7.RELEASE.jar:5.2.7.RELEASE]
	at org.springframework.beans.factory.support.DefaultSingletonBeanRegistry.getSingleton(DefaultSingletonBeanRegistry.java:226) ~[spring-beans-5.2.7.RELEASE.jar:5.2.7.RELEASE]
	at org.springframework.beans.factory.support.AbstractBeanFactory.doGetBean(AbstractBeanFactory.java:321) ~[spring-beans-5.2.7.RELEASE.jar:5.2.7.RELEASE]
	at org.springframework.beans.factory.support.AbstractBeanFactory.getBean(AbstractBeanFactory.java:202) ~[spring-beans-5.2.7.RELEASE.jar:5.2.7.RELEASE]
	at org.springframework.beans.factory.config.DependencyDescriptor.resolveCandidate(DependencyDescriptor.java:276) ~[spring-beans-5.2.7.RELEASE.jar:5.2.7.RELEASE]
	at org.springframework.beans.factory.support.DefaultListableBeanFactory.doResolveDependency(DefaultListableBeanFactory.java:1304) ~[spring-beans-5.2.7.RELEASE.jar:5.2.7.RELEASE]
	at org.springframework.beans.factory.support.DefaultListableBeanFactory.resolveDependency(DefaultListableBeanFactory.java:1224) ~[spring-beans-5.2.7.RELEASE.jar:5.2.7.RELEASE]
	at org.springframework.beans.factory.support.AbstractAutowireCapableBeanFactory.autowireByType(AbstractAutowireCapableBeanFactory.java:1511) ~[spring-beans-5.2.7.RELEASE.jar:5.2.7.RELEASE]
	at org.springframework.beans.factory.support.AbstractAutowireCapableBeanFactory.populateBean(AbstractAutowireCapableBeanFactory.java:1406) ~[spring-beans-5.2.7.RELEASE.jar:5.2.7.RELEASE]
	at org.springframework.beans.factory.support.AbstractAutowireCapableBeanFactory.doCreateBean(AbstractAutowireCapableBeanFactory.java:594) ~[spring-beans-5.2.7.RELEASE.jar:5.2.7.RELEASE]
	at org.springframework.beans.factory.support.AbstractAutowireCapableBeanFactory.createBean(AbstractAutowireCapableBeanFactory.java:517) ~[spring-beans-5.2.7.RELEASE.jar:5.2.7.RELEASE]
	at org.springframework.beans.factory.support.AbstractBeanFactory.lambda$doGetBean$0(AbstractBeanFactory.java:323) ~[spring-beans-5.2.7.RELEASE.jar:5.2.7.RELEASE]
	at org.springframework.beans.factory.support.DefaultSingletonBeanRegistry.getSingleton(DefaultSingletonBeanRegistry.java:226) ~[spring-beans-5.2.7.RELEASE.jar:5.2.7.RELEASE]
	at org.springframework.beans.factory.support.AbstractBeanFactory.doGetBean(AbstractBeanFactory.java:321) ~[spring-beans-5.2.7.RELEASE.jar:5.2.7.RELEASE]
	at org.springframework.beans.factory.support.AbstractBeanFactory.getBean(AbstractBeanFactory.java:202) ~[spring-beans-5.2.7.RELEASE.jar:5.2.7.RELEASE]
	at org.springframework.beans.factory.config.DependencyDescriptor.resolveCandidate(DependencyDescriptor.java:276) ~[spring-beans-5.2.7.RELEASE.jar:5.2.7.RELEASE]
	at org.springframework.beans.factory.support.DefaultListableBeanFactory.doResolveDependency(DefaultListableBeanFactory.java:1304) ~[spring-beans-5.2.7.RELEASE.jar:5.2.7.RELEASE]
	at org.springframework.beans.factory.support.DefaultListableBeanFactory.resolveDependency(DefaultListableBeanFactory.java:1224) ~[spring-beans-5.2.7.RELEASE.jar:5.2.7.RELEASE]
	at org.springframework.beans.factory.annotation.AutowiredAnnotationBeanPostProcessor$AutowiredFieldElement.inject(AutowiredAnnotationBeanPostProcessor.java:640) ~[spring-beans-5.2.7.RELEASE.jar:5.2.7.RELEASE]
	at org.springframework.beans.factory.annotation.InjectionMetadata.inject(InjectionMetadata.java:130) ~[spring-beans-5.2.7.RELEASE.jar:5.2.7.RELEASE]
	at org.springframework.beans.factory.annotation.AutowiredAnnotationBeanPostProcessor.postProcessProperties(AutowiredAnnotationBeanPostProcessor.java:399) ~[spring-beans-5.2.7.RELEASE.jar:5.2.7.RELEASE]
	at org.springframework.beans.factory.support.AbstractAutowireCapableBeanFactory.populateBean(AbstractAutowireCapableBeanFactory.java:1422) ~[spring-beans-5.2.7.RELEASE.jar:5.2.7.RELEASE]
	at org.springframework.beans.factory.support.AbstractAutowireCapableBeanFactory.doCreateBean(AbstractAutowireCapableBeanFactory.java:594) ~[spring-beans-5.2.7.RELEASE.jar:5.2.7.RELEASE]
	at org.springframework.beans.factory.support.AbstractAutowireCapableBeanFactory.createBean(AbstractAutowireCapableBeanFactory.java:517) ~[spring-beans-5.2.7.RELEASE.jar:5.2.7.RELEASE]
	at org.springframework.beans.factory.support.AbstractBeanFactory.lambda$doGetBean$0(AbstractBeanFactory.java:323) ~[spring-beans-5.2.7.RELEASE.jar:5.2.7.RELEASE]
	at org.springframework.beans.factory.support.DefaultSingletonBeanRegistry.getSingleton(DefaultSingletonBeanRegistry.java:226) ~[spring-beans-5.2.7.RELEASE.jar:5.2.7.RELEASE]
	at org.springframework.beans.factory.support.AbstractBeanFactory.doGetBean(AbstractBeanFactory.java:321) ~[spring-beans-5.2.7.RELEASE.jar:5.2.7.RELEASE]
	at org.springframework.beans.factory.support.AbstractBeanFactory.getBean(AbstractBeanFactory.java:202) ~[spring-beans-5.2.7.RELEASE.jar:5.2.7.RELEASE]
	at org.springframework.beans.factory.config.DependencyDescriptor.resolveCandidate(DependencyDescriptor.java:276) ~[spring-beans-5.2.7.RELEASE.jar:5.2.7.RELEASE]
	at org.springframework.beans.factory.support.DefaultListableBeanFactory.doResolveDependency(DefaultListableBeanFactory.java:1304) ~[spring-beans-5.2.7.RELEASE.jar:5.2.7.RELEASE]
	at org.springframework.beans.factory.support.DefaultListableBeanFactory.resolveDependency(DefaultListableBeanFactory.java:1224) ~[spring-beans-5.2.7.RELEASE.jar:5.2.7.RELEASE]
	at org.springframework.beans.factory.annotation.AutowiredAnnotationBeanPostProcessor$AutowiredFieldElement.inject(AutowiredAnnotationBeanPostProcessor.java:640) ~[spring-beans-5.2.7.RELEASE.jar:5.2.7.RELEASE]
	at org.springframework.beans.factory.annotation.InjectionMetadata.inject(InjectionMetadata.java:130) ~[spring-beans-5.2.7.RELEASE.jar:5.2.7.RELEASE]
	at org.springframework.beans.factory.annotation.AutowiredAnnotationBeanPostProcessor.postProcessProperties(AutowiredAnnotationBeanPostProcessor.java:399) ~[spring-beans-5.2.7.RELEASE.jar:5.2.7.RELEASE]
	at org.springframework.beans.factory.support.AbstractAutowireCapableBeanFactory.populateBean(AbstractAutowireCapableBeanFactory.java:1422) ~[spring-beans-5.2.7.RELEASE.jar:5.2.7.RELEASE]
	at org.springframework.beans.factory.support.AbstractAutowireCapableBeanFactory.doCreateBean(AbstractAutowireCapableBeanFactory.java:594) ~[spring-beans-5.2.7.RELEASE.jar:5.2.7.RELEASE]
	at org.springframework.beans.factory.support.AbstractAutowireCapableBeanFactory.createBean(AbstractAutowireCapableBeanFactory.java:517) ~[spring-beans-5.2.7.RELEASE.jar:5.2.7.RELEASE]
	at org.springframework.beans.factory.support.AbstractBeanFactory.lambda$doGetBean$0(AbstractBeanFactory.java:323) ~[spring-beans-5.2.7.RELEASE.jar:5.2.7.RELEASE]
	at org.springframework.beans.factory.support.DefaultSingletonBeanRegistry.getSingleton(DefaultSingletonBeanRegistry.java:226) ~[spring-beans-5.2.7.RELEASE.jar:5.2.7.RELEASE]
	at org.springframework.beans.factory.support.AbstractBeanFactory.doGetBean(AbstractBeanFactory.java:321) ~[spring-beans-5.2.7.RELEASE.jar:5.2.7.RELEASE]
	at org.springframework.beans.factory.support.AbstractBeanFactory.getBean(AbstractBeanFactory.java:202) ~[spring-beans-5.2.7.RELEASE.jar:5.2.7.RELEASE]
	at org.springframework.beans.factory.support.DefaultListableBeanFactory.preInstantiateSingletons(DefaultListableBeanFactory.java:893) ~[spring-beans-5.2.7.RELEASE.jar:5.2.7.RELEASE]
	at org.springframework.context.support.AbstractApplicationContext.finishBeanFactoryInitialization(AbstractApplicationContext.java:879) ~[spring-context-5.2.7.RELEASE.jar:5.2.7.RELEASE]
	at org.springframework.context.support.AbstractApplicationContext.refresh(AbstractApplicationContext.java:551) ~[spring-context-5.2.7.RELEASE.jar:5.2.7.RELEASE]
	at org.springframework.boot.SpringApplication.refresh(SpringApplication.java:758) ~[spring-boot-2.3.1.RELEASE.jar:2.3.1.RELEASE]
	at org.springframework.boot.SpringApplication.refresh(SpringApplication.java:750) ~[spring-boot-2.3.1.RELEASE.jar:2.3.1.RELEASE]
	at org.springframework.boot.SpringApplication.refreshContext(SpringApplication.java:397) ~[spring-boot-2.3.1.RELEASE.jar:2.3.1.RELEASE]
	at org.springframework.boot.SpringApplication.run(SpringApplication.java:315) ~[spring-boot-2.3.1.RELEASE.jar:2.3.1.RELEASE]
	at org.springframework.boot.test.context.SpringBootContextLoader.loadContext(SpringBootContextLoader.java:120) ~[spring-boot-test-2.3.1.RELEASE.jar:2.3.1.RELEASE]
	at org.springframework.test.context.cache.DefaultCacheAwareContextLoaderDelegate.loadContextInternal(DefaultCacheAwareContextLoaderDelegate.java:99) ~[spring-test-5.2.7.RELEASE.jar:5.2.7.RELEASE]
	at org.springframework.test.context.cache.DefaultCacheAwareContextLoaderDelegate.loadContext(DefaultCacheAwareContextLoaderDelegate.java:124) ~[spring-test-5.2.7.RELEASE.jar:5.2.7.RELEASE]
	... 46 more
Caused by: org.apache.ibatis.builder.BuilderException: Error parsing Mapper XML. The XML location is 'file [C:\Users\13292\Desktop\claudel1\reposNew\task30\target\classes\mapper\BudgetMapper.xml]'. Cause: org.apache.ibatis.builder.BuilderException: Error resolving class. Cause: org.apache.ibatis.type.TypeException: Could not resolve type alias 'cn.jackbin.SimpleRecord.dto.BudgetExecutionDTO'.  Cause: java.lang.ClassNotFoundException: Cannot find class: cn.jackbin.SimpleRecord.dto.BudgetExecutionDTO
	at org.apache.ibatis.builder.xml.XMLMapperBuilder.configurationElement(XMLMapperBuilder.java:122) ~[mybatis-3.5.4.jar:3.5.4]
	at org.apache.ibatis.builder.xml.XMLMapperBuilder.parse(XMLMapperBuilder.java:94) ~[mybatis-3.5.4.jar:3.5.4]
	at com.baomidou.mybatisplus.extension.spring.MybatisSqlSessionFactoryBean.buildSqlSessionFactory(MybatisSqlSessionFactoryBean.java:591) ~[mybatis-plus-extension-3.3.2.jar:3.3.2]
	at com.baomidou.mybatisplus.extension.spring.MybatisSqlSessionFactoryBean.afterPropertiesSet(MybatisSqlSessionFactoryBean.java:429) ~[mybatis-plus-extension-3.3.2.jar:3.3.2]
	at com.baomidou.mybatisplus.extension.spring.MybatisSqlSessionFactoryBean.getObject(MybatisSqlSessionFactoryBean.java:626) ~[mybatis-plus-extension-3.3.2.jar:3.3.2]
	at com.baomidou.mybatisplus.autoconfigure.MybatisPlusAutoConfiguration.sqlSessionFactory(MybatisPlusAutoConfiguration.java:215) ~[mybatis-plus-boot-starter-3.3.2.jar:3.3.2]
	at com.baomidou.mybatisplus.autoconfigure.MybatisPlusAutoConfiguration$$EnhancerBySpringCGLIB$$f1427f39.CGLIB$sqlSessionFactory$1(<generated>) ~[mybatis-plus-boot-starter-3.3.2.jar:3.3.2]
	at com.baomidou.mybatisplus.autoconfigure.MybatisPlusAutoConfiguration$$EnhancerBySpringCGLIB$$f1427f39$$FastClassBySpringCGLIB$$38ba60c2.invoke(<generated>) ~[mybatis-plus-boot-starter-3.3.2.jar:3.3.2]
	at org.springframework.cglib.proxy.MethodProxy.invokeSuper(MethodProxy.java:244) ~[spring-core-5.2.7.RELEASE.jar:5.2.7.RELEASE]
	at org.springframework.context.annotation.ConfigurationClassEnhancer$BeanMethodInterceptor.intercept(ConfigurationClassEnhancer.java:331) ~[spring-context-5.2.7.RELEASE.jar:5.2.7.RELEASE]
	at com.baomidou.mybatisplus.autoconfigure.MybatisPlusAutoConfiguration$$EnhancerBySpringCGLIB$$f1427f39.sqlSessionFactory(<generated>) ~[mybatis-plus-boot-starter-3.3.2.jar:3.3.2]
	at jdk.internal.reflect.NativeMethodAccessorImpl.invoke0(Native Method) ~[?:?]
	at jdk.internal.reflect.NativeMethodAccessorImpl.invoke(NativeMethodAccessorImpl.java:77) ~[?:?]
	at jdk.internal.reflect.DelegatingMethodAccessorImpl.invoke(DelegatingMethodAccessorImpl.java:43) ~[?:?]
	at java.lang.reflect.Method.invoke(Method.java:569) ~[?:?]
	at org.springframework.beans.factory.support.SimpleInstantiationStrategy.instantiate(SimpleInstantiationStrategy.java:154) ~[spring-beans-5.2.7.RELEASE.jar:5.2.7.RELEASE]
	at org.springframework.beans.factory.support.ConstructorResolver.instantiate(ConstructorResolver.java:650) ~[spring-beans-5.2.7.RELEASE.jar:5.2.7.RELEASE]
	at org.springframework.beans.factory.support.ConstructorResolver.instantiateUsingFactoryMethod(ConstructorResolver.java:635) ~[spring-beans-5.2.7.RELEASE.jar:5.2.7.RELEASE]
	at org.springframework.beans.factory.support.AbstractAutowireCapableBeanFactory.instantiateUsingFactoryMethod(AbstractAutowireCapableBeanFactory.java:1338) ~[spring-beans-5.2.7.RELEASE.jar:5.2.7.RELEASE]
	at org.springframework.beans.factory.support.AbstractAutowireCapableBeanFactory.createBeanInstance(AbstractAutowireCapableBeanFactory.java:1177) ~[spring-beans-5.2.7.RELEASE.jar:5.2.7.RELEASE]
	at org.springframework.beans.factory.support.AbstractAutowireCapableBeanFactory.doCreateBean(AbstractAutowireCapableBeanFactory.java:557) ~[spring-beans-5.2.7.RELEASE.jar:5.2.7.RELEASE]
	at org.springframework.beans.factory.support.AbstractAutowireCapableBeanFactory.createBean(AbstractAutowireCapableBeanFactory.java:517) ~[spring-beans-5.2.7.RELEASE.jar:5.2.7.RELEASE]
	at org.springframework.beans.factory.support.AbstractBeanFactory.lambda$doGetBean$0(AbstractBeanFactory.java:323) ~[spring-beans-5.2.7.RELEASE.jar:5.2.7.RELEASE]
	at org.springframework.beans.factory.support.DefaultSingletonBeanRegistry.getSingleton(DefaultSingletonBeanRegistry.java:226) ~[spring-beans-5.2.7.RELEASE.jar:5.2.7.RELEASE]
	at org.springframework.beans.factory.support.AbstractBeanFactory.doGetBean(AbstractBeanFactory.java:321) ~[spring-beans-5.2.7.RELEASE.jar:5.2.7.RELEASE]
	at org.springframework.beans.factory.support.AbstractBeanFactory.getBean(AbstractBeanFactory.java:202) ~[spring-beans-5.2.7.RELEASE.jar:5.2.7.RELEASE]
	at org.springframework.beans.factory.config.DependencyDescriptor.resolveCandidate(DependencyDescriptor.java:276) ~[spring-beans-5.2.7.RELEASE.jar:5.2.7.RELEASE]
	at org.springframework.beans.factory.support.DefaultListableBeanFactory.doResolveDependency(DefaultListableBeanFactory.java:1304) ~[spring-beans-5.2.7.RELEASE.jar:5.2.7.RELEASE]
	at org.springframework.beans.factory.support.DefaultListableBeanFactory.resolveDependency(DefaultListableBeanFactory.java:1224) ~[spring-beans-5.2.7.RELEASE.jar:5.2.7.RELEASE]
	at org.springframework.beans.factory.support.AbstractAutowireCapableBeanFactory.autowireByType(AbstractAutowireCapableBeanFactory.java:1511) ~[spring-beans-5.2.7.RELEASE.jar:5.2.7.RELEASE]
	at org.springframework.beans.factory.support.AbstractAutowireCapableBeanFactory.populateBean(AbstractAutowireCapableBeanFactory.java:1406) ~[spring-beans-5.2.7.RELEASE.jar:5.2.7.RELEASE]
	at org.springframework.beans.factory.support.AbstractAutowireCapableBeanFactory.doCreateBean(AbstractAutowireCapableBeanFactory.java:594) ~[spring-beans-5.2.7.RELEASE.jar:5.2.7.RELEASE]
	at org.springframework.beans.factory.support.AbstractAutowireCapableBeanFactory.createBean(AbstractAutowireCapableBeanFactory.java:517) ~[spring-beans-5.2.7.RELEASE.jar:5.2.7.RELEASE]
	at org.springframework.beans.factory.support.AbstractBeanFactory.lambda$doGetBean$0(AbstractBeanFactory.java:323) ~[spring-beans-5.2.7.RELEASE.jar:5.2.7.RELEASE]
	at org.springframework.beans.factory.support.DefaultSingletonBeanRegistry.getSingleton(DefaultSingletonBeanRegistry.java:226) ~[spring-beans-5.2.7.RELEASE.jar:5.2.7.RELEASE]
	at org.springframework.beans.factory.support.AbstractBeanFactory.doGetBean(AbstractBeanFactory.java:321) ~[spring-beans-5.2.7.RELEASE.jar:5.2.7.RELEASE]
	at org.springframework.beans.factory.support.AbstractBeanFactory.getBean(AbstractBeanFactory.java:202) ~[spring-beans-5.2.7.RELEASE.jar:5.2.7.RELEASE]
	at org.springframework.beans.factory.config.DependencyDescriptor.resolveCandidate(DependencyDescriptor.java:276) ~[spring-beans-5.2.7.RELEASE.jar:5.2.7.RELEASE]
	at org.springframework.beans.factory.support.DefaultListableBeanFactory.doResolveDependency(DefaultListableBeanFactory.java:1304) ~[spring-beans-5.2.7.RELEASE.jar:5.2.7.RELEASE]
	at org.springframework.beans.factory.support.DefaultListableBeanFactory.resolveDependency(DefaultListableBeanFactory.java:1224) ~[spring-beans-5.2.7.RELEASE.jar:5.2.7.RELEASE]
	at org.springframework.beans.factory.annotation.AutowiredAnnotationBeanPostProcessor$AutowiredFieldElement.inject(AutowiredAnnotationBeanPostProcessor.java:640) ~[spring-beans-5.2.7.RELEASE.jar:5.2.7.RELEASE]
	at org.springframework.beans.factory.annotation.InjectionMetadata.inject(InjectionMetadata.java:130) ~[spring-beans-5.2.7.RELEASE.jar:5.2.7.RELEASE]
	at org.springframework.beans.factory.annotation.AutowiredAnnotationBeanPostProcessor.postProcessProperties(AutowiredAnnotationBeanPostProcessor.java:399) ~[spring-beans-5.2.7.RELEASE.jar:5.2.7.RELEASE]
	at org.springframework.beans.factory.support.AbstractAutowireCapableBeanFactory.populateBean(AbstractAutowireCapableBeanFactory.java:1422) ~[spring-beans-5.2.7.RELEASE.jar:5.2.7.RELEASE]
	at org.springframework.beans.factory.support.AbstractAutowireCapableBeanFactory.doCreateBean(AbstractAutowireCapableBeanFactory.java:594) ~[spring-beans-5.2.7.RELEASE.jar:5.2.7.RELEASE]
	at org.springframework.beans.factory.support.AbstractAutowireCapableBeanFactory.createBean(AbstractAutowireCapableBeanFactory.java:517) ~[spring-beans-5.2.7.RELEASE.jar:5.2.7.RELEASE]
	at org.springframework.beans.factory.support.AbstractBeanFactory.lambda$doGetBean$0(AbstractBeanFactory.java:323) ~[spring-beans-5.2.7.RELEASE.jar:5.2.7.RELEASE]
	at org.springframework.beans.factory.support.DefaultSingletonBeanRegistry.getSingleton(DefaultSingletonBeanRegistry.java:226) ~[spring-beans-5.2.7.RELEASE.jar:5.2.7.RELEASE]
	at org.springframework.beans.factory.support.AbstractBeanFactory.doGetBean(AbstractBeanFactory.java:321) ~[spring-beans-5.2.7.RELEASE.jar:5.2.7.RELEASE]
	at org.springframework.beans.factory.support.AbstractBeanFactory.getBean(AbstractBeanFactory.java:202) ~[spring-beans-5.2.7.RELEASE.jar:5.2.7.RELEASE]
	at org.springframework.beans.factory.config.DependencyDescriptor.resolveCandidate(DependencyDescriptor.java:276) ~[spring-beans-5.2.7.RELEASE.jar:5.2.7.RELEASE]
	at org.springframework.beans.factory.support.DefaultListableBeanFactory.doResolveDependency(DefaultListableBeanFactory.java:1304) ~[spring-beans-5.2.7.RELEASE.jar:5.2.7.RELEASE]
	at org.springframework.beans.factory.support.DefaultListableBeanFactory.resolveDependency(DefaultListableBeanFactory.java:1224) ~[spring-beans-5.2.7.RELEASE.jar:5.2.7.RELEASE]
	at org.springframework.beans.factory.annotation.AutowiredAnnotationBeanPostProcessor$AutowiredFieldElement.inject(AutowiredAnnotationBeanPostProcessor.java:640) ~[spring-beans-5.2.7.RELEASE.jar:5.2.7.RELEASE]
	at org.springframework.beans.factory.annotation.InjectionMetadata.inject(InjectionMetadata.java:130) ~[spring-beans-5.2.7.RELEASE.jar:5.2.7.RELEASE]
	at org.springframework.beans.factory.annotation.AutowiredAnnotationBeanPostProcessor.postProcessProperties(AutowiredAnnotationBeanPostProcessor.java:399) ~[spring-beans-5.2.7.RELEASE.jar:5.2.7.RELEASE]
	at org.springframework.beans.factory.support.AbstractAutowireCapableBeanFactory.populateBean(AbstractAutowireCapableBeanFactory.java:1422) ~[spring-beans-5.2.7.RELEASE.jar:5.2.7.RELEASE]
	at org.springframework.beans.factory.support.AbstractAutowireCapableBeanFactory.doCreateBean(AbstractAutowireCapableBeanFactory.java:594) ~[spring-beans-5.2.7.RELEASE.jar:5.2.7.RELEASE]
	at org.springframework.beans.factory.support.AbstractAutowireCapableBeanFactory.createBean(AbstractAutowireCapableBeanFactory.java:517) ~[spring-beans-5.2.7.RELEASE.jar:5.2.7.RELEASE]
	at org.springframework.beans.factory.support.AbstractBeanFactory.lambda$doGetBean$0(AbstractBeanFactory.java:323) ~[spring-beans-5.2.7.RELEASE.jar:5.2.7.RELEASE]
	at org.springframework.beans.factory.support.DefaultSingletonBeanRegistry.getSingleton(DefaultSingletonBeanRegistry.java:226) ~[spring-beans-5.2.7.RELEASE.jar:5.2.7.RELEASE]
	at org.springframework.beans.factory.support.AbstractBeanFactory.doGetBean(AbstractBeanFactory.java:321) ~[spring-beans-5.2.7.RELEASE.jar:5.2.7.RELEASE]
	at org.springframework.beans.factory.support.AbstractBeanFactory.getBean(AbstractBeanFactory.java:202) ~[spring-beans-5.2.7.RELEASE.jar:5.2.7.RELEASE]
	at org.springframework.beans.factory.support.DefaultListableBeanFactory.preInstantiateSingletons(DefaultListableBeanFactory.java:893) ~[spring-beans-5.2.7.RELEASE.jar:5.2.7.RELEASE]
	at org.springframework.context.support.AbstractApplicationContext.finishBeanFactoryInitialization(AbstractApplicationContext.java:879) ~[spring-context-5.2.7.RELEASE.jar:5.2.7.RELEASE]
	at org.springframework.context.support.AbstractApplicationContext.refresh(AbstractApplicationContext.java:551) ~[spring-context-5.2.7.RELEASE.jar:5.2.7.RELEASE]
	at org.springframework.boot.SpringApplication.refresh(SpringApplication.java:758) ~[spring-boot-2.3.1.RELEASE.jar:2.3.1.RELEASE]
	at org.springframework.boot.SpringApplication.refresh(SpringApplication.java:750) ~[spring-boot-2.3.1.RELEASE.jar:2.3.1.RELEASE]
	at org.springframework.boot.SpringApplication.refreshContext(SpringApplication.java:397) ~[spring-boot-2.3.1.RELEASE.jar:2.3.1.RELEASE]
	at org.springframework.boot.SpringApplication.run(SpringApplication.java:315) ~[spring-boot-2.3.1.RELEASE.jar:2.3.1.RELEASE]
	at org.springframework.boot.test.context.SpringBootContextLoader.loadContext(SpringBootContextLoader.java:120) ~[spring-boot-test-2.3.1.RELEASE.jar:2.3.1.RELEASE]
	at org.springframework.test.context.cache.DefaultCacheAwareContextLoaderDelegate.loadContextInternal(DefaultCacheAwareContextLoaderDelegate.java:99) ~[spring-test-5.2.7.RELEASE.jar:5.2.7.RELEASE]
	at org.springframework.test.context.cache.DefaultCacheAwareContextLoaderDelegate.loadContext(DefaultCacheAwareContextLoaderDelegate.java:124) ~[spring-test-5.2.7.RELEASE.jar:5.2.7.RELEASE]
	... 46 more
Caused by: org.apache.ibatis.builder.BuilderException: Error resolving class. Cause: org.apache.ibatis.type.TypeException: Could not resolve type alias 'cn.jackbin.SimpleRecord.dto.BudgetExecutionDTO'.  Cause: java.lang.ClassNotFoundException: Cannot find class: cn.jackbin.SimpleRecord.dto.BudgetExecutionDTO
	at org.apache.ibatis.builder.BaseBuilder.resolveClass(BaseBuilder.java:118) ~[mybatis-3.5.4.jar:3.5.4]
	at org.apache.ibatis.builder.xml.XMLStatementBuilder.parseStatementNode(XMLStatementBuilder.java:102) ~[mybatis-3.5.4.jar:3.5.4]
	at org.apache.ibatis.builder.xml.XMLMapperBuilder.buildStatementFromContext(XMLMapperBuilder.java:137) ~[mybatis-3.5.4.jar:3.5.4]
	at org.apache.ibatis.builder.xml.XMLMapperBuilder.buildStatementFromContext(XMLMapperBuilder.java:130) ~[mybatis-3.5.4.jar:3.5.4]
	at org.apache.ibatis.builder.xml.XMLMapperBuilder.configurationElement(XMLMapperBuilder.java:120) ~[mybatis-3.5.4.jar:3.5.4]
	at org.apache.ibatis.builder.xml.XMLMapperBuilder.parse(XMLMapperBuilder.java:94) ~[mybatis-3.5.4.jar:3.5.4]
	at com.baomidou.mybatisplus.extension.spring.MybatisSqlSessionFactoryBean.buildSqlSessionFactory(MybatisSqlSessionFactoryBean.java:591) ~[mybatis-plus-extension-3.3.2.jar:3.3.2]
	at com.baomidou.mybatisplus.extension.spring.MybatisSqlSessionFactoryBean.afterPropertiesSet(MybatisSqlSessionFactoryBean.java:429) ~[mybatis-plus-extension-3.3.2.jar:3.3.2]
	at com.baomidou.mybatisplus.extension.spring.MybatisSqlSessionFactoryBean.getObject(MybatisSqlSessionFactoryBean.java:626) ~[mybatis-plus-extension-3.3.2.jar:3.3.2]
	at com.baomidou.mybatisplus.autoconfigure.MybatisPlusAutoConfiguration.sqlSessionFactory(MybatisPlusAutoConfiguration.java:215) ~[mybatis-plus-boot-starter-3.3.2.jar:3.3.2]
	at com.baomidou.mybatisplus.autoconfigure.MybatisPlusAutoConfiguration$$EnhancerBySpringCGLIB$$f1427f39.CGLIB$sqlSessionFactory$1(<generated>) ~[mybatis-plus-boot-starter-3.3.2.jar:3.3.2]
	at com.baomidou.mybatisplus.autoconfigure.MybatisPlusAutoConfiguration$$EnhancerBySpringCGLIB$$f1427f39$$FastClassBySpringCGLIB$$38ba60c2.invoke(<generated>) ~[mybatis-plus-boot-starter-3.3.2.jar:3.3.2]
	at org.springframework.cglib.proxy.MethodProxy.invokeSuper(MethodProxy.java:244) ~[spring-core-5.2.7.RELEASE.jar:5.2.7.RELEASE]
	at org.springframework.context.annotation.ConfigurationClassEnhancer$BeanMethodInterceptor.intercept(ConfigurationClassEnhancer.java:331) ~[spring-context-5.2.7.RELEASE.jar:5.2.7.RELEASE]
	at com.baomidou.mybatisplus.autoconfigure.MybatisPlusAutoConfiguration$$EnhancerBySpringCGLIB$$f1427f39.sqlSessionFactory(<generated>) ~[mybatis-plus-boot-starter-3.3.2.jar:3.3.2]
	at jdk.internal.reflect.NativeMethodAccessorImpl.invoke0(Native Method) ~[?:?]
	at jdk.internal.reflect.NativeMethodAccessorImpl.invoke(NativeMethodAccessorImpl.java:77) ~[?:?]
	at jdk.internal.reflect.DelegatingMethodAccessorImpl.invoke(DelegatingMethodAccessorImpl.java:43) ~[?:?]
	at java.lang.reflect.Method.invoke(Method.java:569) ~[?:?]
	at org.springframework.beans.factory.support.SimpleInstantiationStrategy.instantiate(SimpleInstantiationStrategy.java:154) ~[spring-beans-5.2.7.RELEASE.jar:5.2.7.RELEASE]
	at org.springframework.beans.factory.support.ConstructorResolver.instantiate(ConstructorResolver.java:650) ~[spring-beans-5.2.7.RELEASE.jar:5.2.7.RELEASE]
	at org.springframework.beans.factory.support.ConstructorResolver.instantiateUsingFactoryMethod(ConstructorResolver.java:635) ~[spring-beans-5.2.7.RELEASE.jar:5.2.7.RELEASE]
	at org.springframework.beans.factory.support.AbstractAutowireCapableBeanFactory.instantiateUsingFactoryMethod(AbstractAutowireCapableBeanFactory.java:1338) ~[spring-beans-5.2.7.RELEASE.jar:5.2.7.RELEASE]
	at org.springframework.beans.factory.support.AbstractAutowireCapableBeanFactory.createBeanInstance(AbstractAutowireCapableBeanFactory.java:1177) ~[spring-beans-5.2.7.RELEASE.jar:5.2.7.RELEASE]
	at org.springframework.beans.factory.support.AbstractAutowireCapableBeanFactory.doCreateBean(AbstractAutowireCapableBeanFactory.java:557) ~[spring-beans-5.2.7.RELEASE.jar:5.2.7.RELEASE]
	at org.springframework.beans.factory.support.AbstractAutowireCapableBeanFactory.createBean(AbstractAutowireCapableBeanFactory.java:517) ~[spring-beans-5.2.7.RELEASE.jar:5.2.7.RELEASE]
	at org.springframework.beans.factory.support.AbstractBeanFactory.lambda$doGetBean$0(AbstractBeanFactory.java:323) ~[spring-beans-5.2.7.RELEASE.jar:5.2.7.RELEASE]
	at org.springframework.beans.factory.support.DefaultSingletonBeanRegistry.getSingleton(DefaultSingletonBeanRegistry.java:226) ~[spring-beans-5.2.7.RELEASE.jar:5.2.7.RELEASE]
	at org.springframework.beans.factory.support.AbstractBeanFactory.doGetBean(AbstractBeanFactory.java:321) ~[spring-beans-5.2.7.RELEASE.jar:5.2.7.RELEASE]
	at org.springframework.beans.factory.support.AbstractBeanFactory.getBean(AbstractBeanFactory.java:202) ~[spring-beans-5.2.7.RELEASE.jar:5.2.7.RELEASE]
	at org.springframework.beans.factory.config.DependencyDescriptor.resolveCandidate(DependencyDescriptor.java:276) ~[spring-beans-5.2.7.RELEASE.jar:5.2.7.RELEASE]
	at org.springframework.beans.factory.support.DefaultListableBeanFactory.doResolveDependency(DefaultListableBeanFactory.java:1304) ~[spring-beans-5.2.7.RELEASE.jar:5.2.7.RELEASE]
	at org.springframework.beans.factory.support.DefaultListableBeanFactory.resolveDependency(DefaultListableBeanFactory.java:1224) ~[spring-beans-5.2.7.RELEASE.jar:5.2.7.RELEASE]
	at org.springframework.beans.factory.support.AbstractAutowireCapableBeanFactory.autowireByType(AbstractAutowireCapableBeanFactory.java:1511) ~[spring-beans-5.2.7.RELEASE.jar:5.2.7.RELEASE]
	at org.springframework.beans.factory.support.AbstractAutowireCapableBeanFactory.populateBean(AbstractAutowireCapableBeanFactory.java:1406) ~[spring-beans-5.2.7.RELEASE.jar:5.2.7.RELEASE]
	at org.springframework.beans.factory.support.AbstractAutowireCapableBeanFactory.doCreateBean(AbstractAutowireCapableBeanFactory.java:594) ~[spring-beans-5.2.7.RELEASE.jar:5.2.7.RELEASE]
	at org.springframework.beans.factory.support.AbstractAutowireCapableBeanFactory.createBean(AbstractAutowireCapableBeanFactory.java:517) ~[spring-beans-5.2.7.RELEASE.jar:5.2.7.RELEASE]
	at org.springframework.beans.factory.support.AbstractBeanFactory.lambda$doGetBean$0(AbstractBeanFactory.java:323) ~[spring-beans-5.2.7.RELEASE.jar:5.2.7.RELEASE]
	at org.springframework.beans.factory.support.DefaultSingletonBeanRegistry.getSingleton(DefaultSingletonBeanRegistry.java:226) ~[spring-beans-5.2.7.RELEASE.jar:5.2.7.RELEASE]
	at org.springframework.beans.factory.support.AbstractBeanFactory.doGetBean(AbstractBeanFactory.java:321) ~[spring-beans-5.2.7.RELEASE.jar:5.2.7.RELEASE]
	at org.springframework.beans.factory.support.AbstractBeanFactory.getBean(AbstractBeanFactory.java:202) ~[spring-beans-5.2.7.RELEASE.jar:5.2.7.RELEASE]
	at org.springframework.beans.factory.config.DependencyDescriptor.resolveCandidate(DependencyDescriptor.java:276) ~[spring-beans-5.2.7.RELEASE.jar:5.2.7.RELEASE]
	at org.springframework.beans.factory.support.DefaultListableBeanFactory.doResolveDependency(DefaultListableBeanFactory.java:1304) ~[spring-beans-5.2.7.RELEASE.jar:5.2.7.RELEASE]
	at org.springframework.beans.factory.support.DefaultListableBeanFactory.resolveDependency(DefaultListableBeanFactory.java:1224) ~[spring-beans-5.2.7.RELEASE.jar:5.2.7.RELEASE]
	at org.springframework.beans.factory.annotation.AutowiredAnnotationBeanPostProcessor$AutowiredFieldElement.inject(AutowiredAnnotationBeanPostProcessor.java:640) ~[spring-beans-5.2.7.RELEASE.jar:5.2.7.RELEASE]
	at org.springframework.beans.factory.annotation.InjectionMetadata.inject(InjectionMetadata.java:130) ~[spring-beans-5.2.7.RELEASE.jar:5.2.7.RELEASE]
	at org.springframework.beans.factory.annotation.AutowiredAnnotationBeanPostProcessor.postProcessProperties(AutowiredAnnotationBeanPostProcessor.java:399) ~[spring-beans-5.2.7.RELEASE.jar:5.2.7.RELEASE]
	at org.springframework.beans.factory.support.AbstractAutowireCapableBeanFactory.populateBean(AbstractAutowireCapableBeanFactory.java:1422) ~[spring-beans-5.2.7.RELEASE.jar:5.2.7.RELEASE]
	at org.springframework.beans.factory.support.AbstractAutowireCapableBeanFactory.doCreateBean(AbstractAutowireCapableBeanFactory.java:594) ~[spring-beans-5.2.7.RELEASE.jar:5.2.7.RELEASE]
	at org.springframework.beans.factory.support.AbstractAutowireCapableBeanFactory.createBean(AbstractAutowireCapableBeanFactory.java:517) ~[spring-beans-5.2.7.RELEASE.jar:5.2.7.RELEASE]
	at org.springframework.beans.factory.support.AbstractBeanFactory.lambda$doGetBean$0(AbstractBeanFactory.java:323) ~[spring-beans-5.2.7.RELEASE.jar:5.2.7.RELEASE]
	at org.springframework.beans.factory.support.DefaultSingletonBeanRegistry.getSingleton(DefaultSingletonBeanRegistry.java:226) ~[spring-beans-5.2.7.RELEASE.jar:5.2.7.RELEASE]
	at org.springframework.beans.factory.support.AbstractBeanFactory.doGetBean(AbstractBeanFactory.java:321) ~[spring-beans-5.2.7.RELEASE.jar:5.2.7.RELEASE]
	at org.springframework.beans.factory.support.AbstractBeanFactory.getBean(AbstractBeanFactory.java:202) ~[spring-beans-5.2.7.RELEASE.jar:5.2.7.RELEASE]
	at org.springframework.beans.factory.config.DependencyDescriptor.resolveCandidate(DependencyDescriptor.java:276) ~[spring-beans-5.2.7.RELEASE.jar:5.2.7.RELEASE]
	at org.springframework.beans.factory.support.DefaultListableBeanFactory.doResolveDependency(DefaultListableBeanFactory.java:1304) ~[spring-beans-5.2.7.RELEASE.jar:5.2.7.RELEASE]
	at org.springframework.beans.factory.support.DefaultListableBeanFactory.resolveDependency(DefaultListableBeanFactory.java:1224) ~[spring-beans-5.2.7.RELEASE.jar:5.2.7.RELEASE]
	at org.springframework.beans.factory.annotation.AutowiredAnnotationBeanPostProcessor$AutowiredFieldElement.inject(AutowiredAnnotationBeanPostProcessor.java:640) ~[spring-beans-5.2.7.RELEASE.jar:5.2.7.RELEASE]
	at org.springframework.beans.factory.annotation.InjectionMetadata.inject(InjectionMetadata.java:130) ~[spring-beans-5.2.7.RELEASE.jar:5.2.7.RELEASE]
	at org.springframework.beans.factory.annotation.AutowiredAnnotationBeanPostProcessor.postProcessProperties(AutowiredAnnotationBeanPostProcessor.java:399) ~[spring-beans-5.2.7.RELEASE.jar:5.2.7.RELEASE]
	at org.springframework.beans.factory.support.AbstractAutowireCapableBeanFactory.populateBean(AbstractAutowireCapableBeanFactory.java:1422) ~[spring-beans-5.2.7.RELEASE.jar:5.2.7.RELEASE]
	at org.springframework.beans.factory.support.AbstractAutowireCapableBeanFactory.doCreateBean(AbstractAutowireCapableBeanFactory.java:594) ~[spring-beans-5.2.7.RELEASE.jar:5.2.7.RELEASE]
	at org.springframework.beans.factory.support.AbstractAutowireCapableBeanFactory.createBean(AbstractAutowireCapableBeanFactory.java:517) ~[spring-beans-5.2.7.RELEASE.jar:5.2.7.RELEASE]
	at org.springframework.beans.factory.support.AbstractBeanFactory.lambda$doGetBean$0(AbstractBeanFactory.java:323) ~[spring-beans-5.2.7.RELEASE.jar:5.2.7.RELEASE]
	at org.springframework.beans.factory.support.DefaultSingletonBeanRegistry.getSingleton(DefaultSingletonBeanRegistry.java:226) ~[spring-beans-5.2.7.RELEASE.jar:5.2.7.RELEASE]
	at org.springframework.beans.factory.support.AbstractBeanFactory.doGetBean(AbstractBeanFactory.java:321) ~[spring-beans-5.2.7.RELEASE.jar:5.2.7.RELEASE]
	at org.springframework.beans.factory.support.AbstractBeanFactory.getBean(AbstractBeanFactory.java:202) ~[spring-beans-5.2.7.RELEASE.jar:5.2.7.RELEASE]
	at org.springframework.beans.factory.support.DefaultListableBeanFactory.preInstantiateSingletons(DefaultListableBeanFactory.java:893) ~[spring-beans-5.2.7.RELEASE.jar:5.2.7.RELEASE]
	at org.springframework.context.support.AbstractApplicationContext.finishBeanFactoryInitialization(AbstractApplicationContext.java:879) ~[spring-context-5.2.7.RELEASE.jar:5.2.7.RELEASE]
	at org.springframework.context.support.AbstractApplicationContext.refresh(AbstractApplicationContext.java:551) ~[spring-context-5.2.7.RELEASE.jar:5.2.7.RELEASE]
	at org.springframework.boot.SpringApplication.refresh(SpringApplication.java:758) ~[spring-boot-2.3.1.RELEASE.jar:2.3.1.RELEASE]
	at org.springframework.boot.SpringApplication.refresh(SpringApplication.java:750) ~[spring-boot-2.3.1.RELEASE.jar:2.3.1.RELEASE]
	at org.springframework.boot.SpringApplication.refreshContext(SpringApplication.java:397) ~[spring-boot-2.3.1.RELEASE.jar:2.3.1.RELEASE]
	at org.springframework.boot.SpringApplication.run(SpringApplication.java:315) ~[spring-boot-2.3.1.RELEASE.jar:2.3.1.RELEASE]
	at org.springframework.boot.test.context.SpringBootContextLoader.loadContext(SpringBootContextLoader.java:120) ~[spring-boot-test-2.3.1.RELEASE.jar:2.3.1.RELEASE]
	at org.springframework.test.context.cache.DefaultCacheAwareContextLoaderDelegate.loadContextInternal(DefaultCacheAwareContextLoaderDelegate.java:99) ~[spring-test-5.2.7.RELEASE.jar:5.2.7.RELEASE]
	at org.springframework.test.context.cache.DefaultCacheAwareContextLoaderDelegate.loadContext(DefaultCacheAwareContextLoaderDelegate.java:124) ~[spring-test-5.2.7.RELEASE.jar:5.2.7.RELEASE]
	... 46 more
Caused by: org.apache.ibatis.type.TypeException: Could not resolve type alias 'cn.jackbin.SimpleRecord.dto.BudgetExecutionDTO'.  Cause: java.lang.ClassNotFoundException: Cannot find class: cn.jackbin.SimpleRecord.dto.BudgetExecutionDTO
	at org.apache.ibatis.type.TypeAliasRegistry.resolveAlias(TypeAliasRegistry.java:120) ~[mybatis-3.5.4.jar:3.5.4]
	at org.apache.ibatis.builder.BaseBuilder.resolveAlias(BaseBuilder.java:149) ~[mybatis-3.5.4.jar:3.5.4]
	at org.apache.ibatis.builder.BaseBuilder.resolveClass(BaseBuilder.java:116) ~[mybatis-3.5.4.jar:3.5.4]
	at org.apache.ibatis.builder.xml.XMLStatementBuilder.parseStatementNode(XMLStatementBuilder.java:102) ~[mybatis-3.5.4.jar:3.5.4]
	at org.apache.ibatis.builder.xml.XMLMapperBuilder.buildStatementFromContext(XMLMapperBuilder.java:137) ~[mybatis-3.5.4.jar:3.5.4]
	at org.apache.ibatis.builder.xml.XMLMapperBuilder.buildStatementFromContext(XMLMapperBuilder.java:130) ~[mybatis-3.5.4.jar:3.5.4]
	at org.apache.ibatis.builder.xml.XMLMapperBuilder.configurationElement(XMLMapperBuilder.java:120) ~[mybatis-3.5.4.jar:3.5.4]
	at org.apache.ibatis.builder.xml.XMLMapperBuilder.parse(XMLMapperBuilder.java:94) ~[mybatis-3.5.4.jar:3.5.4]
	at com.baomidou.mybatisplus.extension.spring.MybatisSqlSessionFactoryBean.buildSqlSessionFactory(MybatisSqlSessionFactoryBean.java:591) ~[mybatis-plus-extension-3.3.2.jar:3.3.2]
	at com.baomidou.mybatisplus.extension.spring.MybatisSqlSessionFactoryBean.afterPropertiesSet(MybatisSqlSessionFactoryBean.java:429) ~[mybatis-plus-extension-3.3.2.jar:3.3.2]
	at com.baomidou.mybatisplus.extension.spring.MybatisSqlSessionFactoryBean.getObject(MybatisSqlSessionFactoryBean.java:626) ~[mybatis-plus-extension-3.3.2.jar:3.3.2]
	at com.baomidou.mybatisplus.autoconfigure.MybatisPlusAutoConfiguration.sqlSessionFactory(MybatisPlusAutoConfiguration.java:215) ~[mybatis-plus-boot-starter-3.3.2.jar:3.3.2]
	at com.baomidou.mybatisplus.autoconfigure.MybatisPlusAutoConfiguration$$EnhancerBySpringCGLIB$$f1427f39.CGLIB$sqlSessionFactory$1(<generated>) ~[mybatis-plus-boot-starter-3.3.2.jar:3.3.2]
	at com.baomidou.mybatisplus.autoconfigure.MybatisPlusAutoConfiguration$$EnhancerBySpringCGLIB$$f1427f39$$FastClassBySpringCGLIB$$38ba60c2.invoke(<generated>) ~[mybatis-plus-boot-starter-3.3.2.jar:3.3.2]
	at org.springframework.cglib.proxy.MethodProxy.invokeSuper(MethodProxy.java:244) ~[spring-core-5.2.7.RELEASE.jar:5.2.7.RELEASE]
	at org.springframework.context.annotation.ConfigurationClassEnhancer$BeanMethodInterceptor.intercept(ConfigurationClassEnhancer.java:331) ~[spring-context-5.2.7.RELEASE.jar:5.2.7.RELEASE]
	at com.baomidou.mybatisplus.autoconfigure.MybatisPlusAutoConfiguration$$EnhancerBySpringCGLIB$$f1427f39.sqlSessionFactory(<generated>) ~[mybatis-plus-boot-starter-3.3.2.jar:3.3.2]
	at jdk.internal.reflect.NativeMethodAccessorImpl.invoke0(Native Method) ~[?:?]
	at jdk.internal.reflect.NativeMethodAccessorImpl.invoke(NativeMethodAccessorImpl.java:77) ~[?:?]
	at jdk.internal.reflect.DelegatingMethodAccessorImpl.invoke(DelegatingMethodAccessorImpl.java:43) ~[?:?]
	at java.lang.reflect.Method.invoke(Method.java:569) ~[?:?]
	at org.springframework.beans.factory.support.SimpleInstantiationStrategy.instantiate(SimpleInstantiationStrategy.java:154) ~[spring-beans-5.2.7.RELEASE.jar:5.2.7.RELEASE]
	at org.springframework.beans.factory.support.ConstructorResolver.instantiate(ConstructorResolver.java:650) ~[spring-beans-5.2.7.RELEASE.jar:5.2.7.RELEASE]
	at org.springframework.beans.factory.support.ConstructorResolver.instantiateUsingFactoryMethod(ConstructorResolver.java:635) ~[spring-beans-5.2.7.RELEASE.jar:5.2.7.RELEASE]
	at org.springframework.beans.factory.support.AbstractAutowireCapableBeanFactory.instantiateUsingFactoryMethod(AbstractAutowireCapableBeanFactory.java:1338) ~[spring-beans-5.2.7.RELEASE.jar:5.2.7.RELEASE]
	at org.springframework.beans.factory.support.AbstractAutowireCapableBeanFactory.createBeanInstance(AbstractAutowireCapableBeanFactory.java:1177) ~[spring-beans-5.2.7.RELEASE.jar:5.2.7.RELEASE]
	at org.springframework.beans.factory.support.AbstractAutowireCapableBeanFactory.doCreateBean(AbstractAutowireCapableBeanFactory.java:557) ~[spring-beans-5.2.7.RELEASE.jar:5.2.7.RELEASE]
	at org.springframework.beans.factory.support.AbstractAutowireCapableBeanFactory.createBean(AbstractAutowireCapableBeanFactory.java:517) ~[spring-beans-5.2.7.RELEASE.jar:5.2.7.RELEASE]
	at org.springframework.beans.factory.support.AbstractBeanFactory.lambda$doGetBean$0(AbstractBeanFactory.java:323) ~[spring-beans-5.2.7.RELEASE.jar:5.2.7.RELEASE]
	at org.springframework.beans.factory.support.DefaultSingletonBeanRegistry.getSingleton(DefaultSingletonBeanRegistry.java:226) ~[spring-beans-5.2.7.RELEASE.jar:5.2.7.RELEASE]
	at org.springframework.beans.factory.support.AbstractBeanFactory.doGetBean(AbstractBeanFactory.java:321) ~[spring-beans-5.2.7.RELEASE.jar:5.2.7.RELEASE]
	at org.springframework.beans.factory.support.AbstractBeanFactory.getBean(AbstractBeanFactory.java:202) ~[spring-beans-5.2.7.RELEASE.jar:5.2.7.RELEASE]
	at org.springframework.beans.factory.config.DependencyDescriptor.resolveCandidate(DependencyDescriptor.java:276) ~[spring-beans-5.2.7.RELEASE.jar:5.2.7.RELEASE]
	at org.springframework.beans.factory.support.DefaultListableBeanFactory.doResolveDependency(DefaultListableBeanFactory.java:1304) ~[spring-beans-5.2.7.RELEASE.jar:5.2.7.RELEASE]
	at org.springframework.beans.factory.support.DefaultListableBeanFactory.resolveDependency(DefaultListableBeanFactory.java:1224) ~[spring-beans-5.2.7.RELEASE.jar:5.2.7.RELEASE]
	at org.springframework.beans.factory.support.AbstractAutowireCapableBeanFactory.autowireByType(AbstractAutowireCapableBeanFactory.java:1511) ~[spring-beans-5.2.7.RELEASE.jar:5.2.7.RELEASE]
	at org.springframework.beans.factory.support.AbstractAutowireCapableBeanFactory.populateBean(AbstractAutowireCapableBeanFactory.java:1406) ~[spring-beans-5.2.7.RELEASE.jar:5.2.7.RELEASE]
	at org.springframework.beans.factory.support.AbstractAutowireCapableBeanFactory.doCreateBean(AbstractAutowireCapableBeanFactory.java:594) ~[spring-beans-5.2.7.RELEASE.jar:5.2.7.RELEASE]
	at org.springframework.beans.factory.support.AbstractAutowireCapableBeanFactory.createBean(AbstractAutowireCapableBeanFactory.java:517) ~[spring-beans-5.2.7.RELEASE.jar:5.2.7.RELEASE]
	at org.springframework.beans.factory.support.AbstractBeanFactory.lambda$doGetBean$0(AbstractBeanFactory.java:323) ~[spring-beans-5.2.7.RELEASE.jar:5.2.7.RELEASE]
	at org.springframework.beans.factory.support.DefaultSingletonBeanRegistry.getSingleton(DefaultSingletonBeanRegistry.java:226) ~[spring-beans-5.2.7.RELEASE.jar:5.2.7.RELEASE]
	at org.springframework.beans.factory.support.AbstractBeanFactory.doGetBean(AbstractBeanFactory.java:321) ~[spring-beans-5.2.7.RELEASE.jar:5.2.7.RELEASE]
	at org.springframework.beans.factory.support.AbstractBeanFactory.getBean(AbstractBeanFactory.java:202) ~[spring-beans-5.2.7.RELEASE.jar:5.2.7.RELEASE]
	at org.springframework.beans.factory.config.DependencyDescriptor.resolveCandidate(DependencyDescriptor.java:276) ~[spring-beans-5.2.7.RELEASE.jar:5.2.7.RELEASE]
	at org.springframework.beans.factory.support.DefaultListableBeanFactory.doResolveDependency(DefaultListableBeanFactory.java:1304) ~[spring-beans-5.2.7.RELEASE.jar:5.2.7.RELEASE]
	at org.springframework.beans.factory.support.DefaultListableBeanFactory.resolveDependency(DefaultListableBeanFactory.java:1224) ~[spring-beans-5.2.7.RELEASE.jar:5.2.7.RELEASE]
	at org.springframework.beans.factory.annotation.AutowiredAnnotationBeanPostProcessor$AutowiredFieldElement.inject(AutowiredAnnotationBeanPostProcessor.java:640) ~[spring-beans-5.2.7.RELEASE.jar:5.2.7.RELEASE]
	at org.springframework.beans.factory.annotation.InjectionMetadata.inject(InjectionMetadata.java:130) ~[spring-beans-5.2.7.RELEASE.jar:5.2.7.RELEASE]
	at org.springframework.beans.factory.annotation.AutowiredAnnotationBeanPostProcessor.postProcessProperties(AutowiredAnnotationBeanPostProcessor.java:399) ~[spring-beans-5.2.7.RELEASE.jar:5.2.7.RELEASE]
	at org.springframework.beans.factory.support.AbstractAutowireCapableBeanFactory.populateBean(AbstractAutowireCapableBeanFactory.java:1422) ~[spring-beans-5.2.7.RELEASE.jar:5.2.7.RELEASE]
	at org.springframework.beans.factory.support.AbstractAutowireCapableBeanFactory.doCreateBean(AbstractAutowireCapableBeanFactory.java:594) ~[spring-beans-5.2.7.RELEASE.jar:5.2.7.RELEASE]
	at org.springframework.beans.factory.support.AbstractAutowireCapableBeanFactory.createBean(AbstractAutowireCapableBeanFactory.java:517) ~[spring-beans-5.2.7.RELEASE.jar:5.2.7.RELEASE]
	at org.springframework.beans.factory.support.AbstractBeanFactory.lambda$doGetBean$0(AbstractBeanFactory.java:323) ~[spring-beans-5.2.7.RELEASE.jar:5.2.7.RELEASE]
	at org.springframework.beans.factory.support.DefaultSingletonBeanRegistry.getSingleton(DefaultSingletonBeanRegistry.java:226) ~[spring-beans-5.2.7.RELEASE.jar:5.2.7.RELEASE]
	at org.springframework.beans.factory.support.AbstractBeanFactory.doGetBean(AbstractBeanFactory.java:321) ~[spring-beans-5.2.7.RELEASE.jar:5.2.7.RELEASE]
	at org.springframework.beans.factory.support.AbstractBeanFactory.getBean(AbstractBeanFactory.java:202) ~[spring-beans-5.2.7.RELEASE.jar:5.2.7.RELEASE]
	at org.springframework.beans.factory.config.DependencyDescriptor.resolveCandidate(DependencyDescriptor.java:276) ~[spring-beans-5.2.7.RELEASE.jar:5.2.7.RELEASE]
	at org.springframework.beans.factory.support.DefaultListableBeanFactory.doResolveDependency(DefaultListableBeanFactory.java:1304) ~[spring-beans-5.2.7.RELEASE.jar:5.2.7.RELEASE]
	at org.springframework.beans.factory.support.DefaultListableBeanFactory.resolveDependency(DefaultListableBeanFactory.java:1224) ~[spring-beans-5.2.7.RELEASE.jar:5.2.7.RELEASE]
	at org.springframework.beans.factory.annotation.AutowiredAnnotationBeanPostProcessor$AutowiredFieldElement.inject(AutowiredAnnotationBeanPostProcessor.java:640) ~[spring-beans-5.2.7.RELEASE.jar:5.2.7.RELEASE]
	at org.springframework.beans.factory.annotation.InjectionMetadata.inject(InjectionMetadata.java:130) ~[spring-beans-5.2.7.RELEASE.jar:5.2.7.RELEASE]
	at org.springframework.beans.factory.annotation.AutowiredAnnotationBeanPostProcessor.postProcessProperties(AutowiredAnnotationBeanPostProcessor.java:399) ~[spring-beans-5.2.7.RELEASE.jar:5.2.7.RELEASE]
	at org.springframework.beans.factory.support.AbstractAutowireCapableBeanFactory.populateBean(AbstractAutowireCapableBeanFactory.java:1422) ~[spring-beans-5.2.7.RELEASE.jar:5.2.7.RELEASE]
	at org.springframework.beans.factory.support.AbstractAutowireCapableBeanFactory.doCreateBean(AbstractAutowireCapableBeanFactory.java:594) ~[spring-beans-5.2.7.RELEASE.jar:5.2.7.RELEASE]
	at org.springframework.beans.factory.support.AbstractAutowireCapableBeanFactory.createBean(AbstractAutowireCapableBeanFactory.java:517) ~[spring-beans-5.2.7.RELEASE.jar:5.2.7.RELEASE]
	at org.springframework.beans.factory.support.AbstractBeanFactory.lambda$doGetBean$0(AbstractBeanFactory.java:323) ~[spring-beans-5.2.7.RELEASE.jar:5.2.7.RELEASE]
	at org.springframework.beans.factory.support.DefaultSingletonBeanRegistry.getSingleton(DefaultSingletonBeanRegistry.java:226) ~[spring-beans-5.2.7.RELEASE.jar:5.2.7.RELEASE]
	at org.springframework.beans.factory.support.AbstractBeanFactory.doGetBean(AbstractBeanFactory.java:321) ~[spring-beans-5.2.7.RELEASE.jar:5.2.7.RELEASE]
	at org.springframework.beans.factory.support.AbstractBeanFactory.getBean(AbstractBeanFactory.java:202) ~[spring-beans-5.2.7.RELEASE.jar:5.2.7.RELEASE]
	at org.springframework.beans.factory.support.DefaultListableBeanFactory.preInstantiateSingletons(DefaultListableBeanFactory.java:893) ~[spring-beans-5.2.7.RELEASE.jar:5.2.7.RELEASE]
	at org.springframework.context.support.AbstractApplicationContext.finishBeanFactoryInitialization(AbstractApplicationContext.java:879) ~[spring-context-5.2.7.RELEASE.jar:5.2.7.RELEASE]
	at org.springframework.context.support.AbstractApplicationContext.refresh(AbstractApplicationContext.java:551) ~[spring-context-5.2.7.RELEASE.jar:5.2.7.RELEASE]
	at org.springframework.boot.SpringApplication.refresh(SpringApplication.java:758) ~[spring-boot-2.3.1.RELEASE.jar:2.3.1.RELEASE]
	at org.springframework.boot.SpringApplication.refresh(SpringApplication.java:750) ~[spring-boot-2.3.1.RELEASE.jar:2.3.1.RELEASE]
	at org.springframework.boot.SpringApplication.refreshContext(SpringApplication.java:397) ~[spring-boot-2.3.1.RELEASE.jar:2.3.1.RELEASE]
	at org.springframework.boot.SpringApplication.run(SpringApplication.java:315) ~[spring-boot-2.3.1.RELEASE.jar:2.3.1.RELEASE]
	at org.springframework.boot.test.context.SpringBootContextLoader.loadContext(SpringBootContextLoader.java:120) ~[spring-boot-test-2.3.1.RELEASE.jar:2.3.1.RELEASE]
	at org.springframework.test.context.cache.DefaultCacheAwareContextLoaderDelegate.loadContextInternal(DefaultCacheAwareContextLoaderDelegate.java:99) ~[spring-test-5.2.7.RELEASE.jar:5.2.7.RELEASE]
	at org.springframework.test.context.cache.DefaultCacheAwareContextLoaderDelegate.loadContext(DefaultCacheAwareContextLoaderDelegate.java:124) ~[spring-test-5.2.7.RELEASE.jar:5.2.7.RELEASE]
	... 46 more
Caused by: java.lang.ClassNotFoundException: Cannot find class: cn.jackbin.SimpleRecord.dto.BudgetExecutionDTO
	at org.apache.ibatis.io.ClassLoaderWrapper.classForName(ClassLoaderWrapper.java:200) ~[mybatis-3.5.4.jar:3.5.4]
	at org.apache.ibatis.io.ClassLoaderWrapper.classForName(ClassLoaderWrapper.java:89) ~[mybatis-3.5.4.jar:3.5.4]
	at org.apache.ibatis.io.Resources.classForName(Resources.java:261) ~[mybatis-3.5.4.jar:3.5.4]
	at org.apache.ibatis.type.TypeAliasRegistry.resolveAlias(TypeAliasRegistry.java:116) ~[mybatis-3.5.4.jar:3.5.4]
	at org.apache.ibatis.builder.BaseBuilder.resolveAlias(BaseBuilder.java:149) ~[mybatis-3.5.4.jar:3.5.4]
	at org.apache.ibatis.builder.BaseBuilder.resolveClass(BaseBuilder.java:116) ~[mybatis-3.5.4.jar:3.5.4]
	at org.apache.ibatis.builder.xml.XMLStatementBuilder.parseStatementNode(XMLStatementBuilder.java:102) ~[mybatis-3.5.4.jar:3.5.4]
	at org.apache.ibatis.builder.xml.XMLMapperBuilder.buildStatementFromContext(XMLMapperBuilder.java:137) ~[mybatis-3.5.4.jar:3.5.4]
	at org.apache.ibatis.builder.xml.XMLMapperBuilder.buildStatementFromContext(XMLMapperBuilder.java:130) ~[mybatis-3.5.4.jar:3.5.4]
	at org.apache.ibatis.builder.xml.XMLMapperBuilder.configurationElement(XMLMapperBuilder.java:120) ~[mybatis-3.5.4.jar:3.5.4]
	at org.apache.ibatis.builder.xml.XMLMapperBuilder.parse(XMLMapperBuilder.java:94) ~[mybatis-3.5.4.jar:3.5.4]
	at com.baomidou.mybatisplus.extension.spring.MybatisSqlSessionFactoryBean.buildSqlSessionFactory(MybatisSqlSessionFactoryBean.java:591) ~[mybatis-plus-extension-3.3.2.jar:3.3.2]
	at com.baomidou.mybatisplus.extension.spring.MybatisSqlSessionFactoryBean.afterPropertiesSet(MybatisSqlSessionFactoryBean.java:429) ~[mybatis-plus-extension-3.3.2.jar:3.3.2]
	at com.baomidou.mybatisplus.extension.spring.MybatisSqlSessionFactoryBean.getObject(MybatisSqlSessionFactoryBean.java:626) ~[mybatis-plus-extension-3.3.2.jar:3.3.2]
	at com.baomidou.mybatisplus.autoconfigure.MybatisPlusAutoConfiguration.sqlSessionFactory(MybatisPlusAutoConfiguration.java:215) ~[mybatis-plus-boot-starter-3.3.2.jar:3.3.2]
	at com.baomidou.mybatisplus.autoconfigure.MybatisPlusAutoConfiguration$$EnhancerBySpringCGLIB$$f1427f39.CGLIB$sqlSessionFactory$1(<generated>) ~[mybatis-plus-boot-starter-3.3.2.jar:3.3.2]
	at com.baomidou.mybatisplus.autoconfigure.MybatisPlusAutoConfiguration$$EnhancerBySpringCGLIB$$f1427f39$$FastClassBySpringCGLIB$$38ba60c2.invoke(<generated>) ~[mybatis-plus-boot-starter-3.3.2.jar:3.3.2]
	at org.springframework.cglib.proxy.MethodProxy.invokeSuper(MethodProxy.java:244) ~[spring-core-5.2.7.RELEASE.jar:5.2.7.RELEASE]
	at org.springframework.context.annotation.ConfigurationClassEnhancer$BeanMethodInterceptor.intercept(ConfigurationClassEnhancer.java:331) ~[spring-context-5.2.7.RELEASE.jar:5.2.7.RELEASE]
	at com.baomidou.mybatisplus.autoconfigure.MybatisPlusAutoConfiguration$$EnhancerBySpringCGLIB$$f1427f39.sqlSessionFactory(<generated>) ~[mybatis-plus-boot-starter-3.3.2.jar:3.3.2]
	at jdk.internal.reflect.NativeMethodAccessorImpl.invoke0(Native Method) ~[?:?]
	at jdk.internal.reflect.NativeMethodAccessorImpl.invoke(NativeMethodAccessorImpl.java:77) ~[?:?]
	at jdk.internal.reflect.DelegatingMethodAccessorImpl.invoke(DelegatingMethodAccessorImpl.java:43) ~[?:?]
	at java.lang.reflect.Method.invoke(Method.java:569) ~[?:?]
	at org.springframework.beans.factory.support.SimpleInstantiationStrategy.instantiate(SimpleInstantiationStrategy.java:154) ~[spring-beans-5.2.7.RELEASE.jar:5.2.7.RELEASE]
	at org.springframework.beans.factory.support.ConstructorResolver.instantiate(ConstructorResolver.java:650) ~[spring-beans-5.2.7.RELEASE.jar:5.2.7.RELEASE]
	at org.springframework.beans.factory.support.ConstructorResolver.instantiateUsingFactoryMethod(ConstructorResolver.java:635) ~[spring-beans-5.2.7.RELEASE.jar:5.2.7.RELEASE]
	at org.springframework.beans.factory.support.AbstractAutowireCapableBeanFactory.instantiateUsingFactoryMethod(AbstractAutowireCapableBeanFactory.java:1338) ~[spring-beans-5.2.7.RELEASE.jar:5.2.7.RELEASE]
	at org.springframework.beans.factory.support.AbstractAutowireCapableBeanFactory.createBeanInstance(AbstractAutowireCapableBeanFactory.java:1177) ~[spring-beans-5.2.7.RELEASE.jar:5.2.7.RELEASE]
	at org.springframework.beans.factory.support.AbstractAutowireCapableBeanFactory.doCreateBean(AbstractAutowireCapableBeanFactory.java:557) ~[spring-beans-5.2.7.RELEASE.jar:5.2.7.RELEASE]
	at org.springframework.beans.factory.support.AbstractAutowireCapableBeanFactory.createBean(AbstractAutowireCapableBeanFactory.java:517) ~[spring-beans-5.2.7.RELEASE.jar:5.2.7.RELEASE]
	at org.springframework.beans.factory.support.AbstractBeanFactory.lambda$doGetBean$0(AbstractBeanFactory.java:323) ~[spring-beans-5.2.7.RELEASE.jar:5.2.7.RELEASE]
	at org.springframework.beans.factory.support.DefaultSingletonBeanRegistry.getSingleton(DefaultSingletonBeanRegistry.java:226) ~[spring-beans-5.2.7.RELEASE.jar:5.2.7.RELEASE]
	at org.springframework.beans.factory.support.AbstractBeanFactory.doGetBean(AbstractBeanFactory.java:321) ~[spring-beans-5.2.7.RELEASE.jar:5.2.7.RELEASE]
	at org.springframework.beans.factory.support.AbstractBeanFactory.getBean(AbstractBeanFactory.java:202) ~[spring-beans-5.2.7.RELEASE.jar:5.2.7.RELEASE]
	at org.springframework.beans.factory.config.DependencyDescriptor.resolveCandidate(DependencyDescriptor.java:276) ~[spring-beans-5.2.7.RELEASE.jar:5.2.7.RELEASE]
	at org.springframework.beans.factory.support.DefaultListableBeanFactory.doResolveDependency(DefaultListableBeanFactory.java:1304) ~[spring-beans-5.2.7.RELEASE.jar:5.2.7.RELEASE]
	at org.springframework.beans.factory.support.DefaultListableBeanFactory.resolveDependency(DefaultListableBeanFactory.java:1224) ~[spring-beans-5.2.7.RELEASE.jar:5.2.7.RELEASE]
	at org.springframework.beans.factory.support.AbstractAutowireCapableBeanFactory.autowireByType(AbstractAutowireCapableBeanFactory.java:1511) ~[spring-beans-5.2.7.RELEASE.jar:5.2.7.RELEASE]
	at org.springframework.beans.factory.support.AbstractAutowireCapableBeanFactory.populateBean(AbstractAutowireCapableBeanFactory.java:1406) ~[spring-beans-5.2.7.RELEASE.jar:5.2.7.RELEASE]
	at org.springframework.beans.factory.support.AbstractAutowireCapableBeanFactory.doCreateBean(AbstractAutowireCapableBeanFactory.java:594) ~[spring-beans-5.2.7.RELEASE.jar:5.2.7.RELEASE]
	at org.springframework.beans.factory.support.AbstractAutowireCapableBeanFactory.createBean(AbstractAutowireCapableBeanFactory.java:517) ~[spring-beans-5.2.7.RELEASE.jar:5.2.7.RELEASE]
	at org.springframework.beans.factory.support.AbstractBeanFactory.lambda$doGetBean$0(AbstractBeanFactory.java:323) ~[spring-beans-5.2.7.RELEASE.jar:5.2.7.RELEASE]
	at org.springframework.beans.factory.support.DefaultSingletonBeanRegistry.getSingleton(DefaultSingletonBeanRegistry.java:226) ~[spring-beans-5.2.7.RELEASE.jar:5.2.7.RELEASE]
	at org.springframework.beans.factory.support.AbstractBeanFactory.doGetBean(AbstractBeanFactory.java:321) ~[spring-beans-5.2.7.RELEASE.jar:5.2.7.RELEASE]
	at org.springframework.beans.factory.support.AbstractBeanFactory.getBean(AbstractBeanFactory.java:202) ~[spring-beans-5.2.7.RELEASE.jar:5.2.7.RELEASE]
	at org.springframework.beans.factory.config.DependencyDescriptor.resolveCandidate(DependencyDescriptor.java:276) ~[spring-beans-5.2.7.RELEASE.jar:5.2.7.RELEASE]
	at org.springframework.beans.factory.support.DefaultListableBeanFactory.doResolveDependency(DefaultListableBeanFactory.java:1304) ~[spring-beans-5.2.7.RELEASE.jar:5.2.7.RELEASE]
	at org.springframework.beans.factory.support.DefaultListableBeanFactory.resolveDependency(DefaultListableBeanFactory.java:1224) ~[spring-beans-5.2.7.RELEASE.jar:5.2.7.RELEASE]
	at org.springframework.beans.factory.annotation.AutowiredAnnotationBeanPostProcessor$AutowiredFieldElement.inject(AutowiredAnnotationBeanPostProcessor.java:640) ~[spring-beans-5.2.7.RELEASE.jar:5.2.7.RELEASE]
	at org.springframework.beans.factory.annotation.InjectionMetadata.inject(InjectionMetadata.java:130) ~[spring-beans-5.2.7.RELEASE.jar:5.2.7.RELEASE]
	at org.springframework.beans.factory.annotation.AutowiredAnnotationBeanPostProcessor.postProcessProperties(AutowiredAnnotationBeanPostProcessor.java:399) ~[spring-beans-5.2.7.RELEASE.jar:5.2.7.RELEASE]
	at org.springframework.beans.factory.support.AbstractAutowireCapableBeanFactory.populateBean(AbstractAutowireCapableBeanFactory.java:1422) ~[spring-beans-5.2.7.RELEASE.jar:5.2.7.RELEASE]
	at org.springframework.beans.factory.support.AbstractAutowireCapableBeanFactory.doCreateBean(AbstractAutowireCapableBeanFactory.java:594) ~[spring-beans-5.2.7.RELEASE.jar:5.2.7.RELEASE]
	at org.springframework.beans.factory.support.AbstractAutowireCapableBeanFactory.createBean(AbstractAutowireCapableBeanFactory.java:517) ~[spring-beans-5.2.7.RELEASE.jar:5.2.7.RELEASE]
	at org.springframework.beans.factory.support.AbstractBeanFactory.lambda$doGetBean$0(AbstractBeanFactory.java:323) ~[spring-beans-5.2.7.RELEASE.jar:5.2.7.RELEASE]
	at org.springframework.beans.factory.support.DefaultSingletonBeanRegistry.getSingleton(DefaultSingletonBeanRegistry.java:226) ~[spring-beans-5.2.7.RELEASE.jar:5.2.7.RELEASE]
	at org.springframework.beans.factory.support.AbstractBeanFactory.doGetBean(AbstractBeanFactory.java:321) ~[spring-beans-5.2.7.RELEASE.jar:5.2.7.RELEASE]
	at org.springframework.beans.factory.support.AbstractBeanFactory.getBean(AbstractBeanFactory.java:202) ~[spring-beans-5.2.7.RELEASE.jar:5.2.7.RELEASE]
	at org.springframework.beans.factory.config.DependencyDescriptor.resolveCandidate(DependencyDescriptor.java:276) ~[spring-beans-5.2.7.RELEASE.jar:5.2.7.RELEASE]
	at org.springframework.beans.factory.support.DefaultListableBeanFactory.doResolveDependency(DefaultListableBeanFactory.java:1304) ~[spring-beans-5.2.7.RELEASE.jar:5.2.7.RELEASE]
	at org.springframework.beans.factory.support.DefaultListableBeanFactory.resolveDependency(DefaultListableBeanFactory.java:1224) ~[spring-beans-5.2.7.RELEASE.jar:5.2.7.RELEASE]
	at org.springframework.beans.factory.annotation.AutowiredAnnotationBeanPostProcessor$AutowiredFieldElement.inject(AutowiredAnnotationBeanPostProcessor.java:640) ~[spring-beans-5.2.7.RELEASE.jar:5.2.7.RELEASE]
	at org.springframework.beans.factory.annotation.InjectionMetadata.inject(InjectionMetadata.java:130) ~[spring-beans-5.2.7.RELEASE.jar:5.2.7.RELEASE]
	at org.springframework.beans.factory.annotation.AutowiredAnnotationBeanPostProcessor.postProcessProperties(AutowiredAnnotationBeanPostProcessor.java:399) ~[spring-beans-5.2.7.RELEASE.jar:5.2.7.RELEASE]
	at org.springframework.beans.factory.support.AbstractAutowireCapableBeanFactory.populateBean(AbstractAutowireCapableBeanFactory.java:1422) ~[spring-beans-5.2.7.RELEASE.jar:5.2.7.RELEASE]
	at org.springframework.beans.factory.support.AbstractAutowireCapableBeanFactory.doCreateBean(AbstractAutowireCapableBeanFactory.java:594) ~[spring-beans-5.2.7.RELEASE.jar:5.2.7.RELEASE]
	at org.springframework.beans.factory.support.AbstractAutowireCapableBeanFactory.createBean(AbstractAutowireCapableBeanFactory.java:517) ~[spring-beans-5.2.7.RELEASE.jar:5.2.7.RELEASE]
	at org.springframework.beans.factory.support.AbstractBeanFactory.lambda$doGetBean$0(AbstractBeanFactory.java:323) ~[spring-beans-5.2.7.RELEASE.jar:5.2.7.RELEASE]
	at org.springframework.beans.factory.support.DefaultSingletonBeanRegistry.getSingleton(DefaultSingletonBeanRegistry.java:226) ~[spring-beans-5.2.7.RELEASE.jar:5.2.7.RELEASE]
	at org.springframework.beans.factory.support.AbstractBeanFactory.doGetBean(AbstractBeanFactory.java:321) ~[spring-beans-5.2.7.RELEASE.jar:5.2.7.RELEASE]
	at org.springframework.beans.factory.support.AbstractBeanFactory.getBean(AbstractBeanFactory.java:202) ~[spring-beans-5.2.7.RELEASE.jar:5.2.7.RELEASE]
	at org.springframework.beans.factory.support.DefaultListableBeanFactory.preInstantiateSingletons(DefaultListableBeanFactory.java:893) ~[spring-beans-5.2.7.RELEASE.jar:5.2.7.RELEASE]
	at org.springframework.context.support.AbstractApplicationContext.finishBeanFactoryInitialization(AbstractApplicationContext.java:879) ~[spring-context-5.2.7.RELEASE.jar:5.2.7.RELEASE]
	at org.springframework.context.support.AbstractApplicationContext.refresh(AbstractApplicationContext.java:551) ~[spring-context-5.2.7.RELEASE.jar:5.2.7.RELEASE]
	at org.springframework.boot.SpringApplication.refresh(SpringApplication.java:758) ~[spring-boot-2.3.1.RELEASE.jar:2.3.1.RELEASE]
	at org.springframework.boot.SpringApplication.refresh(SpringApplication.java:750) ~[spring-boot-2.3.1.RELEASE.jar:2.3.1.RELEASE]
	at org.springframework.boot.SpringApplication.refreshContext(SpringApplication.java:397) ~[spring-boot-2.3.1.RELEASE.jar:2.3.1.RELEASE]
	at org.springframework.boot.SpringApplication.run(SpringApplication.java:315) ~[spring-boot-2.3.1.RELEASE.jar:2.3.1.RELEASE]
	at org.springframework.boot.test.context.SpringBootContextLoader.loadContext(SpringBootContextLoader.java:120) ~[spring-boot-test-2.3.1.RELEASE.jar:2.3.1.RELEASE]
	at org.springframework.test.context.cache.DefaultCacheAwareContextLoaderDelegate.loadContextInternal(DefaultCacheAwareContextLoaderDelegate.java:99) ~[spring-test-5.2.7.RELEASE.jar:5.2.7.RELEASE]
	at org.springframework.test.context.cache.DefaultCacheAwareContextLoaderDelegate.loadContext(DefaultCacheAwareContextLoaderDelegate.java:124) ~[spring-test-5.2.7.RELEASE.jar:5.2.7.RELEASE]
	... 46 more
